0,YAL051W
1,YBL005W
2,YBL054W
3,YBL103C
4,YBR033W
5,YBR049C
6,YBR083W
7,YBR112C
8,YBR182C
9,YBR240C
10,YBR297W
11,YCL066W
12,YCL067C
13,YCR018C
14,YCR040W
15,YCR065W
16,YCR096C
17,YCR097W
18,YCR106W
19,YDL020C
20,YDL048C
21,YDL056W
22,YDL106C
23,YDL170W
24,YDR026C
25,YDR034C
26,YDR043C
27,YDR049W
28,YDR081C
29,YDR123C
30,YDR146C
31,YDR207C
32,YDR213W
33,YDR216W
34,YDR253C
35,YDR259C
36,YDR266C
37,YDR310C
38,YDR421W
39,YDR423C
40,YDR451C
41,YDR463W
42,YDR501W
43,YDR520C
44,YEL009C
45,YER028C
46,YER040W
47,YER045C
48,YER108C
49,YER111C
50,YER130C
51,YER169W
52,YER184C
53,YFL021W
54,YFL031W
55,YFL044C
56,YFR034C
57,YGL013C
58,YGL035C
59,YGL071W
60,YGL073W
61,YGL096W
62,YGL162W
63,YGL166W
64,YGL181W
65,YGL209W
66,YGL254W
67,YGR044C
68,YGR249W
69,YGR288W
70,YHL009C
71,YHL027W
72,YHR006W
73,YHR084W
74,YHR124W
75,YHR178W
76,YHR206W
77,YIL036W
78,YIL101C
79,YIL131C
80,YIR017C
81,YIR018W
82,YIR023W
83,YJL056C
84,YJL089W
85,YJL110C
86,YJL206C
87,YJR060W
88,YJR147W
89,YKL015W
90,YKL020C
91,YKL032C
92,YKL038W
93,YKL043W
94,YKL062W
95,YKL109W
96,YKL112W
97,YKL185W
98,YKR034W
99,YKR064W
100,YKR099W
101,YLR013W
102,YLR014C
103,YLR098C
104,YLR131C
105,YLR182W
106,YLR183C
107,YLR228C
108,YLR256W
109,YLR403W
110,YLR451W
111,YML007W
112,YML027W
113,YML051W
114,YML076C
115,YML081W
116,YML099C
117,YML113W
118,YMR016C
119,YMR019W
120,YMR021C
121,YMR037C
122,YMR042W
123,YMR043W
124,YMR070W
125,YMR164C
126,YMR182C
127,YMR280C
128,YNL027W
129,YNL068C
130,YNL103W
131,YNL167C
132,YNL216W
133,YOL028C
134,YOL067C
135,YOL089C
136,YOL108C
137,YOL116W
138,YOR028C
139,YOR032C
140,YOR113W
141,YOR140W
142,YOR162C
143,YOR344C
144,YOR363C
145,YOR380W
146,YPL038W
147,YPL075W
148,YPL089C
149,YPL177C
150,YPL202C
151,YPL230W
152,YPL248C
153,YPR065W
154,YPR104C
155,YPR196W
156,YPR199C
157,YAL016W
158,YAL034WA
159,YAL035CA
160,YAL035W
161,YAL036C
162,YBL089W
163,YBR019C
164,YBR020W
165,YBR127C
166,YBR150C
167,YBR151W
168,YBR187W
169,YBR214W
170,YCR020CA
171,YCR081W
172,YDR048C
173,YDR208W
174,YDR256C
175,YEL011W
176,YER015W
177,YGL143C
178,YGL201C
179,YGL235W
180,YGL237C
181,YGR109C
182,YGR109WA
183,YGR109WB
184,YGR188C
185,YHL017W
186,YHR041C
187,YHR042W
188,YHR117W
189,YIL069C
190,YIL113W
191,YIL114C
192,YIL120W
193,YJL222W
194,YJR069C
195,YJR071W
196,YKL146W
197,YKL148C
198,YLR089C
199,YLR090W
200,YLR174W
201,YLR176C
202,YLR177W
203,YLR373C
204,YLR375W
205,YML072C
206,YNL299W
207,YNL321W
208,YNL322C
209,YOL083W
210,YOR042W
211,YPL016W
212,YPL017C
213,YPL262W
214,YPL263C
215,YPR148C
216,YBL006C
217,YBR008C
218,YDR011W
219,YDR072C
220,YDR406W
221,YDR415C
222,YDR416W
223,YDR468C
224,YDR469W
225,YGR281W
226,YHR064C
227,YJL219W
228,YJR007W
229,YKL077W
230,YML093W
231,YML095CA
232,YML096W
233,YML097C
234,YMR193W
235,YMR258C
236,YNL258C
237,YNR007C
238,YNR008W
239,YOL156W
240,YOR148C
241,YOR153W
242,YOR233W
243,YOR328W
244,YIR030C
245,YAL062W
246,YBL043W
247,YBR104W
248,YCR005C
249,YCR018CA
250,YCR019W
251,YCR021C
252,YCR090C
253,YCR095C
254,YCR105W
255,YCR107W
256,YDL013W
257,YDL044C
258,YDL066W
259,YDL067C
260,YDL182W
261,YDR040C
262,YDR041W
263,YDR042C
264,YDR067C
265,YDR068W
266,YDR077W
267,YDR078C
268,YDR079W
269,YDR084C
270,YDR127W
271,YDR179C
272,YDR179WA
273,YDR210WD
274,YDR314C
275,YDR317W
276,YDR482C
277,YDR483W
278,YDR508C
279,YDR510W
280,YDR519W
281,YDR522C
282,YDR540C
283,YEL010W
284,YEL050C
285,YEL071W
286,YER002W
287,YER013W
288,YER044CA
289,YER069W
290,YER129W
291,YER138C
292,YFR017C
293,YGL255W
294,YGR050C
295,YGR071C
296,YGR072W
297,YGR142W
298,YGR218W
299,YGR271CA
300,YGR272C
301,YHR018C
302,YHR161C
303,YHR162W
304,YIL056W
305,YIR029W
306,YJL088W
307,YJR011C
308,YJR109C
309,YJR110W
310,YJR148W
311,YKL067W
312,YKL071W
313,YKR004C
314,YLL004W
315,YLL005C
316,YLL015W
317,YLR049C
318,YLR082C
319,YLR130C
320,YLR140W
321,YLR141W
322,YLR266C
323,YLR267W
324,YLR302C
325,YLR304C
326,YLR316C
327,YLR318W
328,YLR397C
329,YMR098C
330,YMR135WA
331,YMR178W
332,YMR227C
333,YMR228W
334,YMR251WA
335,YNL001W
336,YNL002C
337,YNL036W
338,YNL037C
339,YNL134C
340,YNR001C
341,YNR017W
342,YOL159C
343,YOR136W
344,YOR302W
345,YOR303W
346,YPL124W
347,YPL135W
348,YPL137C
349,YPL268W
350,YPR001W
351,YPR038W
352,YPR039W
353,YPR040W
354,YPR198W
355,YEL015W
356,YEL016C
357,YJR132W
358,YAL030W
359,YAL031C
360,YAL038W
361,YAL054C
362,YBL058W
363,YBL059CA
364,YBL059W
365,YBR095C
366,YBR096W
367,YBR170C
368,YBR171W
369,YBR236C
370,YBR237W
371,YCR012W
372,YCR032W
373,YCR042C
374,YCR094W
375,YDL045WA
376,YDL137W
377,YDL140C
378,YDL155W
379,YDL161W
380,YDL164C
381,YDL186W
382,YDL188C
383,YDL212W
384,YDL213C
385,YDL225W
386,YDL226C
387,YDR003W
388,YDR007W
389,YDR028C
390,YDR036C
391,YDR037W
392,YDR050C
393,YDR257C
394,YDR313C
395,YDR322CA
396,YDR323C
397,YDR328C
398,YDR455C
399,YDR457W
400,YDR465C
401,YDR466W
402,YEL012W
403,YEL022W
404,YEL023C
405,YER025W
406,YER049W
407,YER066CA
408,YER068W
409,YER086W
410,YER105C
411,YER106W
412,YER156C
413,YER157W
414,YFL005W
415,YFL039C
416,YGL026C
417,YGL088W
418,YGL089C
419,YGL119W
420,YGL120C
421,YGL151W
422,YGL152C
423,YGL182C
424,YGL183C
425,YGL191W
426,YGL193C
427,YGL244W
428,YGR012W
429,YGR147C
430,YGR184C
431,YGR241C
432,YGR243W
433,YGR254W
434,YHR039CA
435,YHR040W
436,YHR146W
437,YIL022W
438,YIL023C
439,YIL075C
440,YIL108W
441,YIL109C
442,YIL112W
443,YIL148W
444,YIL149C
445,YIR002C
446,YIR003W
447,YJL001W
448,YJL002C
449,YJL105W
450,YJL148W
451,YJR085C
452,YJR086W
453,YJR087W
454,YJR090C
455,YJR097W
456,YJR098C
457,YJR099W
458,YJR100C
459,YJR101W
460,YJR122W
461,YKL025C
462,YKL058W
463,YKL059C
464,YKL072W
465,YKL081W
466,YKL082C
467,YKL104C
468,YKL182W
469,YKR015C
470,YKR016W
471,YKR068C
472,YKR069W
473,YLL040C
474,YLR032W
475,YLR223C
476,YLR224W
477,YLR378C
478,YLR380W
479,YML001W
480,YML119W
481,YML120C
482,YML129C
483,YMR039C
484,YMR040W
485,YMR117C
486,YMR121C
487,YMR122WA
488,YMR182WA
489,YMR186W
490,YMR188C
491,YMR189W
492,YMR214W
493,YMR221C
494,YMR281W
495,YNL008C
496,YNL090W
497,YNL091W
498,YNL111C
499,YNL113W
500,YNL115C
501,YNL161W
502,YNL169C
503,YNL171C
504,YNL284C
505,YNR011C
506,YNR012W
507,YNR039C
508,YNR040W
509,YOL004W
510,YOL005C
511,YOL006C
512,YOL144W
513,YOL145C
514,YOR044W
515,YOR048C
516,YOR074C
517,YOR075W
518,YOR093C
519,YOR094W
520,YOR116C
521,YOR117W
522,YOR122C
523,YOR128C
524,YOR149C
525,YOR150W
526,YOR187W
527,YOR271C
528,YOR272W
529,YOR287C
530,YOR335C
531,YOR336W
532,YPL180W
533,YPL182C
534,YPL204W
535,YPL206C
536,YPL231W
537,YPR025C
538,YPR026W
539,YPR052C
540,YPR053C
541,YPR055W
542,YPR067W
543,YPR074C
544,YPR076W
545,YPR099C
546,YPR101W
547,YPR119W
548,YPR163C
549,YPR164W
550,YPR181C
551,YPR182W
552,YAR010C
553,YAR014C
554,YAR015W
555,YBL016W
556,YBL017C
557,YBR012WA
558,YBR012WB
559,YBR040W
560,YBR082C
561,YCL027W
562,YCR089W
563,YDL126C
564,YDL127W
565,YDR098CA
566,YDR098CB
567,YDR180W
568,YDR210W
569,YDR309C
570,YDR316WA
571,YDR316WB
572,YDR461W
573,YEL040W
574,YER118C
575,YER120W
576,YER137CA
577,YER189W
578,YER190W
579,YGL032C
580,YGL062W
581,YGL192W
582,YGL194C
583,YGR014W
584,YGR039W
585,YGR221C
586,YHR005C
587,YHR141C
588,YHR142W
589,YIL119C
590,YIL123W
591,YJL186W
592,YJL187C
593,YKL095W
594,YKL096WA
595,YKL097C
596,YKR041W
597,YKR061W
598,YKR091W
599,YLL065W
600,YLR084C
601,YLR360W
602,YLR463C
603,YLR465C
604,YLR467W
605,YMR065W
606,YMR135C
607,YMR136W
608,YMR232W
609,YNL053W
610,YNL145W
611,YNL279W
612,YNL280C
613,YNL282W
614,YNL283C
615,YNL289W
616,YNL337W
617,YNR044W
618,YOL105C
619,YOR077W
620,YOR129C
621,YOR315W
622,YPL163C
623,YPL178W
624,YPR158WA
625,YPR158WB
626,STA1
627,YAL063C
628,YAR050W
629,YDR172W
630,YER065C
631,YHR051W
632,YHR211W
633,YIL162W
634,YJR048W
635,YJR094C
636,YML058WA
637,YAL022C
638,YBL001C
639,YBL037W
640,YBL087C
641,YBL111C
642,YBR057C
643,YBR182CA
644,YBR183W
645,YBR190W
646,YBR191W
647,YCR073C
648,YCR073WA
649,YDL060W
650,YDL061C
651,YDR350C
652,YDR351W
653,YDR366C
654,YDR368W
655,YDR418W
656,YDR420W
657,YDR543C
658,YDR544C
659,YDR545W
660,YEL001C
661,YEL054C
662,YER001W
663,YER010C
664,YER011W
665,YER074W
666,YER188CA
667,YGL115W
668,YGL259W
669,YGL261C
670,YGR282C
671,YGR283C
672,YHL034C
673,YHR030C
674,YHR080C
675,YHR081W
676,YHR091C
677,YHR193C
678,YHR194W
679,YIL002WA
680,YIL133C
681,YIL174W
682,YIL175W
683,YIR013C
684,YIR014W
685,YIR019C
686,YIR020C
687,YIR020WB
688,YIR021W
689,YJR044C
690,YKL096W
691,YKL163W
692,YKL164C
693,YKL186C
694,YKR102W
695,YKR105C
696,YKR106W
697,YLR162WA
698,YLR300W
699,YLR389C
700,YLR390W
701,YLR390WA
702,YLR392C
703,YLR393W
704,YLR394W
705,YML111W
706,YML132W
707,YML133C
708,YMR013WA
709,YMR014W
710,YMR165C
711,YNL236W
712,YNL288W
713,YNL336W
714,YNL338W
715,YNL339C
716,YOL121C
717,YOR138C
718,YOR178C
719,YOR236W
720,YOR267C
721,YOR268C
722,YOR269W
723,YPL018W
724,YPL019C
725,YPL059W
726,YPL060CA
727,YPL175W
728,YPL176C
729,YPL198W
730,YPL249CA
731,YPL251W
732,YPL253C
733,YPR124W
734,YBL107C
735,YBR092C
736,YBR093C
737,YBR094W
738,YDL080C
739,YDR437W
740,YDR438W
741,YDR439W
742,YDR473C
743,YDR512C
744,YER060WA
745,YFL059W
746,YFL060C
747,YGL001C
748,YGL121C
749,YGR277C
750,YGR278W
751,YHL039W
752,YHL040C
753,YHL047C
754,YHR179W
755,YKR093W
756,YLR004C
757,YLR005W
758,YLR235C
759,YLR236C
760,YLR237W
761,YLR334C
762,YMR017W
763,YMR050C
764,YMR051C
765,YNL333W
766,YNL334C
767,YOL055C
768,YOR143C
769,YPL213W
770,YPL214C
771,YPL258C
772,YPR121W
773,YBR204C
774,YBR205W
775,YBR206W
776,YBR230C
777,YBR298C
778,YBR299W
779,YDL173W
780,YDL174C
781,YDR052C
782,YDR276C
783,YER018C
784,YER019W
785,YER134C
786,YFL066C
787,YGL227W
788,YHL028W
789,YHL029C
790,YHL050C
791,YIL100W
792,YJL067W
793,YJL068C
794,YLR099C
795,YLR100W
796,YLR439W
797,YNL241C
798,YPR204W
799,STA2
800,STA3
801,YIL099W
802,YJR004C
803,YKL178C
804,YLR113W
805,YPL187W
806,YDR103W
807,YFL026W
808,YIL015W
809,YKL209C
810,YLR452C
811,YOR212W
812,YBR167C
813,YBR168W
814,YDR245W
815,YLL032C
816,YBL018C
817,YBR281C
818,YBR282W
819,YCR083W
820,YGL169W
821,YGL170C
822,YNL105W
823,YAL040C
824,YAR009C
825,YAR019C
826,YAR042W
827,YAR064W
828,YBL023C
829,YBL032W
830,YBL033C
831,YBL071C
832,YBL092W
833,YBL093C
834,YBR007C
835,YBR035C
836,YBR107C
837,YBR108W
838,YBR231C
839,YCL044C
840,YCL051W
841,YCL052C
842,YCL057W
843,YCL058C
844,YCR027C
845,YDL012C
846,YDL025C
847,YDL031W
848,YDL088C
849,YDL107W
850,YDL110C
851,YDL130W
852,YDL141W
853,YDL142C
854,YDL159W
855,YDL160C
856,YDL168W
857,YDL169C
858,YDL175C
859,YDL180W
860,YDL185W
861,YDL215C
862,YDL223C
863,YDL244W
864,YDL245C
865,YDL247W
866,YDR038C
867,YDR039C
868,YDR070C
869,YDR083W
870,YDR088C
871,YDR089W
872,YDR113C
873,YDR132C
874,YDR143C
875,YDR161W
876,YDR246W
877,YDR267C
878,YDR268W
879,YDR277C
880,YDR286C
881,YDR287W
882,YDR356W
883,YDR411C
884,YDR412W
885,YDR523C
886,YDR528W
887,YEL058W
888,YEL061C
889,YER023W
890,YER107C
891,YGL033W
892,YGL034C
893,YGL123W
894,YGL124C
895,YGL147C
896,YGL156W
897,YGL158W
898,YGL160W
899,YGL161C
900,YGL210W
901,YGL214W
902,YGL223C
903,YGL225W
904,YGR075C
905,YGR098C
906,YGR148C
907,YGR149W
908,YGR157W
909,YGR165W
910,YGR166W
911,YGR250C
912,YGR251W
913,YGR287C
914,YHL010C
915,YHL024W
916,YHL045W
917,YHL046C
918,YHL048W
919,YHL049C
920,YHR062C
921,YHR107C
922,YHR108W
923,YHR109W
924,YHR114W
925,YHR132C
926,YHR138C
927,YHR139CA
928,YHR140W
929,YHR149C
930,YHR150W
931,YIL089W
932,YIL090W
933,YIL091C
934,YIL095W
935,YIL096C
936,YIL111W
937,YIL118W
938,YIL144W
939,YIL145C
940,YIL164C
941,YIL177C
942,YIR040C
943,YIR041W
944,YJL106W
945,YJL107C
946,YJL155C
947,YJL198W
948,YJL199C
949,YJR156C
950,YJR157W
951,YKL069W
952,YKL162CA
953,YKR096W
954,YLL066C
955,YLL067C
956,YLR035CA
957,YLR037C
958,YLR160C
959,YLR161W
960,YLR192C
961,YLR205C
962,YLR206W
963,YLR272C
964,YLR460C
965,YLR461W
966,YML067C
967,YMR171C
968,YMR172W
969,YMR198W
970,YMR201C
971,YMR202W
972,YMR231W
973,YMR234W
974,YMR247C
975,YMR250W
976,YMR308C
977,YMR324C
978,YMR325W
979,YNL012W
980,YNL013C
981,YNL040W
982,YNL041C
983,YNL078W
984,YNL079C
985,YNL093W
986,YNL107W
987,YNL108C
988,YNL112W
989,YNL128W
990,YNL271C
991,YNL293W
992,YNL294C
993,YNL311C
994,YNR016C
995,YNR054C
996,YNR059W
997,YNR071C
998,YNR072W
999,YNR076W
1000,YOL014W
1001,YOL059W
1002,YOL060C
1003,YOL119C
1004,YOL136C
1005,YOL151W
1006,YOL164W
1007,YOL165C
1008,YOR008C
1009,YOR019W
1010,YOR058C
1011,YOR066W
1012,YOR067C
1013,YOR070C
1014,YOR071C
1015,YOR072W
1016,YOR076C
1017,YOR134W
1018,YOR144C
1019,YOR226C
1020,YOR227W
1021,YOR254C
1022,YOR255W
1023,YOR307C
1024,YOR354C
1025,YOR355W
1026,YPL028W
1027,YPL051W
1028,YPL056C
1029,YPL156C
1030,YPL160W
1031,YPL161C
1032,YPL170W
1033,YPL171C
1034,YPL216W
1035,YPL217C
1036,YPL276W
1037,YPL277C
1038,YPL280W
1039,YPL281C
1040,YPL282C
1041,YPL283C
1042,YPR002CA
1043,YPR010C
1044,YPR013C
1045,YPR036W
1046,YPR045C
1047,YPR046W
1048,YPR049C
1049,YPR084W
1050,YPR109W
1051,YCR039C
1052,YBR015C
1053,YBR016W
1054,YDR020C
1055,YDR021W
1056,YDR372C
1057,YDR373W
1058,YEL004W
1059,YEL005C
1060,YER044C
1061,YER133W
1062,YFL007W
1063,YFL023W
1064,YFL024C
1065,YGL157W
1066,YGR100W
1067,YGR175C
1068,YGR176W
1069,YJL124C
1070,YKL039W
1071,YKL040C
1072,YKL177W
1073,YKL179C
1074,YMR103C
1075,YMR125W
1076,YNL232W
1077,YOL125W
1078,YOL126C
1079,YOL166C
1080,YOR316C
1081,YPL188W
1082,YPR126C
1083,YPR127W
1084,YBL020W
1085,YBL022C
1086,YBR051W
1087,YBR137W
1088,YBR283C
1089,YBR284W
1090,YCL002C
1091,YCL006C
1092,YCL007C
1093,YCL008C
1094,YCL009C
1095,YCL010C
1096,YCR002C
1097,YCR004C
1098,YCR006C
1099,YCR008W
1100,YCR061W
1101,YCR062W
1102,YCR082W
1103,YCR092C
1104,YCR093W
1105,YDL007W
1106,YDL095W
1107,YDL097C
1108,YDL114W
1109,YDL115C
1110,YDL143W
1111,YDL144C
1112,YDR066C
1113,YDR151C
1114,YDR152W
1115,YDR270W
1116,YDR333C
1117,YDR334W
1118,YDR394W
1119,YDR426C
1120,YDR427W
1121,YEL037C
1122,YEL070W
1123,YER012W
1124,YER021W
1125,YER094C
1126,YER095W
1127,YER142C
1128,YER143W
1129,YER163C
1130,YER177W
1131,YFL056C
1132,YFL057C
1133,YFR003C
1134,YFR004W
1135,YFR010W
1136,YFR050C
1137,YGL010W
1138,YGL011C
1139,YGL012W
1140,YGL047W
1141,YGL048C
1142,YGL122C
1143,YGL172W
1144,YGL173C
1145,YGL180W
1146,YGL195W
1147,YGR047C
1148,YGR048W
1149,YGR135W
1150,YGR209C
1151,YGR223C
1152,YGR224W
1153,YGR253C
1154,YJL037W
1155,YJL038C
1156,YJL094C
1157,YJR006W
1158,YKL009W
1159,YKL010C
1160,YKL016C
1161,YKL026C
1162,YKL054C
1163,YKL145W
1164,YKL147C
1165,YKL161C
1166,YKL195W
1167,YKL196C
1168,YKL210W
1169,YLL037W
1170,YLL039C
1171,YLR287CA
1172,YLR421C
1173,YLR422W
1174,YML008C
1175,YML048W
1176,YML049C
1177,YML090W
1178,YML092C
1179,YMR012W
1180,YMR239C
1181,YMR275C
1182,YMR276W
1183,YNL155W
1184,YNL156C
1185,YNL164C
1186,YNL250W
1187,YNL251C
1188,YOL038W
1189,YOR007C
1190,YOR052C
1191,YOR053W
1192,YOR055W
1193,YOR157C
1194,YOR158W
1195,YOR259C
1196,YOR260W
1197,YOR261C
1198,YOR262W
1199,YOR318C
1200,YOR319W
1201,YOR353C
1202,YPR107C
1203,YPR108W
1204,YHR160C
1205,YIL159W
1206,YIL160C
1207,YJL184W
1208,YJL185C
1209,YMR011W
1210,YPL141C
1211,YAR007C
1212,YAR008W
1213,YBL002W
1214,YBL003C
1215,YBL035C
1216,YBR070C
1217,YBR071W
1218,YBR077C
1219,YBR078W
1220,YBR275C
1221,YCL054W
1222,YCL061C
1223,YCR064C
1224,YDL003W
1225,YDL017W
1226,YDL018C
1227,YDL101C
1228,YDL102W
1229,YDL227C
1230,YDR093W
1231,YDR094W
1232,YDR097C
1233,YDR115W
1234,YDR144C
1235,YDR145W
1236,YDR192C
1237,YDR211W
1238,YDR220C
1239,YDR222W
1240,YDR263C
1241,YDR279W
1242,YDR297W
1243,YDR452W
1244,YDR500C
1245,YDR507C
1246,YDR509W
1247,YDR524CB
1248,YDR525WA
1249,YDR526C
1250,YDR527W
1251,YEL076WC
1252,YEL077C
1253,YER046W
1254,YER070W
1255,YER071C
1256,YER072W
1257,YER078C
1258,YER078WA
1259,YER079W
1260,YER087CA
1261,YER087CB
1262,YER112W
1263,YER124C
1264,YER125W
1265,YFL008W
1266,YFL011W
1267,YGL038C
1268,YGR041W
1269,YGR078C
1270,YGR079W
1271,YGR110W
1272,YGR125W
1273,YGR180C
1274,YGR189C
1275,YGR222W
1276,YHR061C
1277,YHR110W
1278,YHR143W
1279,YHR151C
1280,YHR152W
1281,YHR153C
1282,YHR154W
1283,YHR195W
1284,YIL011W
1285,YIL026C
1286,YIL140W
1287,YIL141W
1288,YJL045W
1289,YJL073W
1290,YJL074C
1291,YJL080C
1292,YJL115W
1293,YJL116C
1294,YJL139C
1295,YJL194W
1296,YJL196C
1297,YJR030C
1298,YJR043C
1299,YJR051W
1300,YKL007W
1301,YKL008C
1302,YKL084W
1303,YKL096CB
1304,YKL101W
1305,YKL102C
1306,YKL113C
1307,YKL142W
1308,YKL150W
1309,YKL151C
1310,YKL198C
1311,YKL199C
1312,YKR077W
1313,YLR047C
1314,YLR048W
1315,YLR103C
1316,YLR104W
1317,YLR105C
1318,YLR212C
1319,YLR297W
1320,YLR342W
1321,YLR354C
1322,YLR367W
1323,YLR385C
1324,YLR386W
1325,YLR428C
1326,YLR430W
1327,YLR438CA
1328,YML003W
1329,YML004C
1330,YML012W
1331,YML013CA
1332,YML028W
1333,YML041C
1334,YML100W
1335,YML100WA
1336,YML101C
1337,YML102CA
1338,YMR006C
1339,YMR007W
1340,YMR076C
1341,YMR078C
1342,YMR079W
1343,YMR144W
1344,YMR179W
1345,YMR199W
1346,YMR215W
1347,YMR279C
1348,YMR304CA
1349,YMR305C
1350,YMR306CA
1351,YMR306W
1352,YMR307W
1353,YNL030W
1354,YNL031C
1355,YNL077W
1356,YNL102W
1357,YNL154C
1358,YNL192W
1359,YNL218W
1360,YNL219C
1361,YNL231C
1362,YNL273W
1363,YNL274C
1364,YNL298W
1365,YNL312W
1366,YNL313C
1367,YNR009W
1368,YNR018W
1369,YOL017W
1370,YOL018C
1371,YOR246C
1372,YOR247W
1373,YOR248W
1374,YOR342C
1375,YPL014W
1376,YPL015C
1377,YPL081W
1378,YPL082C
1379,YPL152W
1380,YPL153C
1381,YPL241C
1382,YPL256C
1383,YPL267W
1384,YPR075C
1385,YPR120C
1386,YPR158CC
1387,YPR158CD
1388,YPR159W
1389,YPR174C
1390,YPR175W
1391,YBR044C
1392,YBR048W
1393,YBR081C
1394,YBR085CA
1395,YBR161W
1396,YBR163W
1397,YBR238C
1398,YBR248C
1399,YCL030C
1400,YCR022C
1401,YCR024CA
1402,YCR098C
1403,YDL058W
1404,YDL059C
1405,YDL136W
1406,YDR022C
1407,YDR023W
1408,YDR033W
1409,YDR064W
1410,YDR278C
1411,YDR306C
1412,YDR307W
1413,YDR354W
1414,YDR408C
1415,YDR486C
1416,YEL021W
1417,YEL027W
1418,YER035W
1419,YGL234W
1420,YGR061C
1421,YGR106C
1422,YGR150C
1423,YGR192C
1424,YGR204CA
1425,YGR204W
1426,YGR205W
1427,YHR136C
1428,YHR137W
1429,YIL076W
1430,YIL077C
1431,YIL166C
1432,YJL022W
1433,YJL024C
1434,YJL159W
1435,YJL161W
1436,YJL162C
1437,YKL103C
1438,YKL106CA
1439,YKL106W
1440,YKL216W
1441,YLL025W
1442,YLR046C
1443,YLR152C
1444,YLR359W
1445,YMR052CA
1446,YMR053C
1447,YMR054W
1448,YMR055C
1449,YMR120C
1450,YMR292W
1451,YMR300C
1452,YNL029C
1453,YNL043C
1454,YNL057W
1455,YNL059C
1456,YNL220W
1457,YOL082W
1458,YOR337W
1459,YPL130W
1460,YPL239W
1461,YPL240C
1462,YPR194C
1463,YBL109W
1464,YBL112C
1465,YBL113C
1466,YBR006W
1467,YBR102C
1468,YBR103W
1469,YCR041W
1470,YDL068W
1471,YDL071C
1472,YDL154W
1473,YDL210W
1474,YDL239C
1475,YDR129C
1476,YDR282C
1477,YGR019W
1478,YHR156C
1479,YHR157W
1480,YHR164C
1481,YJR149W
1482,YLR343W
1483,YNR068C
1484,YBR179C
1485,YBR180W
1486,YBR229C
1487,YDL085W
1488,YDR219C
1489,YDR221W
1490,YDR498C
1491,YDR499W
1492,YEL055C
1493,YGR094W
1494,YLR457C
1495,YLR459W
1496,YNL132W
1497,YBR115C
1498,YIR034C
1499,YNR050C
1500,YAL017W
1501,YAL018C
1502,YAL060W
1503,YAL064CA
1504,YAL064W
1505,YAR029W
1506,YAR031W
1507,YAR070C
1508,YAR071W
1509,YBL029CA
1510,YBL029W
1511,YBR018C
1512,YBR066C
1513,YBR157C
1514,YBR177C
1515,YBR296C
1516,YDL019C
1517,YDL089W
1518,YDL090C
1519,YDL246C
1520,YDR010C
1521,YDR044W
1522,YDR111C
1523,YDR133C
1524,YDR134C
1525,YDR434W
1526,YDR435C
1527,YDR436W
1528,YDR441C
1529,YDR442W
1530,YDR534C
1531,YDR535C
1532,YDR536W
1533,YEL020WA
1534,YEL044W
1535,YEL045C
1536,YEL046C
1537,YEL066W
1538,YEL069C
1539,YER048C
1540,YER092W
1541,YER096W
1542,YER145C
1543,YER146W
1544,YFR015C
1545,YGR035C
1546,YGR067C
1547,YGR069W
1548,YGR143W
1549,YGR237C
1550,YHL041W
1551,YHR022C
1552,YHR023W
1553,YHR033W
1554,YHR071W
1555,YIL019W
1556,YIL020C
1557,YIL097W
1558,YIL098C
1559,YIL170W
1560,YIL171W
1561,YIL172C
1562,YJL076W
1563,YJL077C
1564,YJL078C
1565,YJL108C
1566,YJL214W
1567,YJL216C
1568,YJL221C
1569,YJR094WA
1570,YJR095W
1571,YJR158W
1572,YJR159W
1573,YKL044W
1574,YKR066C
1575,YKR067W
1576,YKR075C
1577,YLL011W
1578,YLR012C
1579,YLR112W
1580,YLR121C
1581,YLR187W
1582,YLR410WA
1583,YLR410WB
1584,YLR413W
1585,YML121W
1586,YML122C
1587,YML131W
1588,YMR056C
1589,YMR084W
1590,YMR145C
1591,YMR195W
1592,YMR319C
1593,YNL065W
1594,YNL087W
1595,YNL217W
1596,YNR060W
1597,YNR069C
1598,YNR070W
1599,YOL084W
1600,YOL085C
1601,YOL122C
1602,YOL157C
1603,YOL158C
1604,YOR030W
1605,YOR049C
1606,YOR050C
1607,YOR179C
1608,YOR273C
1609,YOR274W
1610,YOR306C
1611,YOR313C
1612,YPL024W
1613,YPL025C
1614,YPL034W
1615,YPL058C
1616,YPL265W
1617,YPR061C
1618,YPR062W
1619,YPR156C
1620,YPR157W
1621,YPR158W
1622,YFR007W
1623,YLR097C
1624,YLR022C
1625,YLR322W
1626,YAL048C
1627,YBR029C
1628,YBR030W
1629,YCR057C
1630,YDL049C
1631,YDR147W
1632,YDR169C
1633,YDR169CA
1634,YDR274C
1635,YDR275W
1636,YDR312W
1637,YDR345C
1638,YDR497C
1639,YER026C
1640,YGL077C
1641,YGR238C
1642,YHL020C
1643,YJL117W
1644,YJL119C
1645,YJL140W
1646,YJL141C
1647,YJL142C
1648,YJL152W
1649,YJL153C
1650,YJR073C
1651,YJR104C
1652,YJR105W
1653,YLR034C
1654,YLR133W
1655,YLR153C
1656,YLR168C
1657,YLR169W
1658,YLR171W
1659,YLR447C
1660,YLR448W
1661,YML075C
1662,YNL129W
1663,YNL130C
1664,YNL130CA
1665,YNL175C
1666,YOR230W
1667,YOR234C
1668,YOR235W
1669,YOR316CA
1670,YOR317W
1671,YBL108CA
1672,YBL108W
1673,YBR158W
1674,YDL030W
1675,YDL032W
1676,YDL035C
1677,YDL117W
1678,YDL119C
1679,YDL179W
1680,YDL224C
1681,YDR112W
1682,YDR397C
1683,YDR398W
1684,YFL013WA
1685,YFL022C
1686,YFL063W
1687,YFL064C
1688,YFL065C
1689,YFR031CA
1690,YGL028C
1691,YGL108C
1692,YGL139W
1693,YGL140C
1694,YGL226CA
1695,YGL226W
1696,YGR060W
1697,YGR086C
1698,YGR296W
1699,YIL009W
1700,YIL050W
1701,YIL051C
1702,YIL128W
1703,YIL129C
1704,YIL173W
1705,YIR004W
1706,YJL077WB
1707,YJL160C
1708,YJL207C
1709,YJL225C
1710,YLR011W
1711,YLR079W
1712,YLR194C
1713,YLR207W
1714,YLR286C
1715,YLR346C
1716,YLR406C
1717,YLR406CA
1718,YLR407W
1719,YML125C
1720,YMR172CA
1721,YMR173W
1722,YMR173WA
1723,YMR261C
1724,YMR262W
1725,YNL146CA
1726,YNL160W
1727,YNL238W
1728,YNL269W
1729,YNL324W
1730,YNL326C
1731,YNL327W
1732,YNL328C
1733,YNL335W
1734,YPL050C
1735,YPL157W
1736,YPL158C
1737,YPR183W
1738,YAL005C
1739,YAL053W
1740,YBL015W
1741,YBL063W
1742,YBL064C
1743,YBL077W
1744,YBL078C
1745,YBR114W
1746,YBR184W
1747,YBR196C
1748,YCL024W
1749,YCL025C
1750,YDL193W
1751,YDR035W
1752,YDR054C
1753,YDR055W
1754,YDR091C
1755,YDR092W
1756,YDR284C
1757,YDR285W
1758,YDR359C
1759,YDR403W
1760,YEL024W
1761,YEL025C
1762,YER131W
1763,YER179W
1764,YGL184C
1765,YGL213C
1766,YGL250W
1767,YGL251C
1768,YGR043C
1769,YGR088W
1770,YGR258C
1771,YGR264C
1772,YGR266W
1773,YGR268C
1774,YGR270W
1775,YGR280C
1776,YHL022C
1777,YHL030W
1778,YHL031C
1779,YHR014W
1780,YHR079CA
1781,YIL031W
1782,YIL032C
1783,YIL033C
1784,YIL072W
1785,YJL051W
1786,YJL090C
1787,YJL102W
1788,YJL103C
1789,YJR052W
1790,YJR119C
1791,YJR120W
1792,YKL078W
1793,YKR009C
1794,YLL019C
1795,YLL020C
1796,YLL029W
1797,YLL030C
1798,YLL044W
1799,YLL046C
1800,YLR051C
1801,YLR052W
1802,YLR095C
1803,YLR096W
1804,YLR114C
1805,YLR115W
1806,YLR259C
1807,YLR260W
1808,YLR263W
1809,YLR314C
1810,YLR315W
1811,YLR317W
1812,YLR329W
1813,YLR437C
1814,YLR438W
1815,YML042W
1816,YML043C
1817,YML054C
1818,YMR069W
1819,YMR101C
1820,YMR108W
1821,YMR133W
1822,YMR290C
1823,YMR291W
1824,YMR296C
1825,YMR297W
1826,YNL149C
1827,YNL186W
1828,YNL191W
1829,YNL210W
1830,YOL052CA
1831,YOL092W
1832,YOL100W
1833,YOL101C
1834,YOL103WA
1835,YOL103WB
1836,YOL104C
1837,YOL123W
1838,YOL124C
1839,YOL131W
1840,YOR078W
1841,YOR100C
1842,YOR101W
1843,YOR290C
1844,YOR291W
1845,YOR338W
1846,YOR351C
1847,YOR386W
1848,YPL111W
1849,YPL200W
1850,YPL201C
1851,YPR006C
1852,YPR029C
1853,YPR030W
1854,YPR151C
1855,YBR109C
1856,YBR110W
1857,YBR159W
1858,YDL092W
1859,YDL094C
1860,YHR171W
1861,YIL014W
1862,YJR088C
1863,YJR089W
1864,YOR115C
1865,YOR365C
1866,YOR367W
1867,YPL113C
1868,YBR223C
1869,YBR226C
1870,YBR227C
1871,YBR228W
1872,YBR256C
1873,YBR257W
1874,YDL073W
1875,YDL074C
1876,YDL091C
1877,YDL159WA
1878,YDL240W
1879,YDR071C
1880,YFR044C
1881,YFR045W
1882,YGR099W
1883,YHL032C
1884,YHR028C
1885,YHR155W
1886,YIL146C
1887,YJL023C
1888,YJL203W
1889,YJL204C
1890,YJR140C
1891,YJR141W
1892,YKL197C
1893,YLR064W
1894,YLR125W
1895,YLR330W
1896,YLR365W
1897,YLR366W
1898,YMR303C
1899,YNL100W
1900,YNL122C
1901,YNR006W
1902,YOL086C
1903,YOL164WA
1904,YOR056C
1905,YOR057W
1906,YOR368W
1907,YPL147W
1908,YPL148C
1909,YPR118W
1910,YAL012W
1911,YBR213W
1912,YCR086W
1913,YCR087W
1914,YEL072W
1915,YER007CA
1916,YER091C
1917,YFR030W
1918,YGR055W
1919,YGR206W
1920,YJL060W
1921,YJR010W
1922,YJR137C
1923,YJR138W
1924,YKL001C
1925,YLL006W
1926,YLL007C
1927,YLR092W
1928,YLR179C
1929,YLR180W
1930,YLR301W
1931,YLR303W
1932,YNL277W
1933,YOL064C
1934,YPR167C
1935,YPR168W
1936,YBL030C
1937,YBR025C
1938,YCR102C
1939,YDL037C
1940,YEL007W
1941,YEL047C
1942,YER158C
1943,YFL004W
1944,YGR146C
1945,YGR233C
1946,YHR047C
1947,YHR048W
1948,YHR092C
1949,YHR093W
1950,YIL030C
1951,YIL122W
1952,YIR018CA
1953,YIR021WA
1954,YIR022W
1955,YIR035C
1956,YIR038C
1957,YJL030W
1958,YJL031C
1959,YJL171C
1960,YJL217W
1961,YJL218W
1962,YJR145C
1963,YJR146W
1964,YKL110C
1965,YLL052C
1966,YLL053C
1967,YLR023C
1968,YLR074C
1969,YLR075W
1970,YLR081W
1971,YLR294C
1972,YLR295C
1973,YLR296W
1974,YLR412CA
1975,YML115C
1976,YML116W
1977,YMR150C
1978,YMR151W
1979,YMR152W
1980,YMR177W
1981,YMR315W
1982,YMR320W
1983,YNL066W
1984,YNL070W
1985,YNL178W
1986,YNL180C
1987,YNR067C
1988,YOR029W
1989,YOR047C
1990,YOR180C
1991,YOR181W
1992,YOR284W
1993,YOR369C
1994,YPR063C
1995,YPR149W
1996,YPR202W
1997,YPR203W
1998,YAL023C
1999,YBR017C
2000,YBR041W
2001,YBR148W
2002,YCL048W
2003,YCL049C
2004,YDR281C
2005,YDR311W
2006,YDR322W
2007,YDR402C
2008,YFL010WA
2009,YFL040W
2010,YFR023W
2011,YFR032C
2012,YGL137W
2013,YGL138C
2014,YGR059W
2015,YGR255C
2016,YGR256W
2017,YGR260W
2018,YHR184W
2019,YHR185C
2020,YIR027C
2021,YIR028W
2022,YJL043W
2023,YJL044C
2024,YJR025C
2025,YJR026W
2026,YJR027W
2027,YJR028W
2028,YJR029W
2029,YJR077C
2030,YJR078W
2031,YJR079W
2032,YKR033C
2033,YKR035WA
2034,YLR342WA
2035,YMR272C
2036,YMR272WB
2037,YNL317W
2038,YNL318C
2039,YOL102C
2040,YOR213C
2041,YOR314W
2042,YPL129W
2043,YPR054W
2044,YCL031C
2045,YCL065W
2046,YDL184C
2047,YDR375C
2048,YDR376W
2049,YDR377W
2050,YDR378C
2051,YDR379CA
2052,YDR379W
2053,YDR380W
2054,YDR381CA
2055,YDR381W
2056,YDR382W
2057,YHR015W
2058,YHR094C
2059,YHR095W
2060,YHR135C
2061,YHR139C
2062,YJR008W
2063,YJR080C
2064,YKL051W
2065,YKL052C
2066,YLR293C
2067,YMR026C
2068,YMR027W
2069,YNL124W
2070,YNL125C
2071,YNL181W
2072,YNL182C
2073,YPL030W
2074,YPL031C
2075,YBL008W
2076,YBL008WA
2077,YBR126C
2078,YCL026CA
2079,YDR074W
2080,YDR135C
2081,YDR137W
2082,YDR533C
2083,YFL014W
2084,YGR234W
2085,YHR008C
2086,YHR053C
2087,YHR055C
2088,YJL100W
2089,YJL101C
2090,YKL086W
2091,YKL087C
2092,YKL154W
2093,YKL155C
2094,YKR052C
2095,YKR071C
2096,YLL058W
2097,YLL060C
2098,YLR043C
2099,YLR108C
2100,YLR109W
2101,YLR456W
2102,YMR038C
2103,YOL117W
2104,YOR173W
2105,YOR202W
2106,YOR208W
2107,YPR048W
2108,YAR018C
2109,YBL075C
2110,YBL090W
2111,YBL091C
2112,YBL098W
2113,YBR294W
2114,YCR028C
2115,YCR077C
2116,YCR079W
2117,YCR097WA
2118,YDL146W
2119,YDL156W
2120,YDL157C
2121,YDL167C
2122,YDL230W
2123,YDL231C
2124,YDR061W
2125,YDR122W
2126,YDR138W
2127,YDR190C
2128,YDR191W
2129,YDR215C
2130,YDR445C
2131,YDR446W
2132,YER041W
2133,YER076C
2134,YER087W
2135,YER139C
2136,YER140W
2137,YFR008W
2138,YFR047C
2139,YFR048W
2140,YGL100W
2141,YGL114W
2142,YGL159W
2143,YGL252C
2144,YGL256W
2145,YGL257C
2146,YGR108W
2147,YGR119C
2148,YHR058C
2149,YHR059W
2150,YHR060W
2151,YHR077C
2152,YHR078W
2153,YIL048W
2154,YIL088C
2155,YJL112W
2156,YJL213W
2157,YJR015W
2158,YJR124C
2159,YKL165C
2160,YKL208W
2161,YLL002W
2162,YLR093C
2163,YLR199C
2164,YLR200W
2165,YLR222C
2166,YLR242C
2167,YLR243W
2168,YLR311C
2169,YLR312C
2170,YLR312WA
2171,YMR270C
2172,YMR289W
2173,YNL082W
2174,YNR028W
2175,YNR031C
2176,YNR032W
2177,YOL032W
2178,YOL039W
2179,YOL040C
2180,YOR297C
2181,YOR298W
2182,YPL027W
2183,YPL066W
2184,YPL067C
2185,YPL093W
2186,YPL094C
2187,YPL159C
2188,YPL172C
2189,YPL196W
2190,YPL197C
2191,YPL208W
2192,YPL209C
2193,YPL242C
2194,YPL269W
2195,YPL273W
2196,YPR019W
2197,YPR057W
2198,YPR093C
2199,YPR094W
2200,YBL104C
2201,YBR043C
2202,YBR068C
2203,YCL012W
2204,YCL014W
2205,YCL018W
2206,YDL152W
2207,YDL181W
2208,YDR046C
2209,YDR047W
2210,YDR102C
2211,YDR494W
2212,YJL085W
2213,YLR094C
2214,YLR189C
2215,YLR190W
2216,YLR261C
2217,YLR262C
2218,YNL267W
2219,YNR049C
2220,YOL057W
2221,YOL058W
2222,YAL039C
2223,YAL044C
2224,YAL056W
2225,YAL058CA
2226,YBL019W
2227,YBL025W
2228,YBL034C
2229,YBR042C
2230,YBR073W
2231,YBR221C
2232,YBR261C
2233,YBR273C
2234,YBR274W
2235,YBR286W
2236,YBR287W
2237,YCR030C
2238,YDL082W
2239,YDL083C
2240,YDL112W
2241,YDL113C
2242,YDL149W
2243,YDL176W
2244,YDL177C
2245,YDL196W
2246,YDL197C
2247,YDL211C
2248,YDL216C
2249,YDR030C
2250,YDR031W
2251,YDR063W
2252,YDR168W
2253,YDR185C
2254,YDR214W
2255,YDR228C
2256,YDR229W
2257,YDR235W
2258,YDR283C
2259,YDR300C
2260,YDR301W
2261,YDR303C
2262,YEL008W
2263,YER007W
2264,YER082C
2265,YER089C
2266,YER090W
2267,YER099C
2268,YER100W
2269,YER101C
2270,YER102W
2271,YER104W
2272,YER135C
2273,YER136W
2274,YER162C
2275,YFL034CA
2276,YFL034W
2277,YFR049W
2278,YFR057W
2279,YGL050W
2280,YGL113W
2281,YGL186C
2282,YGL263W
2283,YGR036C
2284,YGR049W
2285,YGR070W
2286,YGR112W
2287,YGR120C
2288,YGR158C
2289,YGR197C
2290,YGR198W
2291,YGR246C
2292,YGR247W
2293,YGR248W
2294,YGR261C
2295,YHL009WA
2296,YHR002W
2297,YHR147C
2298,YHR148W
2299,YIL130W
2300,YIL134W
2301,YIL135C
2302,YIR031C
2303,YJL049W
2304,YJL174W
2305,YJR041C
2306,YJR042W
2307,YKL108W
2308,YLR038C
2309,YMR110C
2310,YNL261W
2311,YNL284CA
2312,YNR057C
2313,YNR058W
2314,YNR061C
2315,YOL160W
2316,YOL161C
2317,YOR031W
2318,YOR327C
2319,YOR350C
2320,YPL139C
2321,YPL243W
2322,YPL244C
2323,YPR047W
2324,YPR072W
2325,YPR128C
2326,YPR129W
2327,YPR130C
2328,YPR133C
2329,YPR133WA
2330,YER036C
2331,YER037W
2332,YHR128W
2333,YLR288C
2334,YLR289W
2335,YBL044W
2336,YBL045C
2337,YBL076C
2338,YBL102W
2339,YBR046C
2340,YBR047W
2341,YBR143C
2342,YBR144C
2343,YBR145W
2344,YBR147W
2345,YBR162C
2346,YBR162WA
2347,YBR218C
2348,YBR249C
2349,YBR250W
2350,YBR254C
2351,YBR255W
2352,YCR023C
2353,YCR053W
2354,YDL054C
2355,YDL171C
2356,YDL198C
2357,YDR125C
2358,YDR126W
2359,YDR243C
2360,YDR244W
2361,YDR258C
2362,YDR341C
2363,YDR481C
2364,YEL062W
2365,YEL063C
2366,YER039C
2367,YER052C
2368,YER055C
2369,YER073W
2370,YER085C
2371,YER175C
2372,YER176W
2373,YFL028C
2374,YFR055W
2375,YGL059W
2376,YGL117W
2377,YGL118C
2378,YGL125W
2379,YGL202W
2380,YGR161C
2381,YGR267C
2382,YGR269W
2383,YHR019C
2384,YHR020W
2385,YHR024C
2386,YHR025W
2387,YHR029C
2388,YHR122W
2389,YIL067C
2390,YIL116W
2391,YIL117C
2392,YIL165C
2393,YJL011C
2394,YJL071W
2395,YJL072C
2396,YJL130C
2397,YJL200C
2398,YJL210W
2399,YJL212C
2400,YJR016C
2401,YJR018W
2402,YJR111C
2403,YJR112W
2404,YKL211C
2405,YKR097W
2406,YLL008W
2407,YLL009C
2408,YLR355C
2409,YLR356W
2410,YMR062C
2411,YMR063W
2412,YMR095C
2413,YMR096W
2414,YMR287C
2415,YMR288W
2416,YNL004W
2417,YNL005C
2418,YNL104C
2419,YNL183C
2420,YNL239W
2421,YNL240C
2422,YNL309W
2423,YOL140W
2424,YOL152W
2425,YOR108W
2426,YOR130C
2427,YOR201C
2428,YOR203W
2429,YOR204W
2430,YOR221C
2431,YOR222W
2432,YPL112C
2433,YPL250C
2434,YPL252C
2435,YPL264C
2436,YPR058W
2437,YPR060C
2438,YPR110C
2439,YPR111W
2440,YPR145W
2441,YPR185W
2442,YBR208C
2443,YCL063W
2444,YCL064C
2445,YDR090C
2446,YGL007W
2447,YGL008C
2448,YGR183C
2449,YHL015W
2450,YHL016C
2451,YHR007C
2452,YHR037W
2453,YIR005W
2454,YIR032C
2455,YIR033W
2456,YJL006C
2457,YJL172W
2458,YJL173C
2459,YJR152W
2460,YKR039W
2461,YKR040C
2462,YKR042W
2463,YKR092C
2464,YLL016W
2465,YLL033W
2466,YLL034C
2467,YLR142W
2468,YLR257W
2469,YMR088C
2470,YNL141W
2471,YNL142W
2472,YNL143C
2473,YOL109W
2474,YOR102W
2475,YOR348C
2476,YOR375C
2477,YPR035W
2478,YPR144C
2479,YDR332W
2480,YPL078C
2481,YDL055C
2482,YDL187C
2483,YDR224C
2484,YDR225W
2485,YDR227W
2486,YDR453C
2487,YGL178W
2488,YGL179C
2489,YGL253W
2490,YGR013W
2491,YGR052W
2492,YGR151C
2493,YGR152C
2494,YGR153W
2495,YGR190C
2496,YGR279C
2497,YIL121W
2498,YJL158C
2499,YJR054W
2500,YKR011C
2501,YKR013W
2502,YLR044C
2503,YLR055C
2504,YLR056W
2505,YLR254C
2506,YLR255C
2507,YLR256WA
2508,YLR332W
2509,YNL295W
2510,YNL297C
2511,YNL300W
2512,YNL301C
2513,YOL011W
2514,YOL012C
2515,YOL113W
2516,YOL114C
2517,YOR372C
2518,YOR373W
2519,YOR378W
2520,YPL026C
2521,YPL126W
2522,YPL127C
2523,YPR009W
2524,YBR097W
2525,YCL055W
2526,YCL056C
2527,YNL259C
2528,YBR036C
2529,YDR154C
2530,YDR155C
2531,YDR156W
2532,YDR157W
2533,YDR158W
2534,YDR449C
2535,YDR450W
2536,YDR484W
2537,YEL059W
2538,YEL060C
2539,YJR045C
2540,YJR046W
2541,YKR062W
2542,YLR336C
2543,YLR338W
2544,YLR339C
2545,YLR341W
2546,YDR294C
2547,YIL035C
2548,YIR024C
2549,YIR025W
2550,YNL211C
2551,YBR266C
2552,YBR268W
2553,YDL237W
2554,YDL238C
2555,YDR086C
2556,YDR319C
2557,YDR495C
2558,YGL004C
2559,YGR271W
2560,YKR098C
2561,YLR054C
2562,YML098W
2563,YNL038W
2564,YOR154W
2565,YCL043C
2566,YDR217C
2567,YDR518W
2568,YFR026C
2569,YFR041C
2570,YFR042W
2571,YJL034W
2572,YJL035C
2573,YKL073W
2574,YOL030W
2575,YOL031C
2576,YBR012C
2577,YBR013C
2578,YBR160W
2579,YDR239C
2580,YDR241W
2581,YER022W
2582,YGR127W
2583,YNL260C
2584,YPR056W
2585,YBR152W
2586,YCL034W
2587,YCL035C
2588,YCR066W
2589,YDL004W
2590,YDL005C
2591,YDR164C
2592,YDR165W
2593,YDR342C
2594,YER017C
2595,YFL009W
2596,YFL010C
2597,YFR027W
2598,YGL058W
2599,YGL079W
2600,YGL099W
2601,YGL133W
2602,YGR273C
2603,YHR130C
2604,YHR131C
2605,YHR132WA
2606,YIL037C
2607,YIL136W
2608,YIL137C
2609,YJR005W
2610,YJR058C
2611,YJR059W
2612,YKL138CA
2613,YKR084C
2614,YKR103W
2615,YLR305C
2616,YLR306W
2617,YLR382C
2618,YLR383W
2619,YML123C
2620,YMR222C
2621,YMR223W
2622,YMR267W
2623,YNL233W
2624,YOL148C
2625,YOR163W
2626,YOR164C
2627,YOR165W
2628,YPL132W
2629,YPL133C
2630,YAL001C
2631,YAR002W
2632,YCL074W
2633,YDL147W
2634,YDL148C
2635,YDR470C
2636,YDR471W
2637,YER116C
2638,YER117W
2639,YGL103W
2640,YGL104C
2641,YGR038CA
2642,YGR038CB
2643,YGR040W
2644,YHL012W
2645,YHL013C
2646,YHR086WA
2647,YHR087W
2648,YHR197W
2649,YIL013C
2650,YIL018W
2651,YJL042W
2652,YJL188C
2653,YKL132C
2654,YLR462W
2655,YLR464W
2656,YLR466W
2657,YMR240C
2658,YMR241W
2659,YNL069C
2660,YOL077WA
2661,YOL078W
2662,YOL080C
2663,YOR381W
2664,YPL143W
2665,YPR169W
2666,YPR170C
2667,YPR171W
2668,MAL61
2669,YBR050C
2670,YBR101C
2671,YDL151C
2672,YDR009W
2673,YDR516C
2674,YFL054C
2675,YFR053C
2676,YHR043C
2677,YLL043W
2678,YLR042C
2679,YLR241W
2680,YLR377C
2681,YMR163C
2682,YMR260C
2683,YPR184W
2684,YBL013W
2685,YBL014C
2686,YBL036C
2687,YBL046W
2688,YBL047C
2689,YBL050W
2690,YBL051C
2691,YBR130C
2692,YBR131W
2693,YBR164C
2694,YBR165W
2695,YBR207W
2696,YBR222C
2697,YBR224W
2698,YBR225W
2699,YCR067C
2700,YCR068W
2701,YDL070W
2702,YDL072C
2703,YDL208W
2704,YDL209C
2705,YDR173C
2706,YDR174W
2707,YDR264C
2708,YDR265W
2709,YDR472W
2710,YDR541C
2711,YDR542W
2712,YEL065W
2713,YEL067C
2714,YFR001W
2715,YGL068W
2716,YGL070C
2717,YGL072C
2718,YGL074C
2719,YGL098W
2720,YGL198W
2721,YGL200C
2722,YGL248W
2723,YGR009C
2724,YGR010W
2725,YGR011W
2726,YGR024C
2727,YGR132C
2728,YGR133W
2729,YGR179C
2730,YGR187C
2731,YGR231C
2732,YGR232W
2733,YGR235C
2734,YHR026W
2735,YHR170W
2736,YIL105C
2737,YIL125W
2738,YIL161W
2739,YJR127C
2740,YKL220C
2741,YKR026C
2742,YLL049W
2743,YLL050C
2744,YLL051C
2745,YLR002C
2746,YLR061W
2747,YLR136C
2748,YLR137W
2749,YLR170C
2750,YLR213C
2751,YLR214W
2752,YLR309C
2753,YML124C
2754,YMR047C
2755,YMR048W
2756,YMR058W
2757,YMR086CA
2758,YMR087W
2759,YMR251W
2760,YNL114C
2761,YNL117W
2762,YNL118C
2763,YNL243W
2764,YNL244C
2765,YNL262W
2766,YNL263C
2767,YNL308C
2768,YNR013C
2769,YNR014W
2770,YOR021C
2771,YOR151C
2772,YOR324C
2773,YOR326W
2774,YOR382W
2775,YOR383C
2776,YOR384W
2777,YPL120W
2778,YPL121C
2779,YPL211W
2780,YPL212C
2781,YPR139C
2782,YPR140W
2783,YAL003W
2784,YBL073W
2785,YBR060C
2786,YBR072W
2787,YBR116C
2788,YBR117C
2789,YBR118W
2790,YBR169C
2791,YCL050C
2792,YCL059C
2793,YDR124W
2794,YDR136C
2795,YDR171W
2796,YDR184C
2797,YDR475C
2798,YER103W
2799,YFL016C
2800,YGL036W
2801,YGL037C
2802,YGL144C
2803,YGR210C
2804,YGR211W
2805,YHR049W
2806,YHR082C
2807,YHR083W
2808,YHR104W
2809,YHR173C
2810,YHR174W
2811,YJL082W
2812,YJL144W
2813,YJR117W
2814,YKL035W
2815,YKL037W
2816,YKL123W
2817,YKL124W
2818,YKL152C
2819,YLR050C
2820,YLR216C
2821,YLR327C
2822,YLR347C
2823,YLR349W
2824,YML130C
2825,YMR081C
2826,YMR200W
2827,YNL006W
2828,YNL007C
2829,YNL063W
2830,YNL064C
2831,YNL281W
2832,YNR010W
2833,YOL081W
2834,YOL137W
2835,YOL138C
2836,YOR027W
2837,YOR299W
2838,YOR300W
2839,YPL005W
2840,YPL032C
2841,YPL106C
2842,YPL150W
2843,YPL151C
2844,YPL168W
2845,YPL169C
2846,YPR154W
2847,YAL058W
2848,YAR068W
2849,YBR129C
2850,YBR234C
2851,YBR235W
2852,YCR026C
2853,YCR043C
2854,YCR059C
2855,YCR060W
2856,YDL028C
2857,YDL057W
2858,YDL242W
2859,YDL243C
2860,YDR019C
2861,YDR058C
2862,YDR098C
2863,YDR186C
2864,YDR404C
2865,YDR405W
2866,YDR474C
2867,YEL020C
2868,YEL074W
2869,YEL075C
2870,YER014W
2871,YER027C
2872,YER029C
2873,YER030W
2874,YER031C
2875,YER032W
2876,YER080W
2877,YER161C
2878,YFR009W
2879,YFR011C
2880,YFR012W
2881,YFR020W
2882,YGL046W
2883,YGL231C
2884,YGR018C
2885,YGR037C
2886,YGR038W
2887,YGR104C
2888,YGR105W
2889,YHL021C
2890,YHR039C
2891,YHR067W
2892,YHR105W
2893,YHR182W
2894,YHR199C
2895,YHR200W
2896,YIL001W
2897,YIL002C
2898,YIL015CA
2899,YIL041W
2900,YIL042C
2901,YIL044C
2902,YIL063C
2903,YIL102C
2904,YIL106W
2905,YIL107C
2906,YIL138C
2907,YJL008C
2908,YJL012C
2909,YJL033W
2910,YJL050W
2911,YJL095W
2912,YJL126W
2913,YJL127C
2914,YJR033C
2915,YJR034W
2916,YKL011C
2917,YKL060C
2918,YKL090W
2919,YKL091C
2920,YLR290C
2921,YLR440C
2922,YML048WA
2923,YML077W
2924,YMR139W
2925,YMR146C
2926,YMR147W
2927,YMR218C
2928,YMR219W
2929,YMR229C
2930,YMR230W
2931,YMR277W
2932,YNL051W
2933,YNL061W
2934,YNL062C
2935,YNL073W
2936,YNL074C
2937,YNL097C
2938,YNL138W
2939,YNL139C
2940,YNL234W
2941,YNL235C
2942,YNL323W
2943,YNR002C
2944,YOL022C
2945,YOL072W
2946,YOL073C
2947,YOL076W
2948,YOL077C
2949,YOL107W
2950,YOL112W
2951,YOL146W
2952,YOL147C
2953,YOR043W
2954,YOR060C
2955,YOR061W
2956,YOR359W
2957,YPL048W
2958,YPL049C
2959,YPL108W
2960,YPL109C
2961,YPL114W
2962,YPL115C
2963,YPL207W
2964,YPL279C
2965,YPR027C
2966,YPR028W
2967,YBR069C
2968,YDL214C
2969,YDR343C
2970,YGL055W
2971,YGL056C
2972,YIL012W
2973,YJR150C
2974,YOR107W
2975,YPL012W
2976,YPL062W
2977,YAL065C
2978,YAL067C
2979,YAL068C
2980,YDR223W
2981,YEL073C
2982,YFL052W
2983,YFR039C
2984,YFR040W
2985,YGR027C
2986,YGR027WA
2987,YGR027WB
2988,YKL004W
2989,YKL005C
2990,YKL219W
2991,YOL041C
2992,YPR051W
2993,YIL115C
2994,YJR010CA
2995,YMR283C
2996,YNL136W
2997,YNL137C
2998,YOL023W
2999,YPL043W
3000,YCL039W
3001,YCL041C
3002,YDL206W
3003,YEL030W
3004,YKL189W
3005,YMR238W
3006,YPL092W
3007,YPL123C
3008,YAL004W
3009,YBR216C
3010,YBR217W
3011,YGL134W
3012,YGL135W
3013,YGL136C
3014,YGL190C
3015,YIL014CA
3016,YIL158W
3017,YLR027C
3018,YLR065C
3019,YLR066W
3020,YLR368W
3021,YML055W
3022,YML056C
3023,YMR013C
3024,YNL032W
3025,YNL034W
3026,YNL035C
3027,YOL154W
3028,YOL155C
3029,YAL027W
3030,YAL037W
3031,YBR086C
3032,YBR087W
3033,YDR370C
3034,YDR371W
3035,YDR393W
3036,YGR073C
3037,YGR168C
3038,YHR072W
3039,YHR072WA
3040,YJL145W
3041,YJR075W
3042,YKR087C
3043,YMR071C
3044,YMR072W
3045,YMR134W
3046,YMR194W
3047,YMR257C
3048,YMR259C
3049,YNR055C
3050,YOR209C
3051,YOR210W
3052,YOR258W
3053,YOR280C
3054,YOR282W
3055,YPL070W
3056,YPL071C
3057,YPL073C
3058,YPL122C
3059,YPR179C
3060,YPR180W
3061,YPR197C
3062,YGR289C
3063,YGR292W
3064,YCR063W
3065,YHR088W
3066,YNL265C
3067,YNL285W
3068,YOL115W
3069,YDR101C
3070,YFL002WA
3071,YFL002WB
3072,YFL003C
3073,YFL017C
3074,YLR374C
3075,YAL028W
3076,YAL029C
3077,YAR020C
3078,YAR027W
3079,YBL004W
3080,YBL060W
3081,YBL061C
3082,YBR023C
3083,YBR024W
3084,YBR084W
3085,YBR156C
3086,YBR200W
3087,YCR017C
3088,YDL128W
3089,YDL135C
3090,YDR034CA
3091,YDR085C
3092,YDR240C
3093,YDR249C
3094,YDR250C
3095,YDR251W
3096,YDR506C
3097,YDR530C
3098,YDR531W
3099,YER064C
3100,YER155C
3101,YER159CA
3102,YER160C
3103,YER185W
3104,YER188W
3105,YFL020C
3106,YFL025C
3107,YFL027C
3108,YGL097W
3109,YGL116W
3110,YGL163C
3111,YGR032W
3112,YGR107W
3113,YHR086W
3114,YHR205W
3115,YHR212C
3116,YHR214W
3117,YHR214WA
3118,YIL082W
3119,YIL082WA
3120,YIL083C
3121,YJL113W
3122,YJL114W
3123,YJL157C
3124,YJL163C
3125,YJL169W
3126,YJL170C
3127,YKL002W
3128,YKL003C
3129,YKR076W
3130,YLL057C
3131,YLR230W
3132,YLR275W
3133,YLR353W
3134,YLR453C
3135,YLR454W
3136,YML005W
3137,YML046W
3138,YML047C
3139,YMR045C
3140,YMR046C
3141,YMR197C
3142,YMR235C
3143,YMR236W
3144,YMR244CA
3145,YMR246W
3146,YNL024CA
3147,YNL106C
3148,YNL208W
3149,YNL272C
3150,YOR086C
3151,YOR087W
3152,YOR092W
3153,YOR095C
3154,YOR096W
3155,YOR343C
3156,YOR343CA
3157,YOR343CB
3158,YOR343WA
3159,YOR343WB
3160,YOR381WA
3161,YPL192C
3162,YPR005C
3163,YPR122W
3164,YPR135W
3165,YPR142C
3166,YPR155C
3167,YPR165W
3168,YBR063C
3169,YCR037C
3170,YDL034W
3171,YDL036C
3172,YGR004W
3173,YGR093W
3174,YMR004W
3175,YOL049W
3176,YOL050C
3177,YBR210W
3178,YDR231C
3179,YDR232W
3180,YDR248C
3181,YEL041W
3182,YHR163W
3183,YHR183W
3184,YLR401C
3185,YLR402W
3186,YNL126W
3187,YPL061W
3188,YPR016C
3189,YBL099W
3190,YBR032W
3191,YBR053C
3192,YBR054W
3193,YBR243C
3194,YBR244W
3195,YDL006W
3196,YDL024C
3197,YDR357C
3198,YDR358W
3199,YEL017CA
3200,YEL017W
3201,YER149C
3202,YER150W
3203,YER152C
3204,YER153C
3205,YER154W
3206,YFL053W
3207,YFR024C
3208,YFR024CA
3209,YGR015C
3210,YGR016W
3211,YGR138C
3212,YGR140W
3213,YHR004C
3214,YIL040W
3215,YJL048C
3216,YJL079C
3217,YKL063C
3218,YLL018CA
3219,YLR020C
3220,YLR021W
3221,YLR110C
3222,YLR111W
3223,YLR253W
3224,YLR258W
3225,YLR414C
3226,YML007CA
3227,YML052W
3228,YML053C
3229,YML073C
3230,YML088W
3231,YML089C
3232,YML091C
3233,YMR252C
3234,YNL014W
3235,YNL015W
3236,YNL071W
3237,YNL092W
3238,YNL098C
3239,YNL170W
3240,YNL172W
3241,YNL173C
3242,YOL095C
3243,YOR207C
3244,YOR349W
3245,YPL041C
3246,YPR064W
3247,YPR159CA
3248,YPR160W
3249,YPR161C
3250,YBR251W
3251,YDL093W
3252,YDL096C
3253,YHL036W
3254,YHL037C
3255,YKR060W
3256,YBL095W
3257,YHR050W
3258,YBL056W
3259,YBL057C
3260,YBL081W
3261,YBL082C
3262,YBL083C
3263,YBR138C
3264,YBR139W
3265,YCR075C
3266,YCR075WA
3267,YDL084W
3268,YDR027C
3269,YDR107C
3270,YDR108W
3271,YDR324C
3272,YDR325W
3273,YER122C
3274,YER123W
3275,YFL037W
3276,YFL038C
3277,YFR018C
3278,YFR019W
3279,YFR051C
3280,YFR052W
3281,YGL092W
3282,YGR092W
3283,YGR171C
3284,YHR118C
3285,YHR119W
3286,YJL189W
3287,YJL190C
3288,YJR091C
3289,YJR092W
3290,YKL157W
3291,YKR054C
3292,YKR055W
3293,YKR059W
3294,YLR209C
3295,YLR210W
3296,YLR399C
3297,YLR400W
3298,YMR086W
3299,YMR183C
3300,YMR184W
3301,YNL174W
3302,YNL176C
3303,YNR046W
3304,YOR312C
3305,YOR357C
3306,YOR358W
3307,YPL116W
3308,YPL117C
3309,YPL140C
3310,YPL155C
3311,YPL226W
3312,YPL227C
3313,YPR195C
3314,YIL038C
3315,YLR067C
3316,YLR068W
3317,YMR126C
3318,YOR339C
3319,YAR047C
3320,YAR066W
3321,YBL005WA
3322,YBR202W
3323,YCL032W
3324,YCL033C
3325,YCL036W
3326,YCL037C
3327,YCR031C
3328,YDL075W
3329,YDL076C
3330,YDR204W
3331,YDR271C
3332,YDR272W
3333,YEL076C
3334,YEL076CA
3335,YER066W
3336,YER075C
3337,YER180C
3338,YER183C
3339,YFL045C
3340,YFL062W
3341,YFR022W
3342,YGL153W
3343,YGL154C
3344,YGR194C
3345,YGR195W
3346,YHR036W
3347,YHR103W
3348,YIL066C
3349,YJL134W
3350,YJL135W
3351,YJL136C
3352,YKL019W
3353,YKL100C
3354,YKL217W
3355,YKL218C
3356,YLR039C
3357,YLR244C
3358,YLR268W
3359,YLR357W
3360,YML038C
3361,YML070W
3362,YML071C
3363,YMR082C
3364,YMR083W
3365,YMR166C
3366,YMR167W
3367,YNL048W
3368,YNL049C
3369,YNL135C
3370,YNL306W
3371,YNL307C
3372,YNR029C
3373,YNR030W
3374,YNR036C
3375,YOL024W
3376,YOR097C
3377,YOR198C
3378,YOR199W
3379,YPL090C
3380,YPR131C
3381,YPR132W
3382,YBL041W
3383,YBL042C
3384,YBR195C
3385,YBR209W
3386,YDL236W
3387,YDR065W
3388,YDR099W
3389,YGL203C
3390,YGR154C
3391,YGR155W
3392,YJL133W
3393,YKL118W
3394,YKR038C
3395,YLR031W
3396,YLR138W
3397,YLR139C
3398,YOR376W
3399,YGR084C
3400,YHR145C
3401,YJL055W
3402,YKL175W
3403,YKL176C
3404,YML065W
3405,YML066C
3406,YNL253W
3407,YNL254C
3408,YGL230C
3409,YLR127C
3410,YLR128W
3411,YLR308W
3412,YNL116W
3413,YOL079W
3414,YBR166C
3415,YKL136W
3416,YKR056W
3417,YLL047W
3418,YLL048C
3419,YLR265C
3420,YDR166C
3421,YDR167W
3422,YGL262W
3423,YHL008C
3424,YOR388C
3425,YOR389W
3426,YPL274W
3427,YPL275W
3428,YPL278C
3429,YAL026C
3430,YBR039W
3431,YBR089CA
3432,YBR090C
3433,YCR087CA
3434,YCR088W
3435,YDL051W
3436,YDL052C
3437,YDL120W
3438,YDL121C
3439,YDR141C
3440,YDR160W
3441,YDR396W
3442,YDR502C
3443,YEL043W
3444,YER043C
3445,YER114C
3446,YFL017WA
3447,YFL018C
3448,YFL032W
3449,YFL033C
3450,YFR033C
3451,YGL187C
3452,YGL207W
3453,YGR116W
3454,YGR200C
3455,YGR229C
3456,YGR230W
3457,YHR001WA
3458,YHR089C
3459,YHR098C
3460,YHR099W
3461,YHR112C
3462,YHR113W
3463,YIL074C
3464,YIL126W
3465,YIL127C
3466,YIR006C
3467,YJL109C
3468,YJL149W
3469,YJL150W
3470,YJL151C
3471,YJL166W
3472,YJL167W
3473,YJL168C
3474,YJL209W
3475,YJL211C
3476,YJR009C
3477,YJR139C
3478,YKL191W
3479,YKL192C
3480,YKR057W
3481,YKR073C
3482,YLL010C
3483,YLL055W
3484,YLL056C
3485,YLR033W
3486,YLR149C
3487,YLR150W
3488,YLR151C
3489,YLR155C
3490,YLR156W
3491,YLR157C
3492,YLR157CA
3493,YLR157CB
3494,YLR158C
3495,YLR280C
3496,YLR281C
3497,YLR283W
3498,YLR409C
3499,YLR410W
3500,YML017W
3501,YML018C
3502,YMR131C
3503,YMR196W
3504,YMR216C
3505,YMR217W
3506,YMR253C
3507,YMR254C
3508,YMR255W
3509,YMR301C
3510,YNL080C
3511,YNL094W
3512,YNL095C
3513,YNL221C
3514,YNR033W
3515,YNR051C
3516,YOR038C
3517,YOR039W
3518,YOR054C
3519,YOR064C
3520,YOR065W
3521,YOR098C
3522,YOR099W
3523,YOR270C
3524,YPL068C
3525,YPL221W
3526,YPL235W
3527,YPL236C
3528,YPL254W
3529,YPR102C
3530,YPR103W
3531,YPR200C
3532,YPR201W
3533,YDR056C
3534,YDR057W
3535,YDR080W
3536,YDR292C
3537,YER171W
3538,YOR239W
3539,YOR240W
3540,YOR263C
3541,YOR265W
3542,YDL050C
3543,YGR257C
3544,YHL035C
3545,YLL026W
3546,YLR126C
3547,YLR143W
3548,YMR041C
3549,YNL268W
3550,YNL270C
3551,YBR099C
3552,YFR002W
3553,YJL175W
3554,YJR160C
3555,YLL041C
3556,YLR166C
3557,YLR167W
3558,YLR287C
3559,YOR023C
3560,YOR024W
3561,YOR025W
3562,YOR253W
3563,YBR067C
3564,YDL047W
3565,YDR261C
3566,YEL038W
3567,YEL039C
3568,YEL068C
3569,YER033C
3570,YER034W
3571,YIL010W
3572,YIL176C
3573,YJL138C
3574,YMR015C
3575,YMR018W
3576,YMR020W
3577,YMR137C
3578,YMR138W
3579,YOR275C
3580,YOR276W
3581,YBR074W
3582,YCL040W
3583,YDL192W
3584,YDR004W
3585,YDR073W
3586,YDR353W
3587,YER062C
3588,YGR089W
3589,YHL038C
3590,YHR034C
3591,YHR035W
3592,YJL098W
3593,YJR118C
3594,YKL085W
3595,YLL024C
3596,YLL063C
3597,YLR053C
3598,YLR277C
3599,YML057W
3600,YMR105C
3601,YMR119W
3602,YMR119WA
3603,YMR169C
3604,YMR170C
3605,YOR018W
3606,YOR228C
3607,YOR229W
3608,YPL146C
3609,YDL104C
3610,YDL205C
3611,YDR148C
3612,YDR298C
3613,YDR299W
3614,YDR529C
3615,YHR001W
3616,YHR050WA
3617,YHR111W
3618,YIL043C
3619,YJL058C
3620,YJL059W
3621,YJR121W
3622,YKL141W
3623,YLR395C
3624,YMR256C
3625,YNL052W
3626,YNL054WA
3627,YNL054WB
3628,YNL055C
3629,YOR256C
3630,YOR257W
3631,YPL270W
3632,YPL271W
3633,YPL272C
3634,YPR020W
3635,YPR068C
3636,YPR186C
3637,YPR187W
3638,YPR190C
3639,YPR191W
3640,YAL041W
3641,YAL042W
3642,YAL043C
3643,YAL043CA
3644,YBL007C
3645,YBL038W
3646,YBL039C
3647,YBL079W
3648,YBL080C
3649,YBR011C
3650,YBR080C
3651,YBR146W
3652,YBR211C
3653,YBR212W
3654,YCL001W
3655,YCL001WA
3656,YCL004W
3657,YCL005W
3658,YCL011C
3659,YCL016C
3660,YCL017C
3661,YCR001W
3662,YCR003W
3663,YDL010W
3664,YDL105W
3665,YDL116W
3666,YDL122W
3667,YDL130WA
3668,YDL145C
3669,YDL189W
3670,YDL190C
3671,YDR130C
3672,YDR194C
3673,YDR194WA
3674,YDR195W
3675,YDR233C
3676,YDR234W
3677,YDR280W
3678,YDR295C
3679,YDR296W
3680,YDR326C
3681,YDR327W
3682,YDR329C
3683,YDR330W
3684,YDR339C
3685,YDR340W
3686,YDR361C
3687,YDR363WA
3688,YDR384C
3689,YDR385W
3690,YDR422C
3691,YDR454C
3692,YDR456W
3693,YFL047W
3694,YFL048C
3695,YGL106W
3696,YGL107C
3697,YGL222C
3698,YGL228W
3699,YGL229C
3700,YGR056W
3701,YGR128C
3702,YGR129W
3703,YGR185C
3704,YGR186W
3705,YHR090C
3706,YHR115C
3707,YHR116W
3708,YIL134CA
3709,YIR010W
3710,YJL062W
3711,YJL062WA
3712,YJL063C
3713,YJL111W
3714,YJL176C
3715,YJL183W
3716,YJL201W
3717,YJL202C
3718,YJR062C
3719,YJR063W
3720,YJR093C
3721,YJR116W
3722,YKL014C
3723,YKL028W
3724,YKL029C
3725,YKL135C
3726,YKL143W
3727,YKL144C
3728,YKL167C
3729,YKL172W
3730,YKL190W
3731,YKR029C
3732,YKR030W
3733,YKR081C
3734,YKR082W
3735,YLR024C
3736,YLR025W
3737,YLR229C
3738,YLR396C
3739,YML081CA
3740,YMR005W
3741,YMR033W
3742,YMR060C
3743,YMR061W
3744,YMR092C
3745,YMR093W
3746,YMR129W
3747,YNL085W
3748,YNL119W
3749,YNL121C
3750,YNL189W
3751,YNL212W
3752,YNL213C
3753,YNL255C
3754,YNL287W
3755,YNR037C
3756,YNR038W
3757,YOL036W
3758,YOL068C
3759,YOR045W
3760,YOR205C
3761,YOR206W
3762,YOR309C
3763,YOR310C
3764,YPL013C
3765,YPL036W
3766,YPL037C
3767,YPL228W
3768,YPL232W
3769,YPR017C
3770,YPR018W
3771,YPR176C
3772,YPR178W
3773,YKL079W
3774,YOL007C
3775,YAL025C
3776,YKL049C
3777,YNL256W
3778,YNL257C
3779,YOL042W
3780,YOL043C
3781,YOR174W
3782,YAL045C
3783,YAL046C
3784,YDR409W
3785,YER061C
3786,YER091CA
3787,YGL236C
3788,YKR079C
3789,YKR080W
3790,YLR057W
3791,YLR058C
3792,YLR059C
3793,YLR060W
3794,YLR358C
3795,YMR187C
3796,YMR243C
3797,YMR244W
3798,YJR161C
3799,YDL158C
3800,YDR142C
3801,YJL179W
3802,YJL180C
3803,YKL202W
3804,YKL203C
3805,YKR035C
3806,YKR051W
3807,YLR418C
3808,YLR419W
3809,YLR420W
3810,YOR090C
3811,YOR091W
3812,YPR081C
3813,YER047C
3814,YGL171W
3815,YHL005C
3816,YHL006C
3817,YIL084C
3818,YJR133W
3819,YLR325C
3820,YLR326W
3821,YMR080C
3822,YNL010W
3823,YNL011C
3824,YNL296W
3825,YPR032W
3826,YER081W
3827,YER126C
3828,YER127W
3829,YFL055W
3830,YGL006WA
3831,YGL007CA
3832,YJL075C
3833,YNL097CA
3834,YGL239C
3835,YJL092W
3836,YJL093C
3837,YJR057W
3838,YKL045W
3839,YMR122C
3840,YMR123W
3841,YAR060C
3842,YAR061W
3843,YBR055C
3844,YBR056W
3845,YBR119W
3846,YBR198C
3847,YBR199W
3848,YBR270C
3849,YBR271W
3850,YBR279W
3851,YCL020W
3852,YCL022C
3853,YCL038C
3854,YCR015C
3855,YCR016W
3856,YCR028CA
3857,YCR100C
3858,YDL053C
3859,YDR260C
3860,YDR315C
3861,YDR316W
3862,YDR320C
3863,YDR321W
3864,YDR479C
3865,YDR480W
3866,YDR487C
3867,YER024W
3868,YER039CA
3869,YER141W
3870,YER147C
3871,YER148W
3872,YER159C
3873,YER181C
3874,YER182W
3875,YFR037C
3876,YFR038W
3877,YGL080W
3878,YGR020C
3879,YGR021W
3880,YGR199W
3881,YHL023C
3882,YHR063C
3883,YHR085W
3884,YIL094C
3885,YJL154C
3886,YJR129C
3887,YJR151C
3888,YKL107W
3889,YKL137W
3890,YKL138C
3891,YKR028W
3892,YKR043C
3893,YKR044W
3894,YKR070W
3895,YKR089C
3896,YKR090W
3897,YLL001W
3898,YLR071C
3899,YLR072W
3900,YLR181C
3901,YLR250W
3902,YML074C
3903,YMR299C
3904,YNL016W
3905,YNL017C
3906,YNL067W
3907,YNL076W
3908,YNL146W
3909,YNR019W
3910,YOL033W
3911,YOR152C
3912,YOR251C
3913,YOR252W
3914,YOR304W
3915,YOR394W
3916,YPL039W
3917,YPL040C
3918,YPL083C
3919,YPL193W
3920,YPR066W
3921,YPR188C
3922,YPR189W
3923,YDR490C
3924,YDR492W
3925,YEL033W
3926,YEL034W
3927,YEL035C
3928,YEL036C
3929,YER053C
3930,YHR190W
3931,YIL155C
3932,YJR047C
3933,YKR046C
3934,YKR047W
3935,YLR154C
3936,YML126C
3937,YMR220W
3938,YMR282C
3939,YNR041C
3940,YNR043W
3941,YOL027C
3942,YOR356W
3943,YPL218W
3944,YBL068W
3945,YBL070C
3946,YBR121C
3947,YBR185C
3948,YBR186W
3949,YBR188C
3950,YBR189W
3951,YDL133W
3952,YDR440W
3953,YGR117C
3954,YGR118W
3955,YGR191W
3956,YHR021C
3957,YHR021WA
3958,YJR123W
3959,YLR185W
3960,YML024W
3961,YML025C
3962,YML026C
3963,YMR142C
3964,YMR143W
3965,YNL162W
3966,YNL163C
3967,YPR021C
3968,YGL009C
3969,YHR175W
3970,YHR207C
3971,YHR208W
3972,YHR218W
3973,YJL191W
3974,YJL192C
3975,YJR001W
3976,YKL120W
3977,YOL013WB
3978,YOR001W
3979,YOR011WA
3980,YPR108WA
3981,YDL183C
3982,YDR308C
3983,YJL047CA
3984,YLL059C
3985,YOL118C
3986,YPL091W
3987,YAL047C
3988,YAR023C
3989,YAR062W
3990,YBL031W
3991,YBR002C
3992,YBR003W
3993,YBR290W
3994,YCR025C
3995,YCR034W
3996,YDL124W
3997,YDL125C
3998,YDL218W
3999,YDR012W
4000,YDR014W
4001,YDR131C
4002,YDR175C
4003,YDR176W
4004,YDR410C
4005,YDR514C
4006,YDR515W
4007,YEL032W
4008,YEL049W
4009,YER038C
4010,YER167W
4011,YER172C
4012,YER173W
4013,YFL046W
4014,YFL061W
4015,YGL232W
4016,YGR017W
4017,YGR028W
4018,YGR076C
4019,YGR077C
4020,YGR123C
4021,YGR124W
4022,YGR134W
4023,YGR181W
4024,YGR212W
4025,YGR295C
4026,YHR181W
4027,YHR191C
4028,YHR192W
4029,YIL062C
4030,YIL085C
4031,YIL139C
4032,YIR042C
4033,YJL081C
4034,YJL083W
4035,YJL084C
4036,YJL104W
4037,YJL223C
4038,YJR003C
4039,YKL042W
4040,YKL080W
4041,YKR074W
4042,YKR088C
4043,YKR094C
4044,YKR095W
4045,YLL028W
4046,YLR188W
4047,YLR273C
4048,YLR274W
4049,YLR363C
4050,YLR364W
4051,YLR381W
4052,YLR384C
4053,YLR436C
4054,YML006C
4055,YML010CB
4056,YMR001C
4057,YMR002W
4058,YMR154C
4059,YMR155W
4060,YMR204C
4061,YNL072W
4062,YNL209W
4063,YOL003C
4064,YOL139C
4065,YOR010C
4066,YOR011W
4067,YOR112W
4068,YOR124C
4069,YOR308C
4070,YOR377W
4071,YOR393W
4072,YPL118W
4073,YPL119C
4074,YPL149W
4075,YPL255W
4076,YPR003C
4077,YPR059C
4078,YPR095C
4079,YBL074C
4080,YCR099C
4081,YGR220C
4082,YAL061W
4083,YCR024C
4084,YDL204W
4085,YDR517W
4086,YGL167C
4087,YGR087C
4088,YGR113W
4089,YGR130C
4090,YGR131W
4091,YGR244C
4092,YGR286C
4093,YHR013C
4094,YHR054C
4095,YHR073W
4096,YHR201C
4097,YHR202W
4098,YJR102C
4099,YJR103W
4100,YKL156W
4101,YMR205C
4102,YMR206W
4103,YMR321C
4104,YNL018C
4105,YNL150W
4106,YNL151C
4107,YNL302C
4108,YOL132W
4109,YOR020C
4110,YOR082C
4111,YOR084W
4112,YOR352W
4113,YBR292C
4114,YJL193W
4115,YJL195C
4116,YMR031C
4117,YMR032W
4118,YPL215W
4119,YGR136W
4120,YGR137W
4121,YJR049C
4122,YJR050W
4123,YLR411W
4124,YPR123C
4125,YPR125W
4126,YDR013W
4127,YER077C
4128,YFL012W
4129,YFL013C
4130,YJL164C
4131,YKL034W
4132,YKL036C
4133,YKL070W
4134,YLL027W
4135,YLR163C
4136,YLR164W
4137,YNL158W
4138,YNL159C
4139,YOR238W
4140,YNL050C
4141,YOR073W
4142,YBL026W
4143,YBR037C
4144,YBR038W
4145,YDR150W
4146,YDR389W
4147,YER074WA
4148,YGL021W
4149,YML109W
4150,YML110C
4151,YNL056W
4152,YNL058C
4153,YNR062C
4154,YNR063W
4155,YPL044C
4156,YPR112C
4157,YPR113W
4158,YKR003W
4159,YMR106C
4160,YPR141C
4161,YDL062W
4162,YGL247W
4163,YKR008W
4164,YLR175W
4165,YAL024C
4166,YBL097W
4167,YBR009C
4168,YBR010W
4169,YBR133C
4170,YBR135W
4171,YDR032C
4172,YHR031C
4173,YHR032W
4174,YLL018C
4175,YML063W
4176,YML064C
4177,YMR105WA
4178,YNL046W
4179,YNL047C
4180,YPL142C
4181,YDR226W
4182,YNL277WA
4183,YHR096C
4184,YAL033W
4185,YAL034C
4186,YBR084CA
4187,YBR085W
4188,YBR181C
4189,YCR024CB
4190,YDL133CA
4191,YDL191W
4192,YDR024W
4193,YDR025W
4194,YDR100W
4195,YDR188W
4196,YGL030W
4197,YGL031C
4198,YGL188CA
4199,YGL189C
4200,YGR033C
4201,YGR034W
4202,YHR203C
4203,YHR204W
4204,YJL026W
4205,YJL177W
4206,YJL178C
4207,YKL006CA
4208,YKL006W
4209,YKL180W
4210,YLR333C
4211,YLR344W
4212,YLR387C
4213,YLR388W
4214,YLR442C
4215,YMR242C
4216,YMR242WA
4217,YNL096C
4218,YNL144C
4219,YNL162WA
4220,YNL329C
4221,YOL127W
4222,YOL128C
4223,YOR292C
4224,YOR293W
4225,YPL131W
4226,YPL144W
4227,YPL145C
4228,YPR080W
4229,YBL027W
4230,YBL028C
4231,YBR174C
4232,YBR176W
4233,YDL233W
4234,YDL234C
4235,YDR181C
4236,YDR182W
4237,YGR144W
4238,YHR133C
4239,YHR134W
4240,YJL052W
4241,YLL054C
4242,YLR193C
4243,YLR298C
4244,YLR299W
4245,YML086C
4246,YMR031WA
4247,YMR316CB
4248,YMR318C
4249,YNL249C
4250,YPR085C
4251,YPR086W
4252,YCR102WA
4253,YCR104W
4254,YCR108C
4255,YJR013W
4256,YMR118C
4257,YBL106C
4258,YHR123W
4259,YNL044W
4260,YNL028W
4261,YAL037CA
4262,YBR201W
4263,YBR295W
4264,YDL129W
4265,YDR338C
4266,YDR504C
4267,YDR505C
4268,YEL052W
4269,YEL053C
4270,YFR016C
4271,YGR035WA
4272,YGR145W
4273,YGR178C
4274,YHL044W
4275,YIL045W
4276,YIR001C
4277,YJL028W
4278,YJL029C
4279,YJR061W
4280,YJR083C
4281,YJR084W
4282,YJR154W
4283,YKL223W
4284,YKL224C
4285,YLL006WA
4286,YLL061W
4287,YLL062C
4288,YLR001C
4289,YLR029C
4290,YLR030W
4291,YLR264CA
4292,YMR089C
4293,YMR090W
4294,YMR265C
4295,YMR266W
4296,YNL039W
4297,YOL133W
4298,YOL135C
4299,YOR311C
4300,YPL165C
4301,YPR014C
4302,YPR022C
4303,YEL002C
4304,YHR005CA
4305,YLR035C
4306,YOL099C
4307,YOR188W
4308,YAL007C
4309,YAR073W
4310,YBR061C
4311,YCR045C
4312,YDL027C
4313,YDL229W
4314,YDR210WC
4315,YEL003W
4316,YGR225W
4317,YIR007W
4318,YOR139C
4319,YDL078C
4320,YGL205W
4321,YJR019C
4322,YKL188C
4323,YLR239C
4324,YLR240W
4325,YLR284C
4326,YNL009W
4327,YNL202W
4328,YOL002C
4329,YOR301W
4330,YPL095C
4331,YBR196CA
4332,YBR196CB
4333,YER097W
4334,YER098W
4335,YER138WA
4336,YIL061C
4337,YOR192C
4338,YDR417C
4339,YDR419W
4340,YDR524C
4341,YDR524WA
4342,YDR525W
4343,YHR143WA
4344,YBR291C
4345,YBR293W
4346,YFR005C
4347,YFR006W
4348,YBR132C
4349,YBR134W
4350,YFL041W
4351,YFL042C
4352,YFL043C
4353,YGL260W
4354,YIL070C
4355,YJL205CA
4356,YJR135C
4357,YLL064C
4358,YLR120C
4359,YLR285W
4360,YMR034C
4361,YMR035W
4362,YNL193W
4363,YNL194C
4364,YOR330C
4365,YOR332W
4366,YOR396W
4367,YGL206C
4368,MEL1
4369,YAL049C
4370,YAR002CA
4371,YAR003W
4372,YBR021W
4373,YBR022W
4374,YDR005C
4375,YDR006C
4376,YDR008C
4377,YDR491C
4378,YDR493W
4379,YEL056W
4380,YEL057C
4381,YGR102C
4382,YGR103W
4383,YGR172C
4384,YGR173W
4385,YLR076C
4386,YLR077W
4387,YLR080W
4388,YNR081W
4389,YOR119C
4390,YOR120W
4391,YGL005C
4392,YGR091W
4393,YLR450W
4394,YML102W
4395,YML103C
4396,YMR149W
4397,YOL025W
4398,YOL026C
4399,YOR223W
4400,YBL069W
4401,YBL071CB
4402,YBL071WA
4403,YBL072C
4404,YDL134C
4405,YDR447C
4406,YDR448W
4407,YER056CA
4408,YER088C
4409,YFR032CA
4410,YFR032CB
4411,YGL188C
4412,YGR085C
4413,YGR213C
4414,YGR214W
4415,YHL001W
4416,YHL015WA
4417,YHL033C
4418,YIL053W
4419,YIL054W
4420,YIL055C
4421,YLL045C
4422,YLR184W
4423,YLR264W
4424,YLR337C
4425,YLR340W
4426,YLR441C
4427,YML062C
4428,YMR064W
4429,YMR116C
4430,YNL067WB
4431,YOL120C
4432,YOR161C
4433,YOR182C
4434,YOR183W
4435,YOR184W
4436,YPL079W
4437,YPL080C
4438,YPL199C
4439,YPR042C
4440,YPR043W
