111,28	28,148	148,152	152,31	31,124	124,150	150,153	153,73	73,34	34,33	33,27	27,141	141,95	95,44	44,140	140,29	29,147	147,15	15,9	9,19	19,130	130,139	139,16	16,14	14,69	69,136	136,142	142,66	66,21	21,159	159,145	145,121	121,113	113,97	97,103	103,86	86,106	106,20	20,6	6,17	17,126	126,131	131,23	23,8	8,36	36,98	98,7	7,137	137,105	105,89	89,12	12,3	3,4	4,157	157,0	0,111	
111,158	158,148	148,152	152,31	31,124	124,150	150,153	153,73	73,34	34,33	33,27	27,141	141,95	95,44	44,140	140,29	29,147	147,15	15,9	9,19	19,130	130,139	139,16	16,14	14,69	69,136	136,142	142,66	66,21	21,159	159,145	145,121	121,113	113,97	97,103	103,86	86,106	106,20	20,6	6,17	17,126	126,131	131,23	23,8	8,36	36,98	98,7	7,137	137,105	105,89	89,12	12,3	3,4	4,157	157,0	0,111	
111,148	148,152	152,31	31,124	124,150	150,153	153,73	73,34	34,33	33,27	27,141	141,95	95,44	44,140	140,29	29,147	147,15	15,9	9,19	19,130	130,139	139,16	16,14	14,69	69,136	136,142	142,66	66,21	21,159	159,145	145,121	121,113	113,97	97,103	103,86	86,106	106,20	20,6	6,17	17,126	126,131	131,23	23,8	8,36	36,98	98,7	7,137	137,105	105,89	89,12	12,3	3,4	4,157	157,0	0,111	
111,152	152,31	31,124	124,150	150,153	153,73	73,34	34,33	33,27	27,141	141,95	95,44	44,140	140,29	29,147	147,15	15,9	9,19	19,130	130,139	139,16	16,14	14,69	69,136	136,142	142,66	66,21	21,159	159,145	145,121	121,113	113,97	97,103	103,86	86,106	106,20	20,6	6,17	17,126	126,131	131,23	23,8	8,36	36,98	98,7	7,137	137,105	105,89	89,12	12,3	3,4	4,157	157,0	0,111	
111,31	31,124	124,150	150,153	153,73	73,34	34,33	33,27	27,141	141,95	95,44	44,140	140,29	29,147	147,15	15,9	9,19	19,130	130,139	139,16	16,14	14,69	69,136	136,142	142,66	66,21	21,159	159,145	145,121	121,113	113,97	97,103	103,86	86,106	106,20	20,6	6,17	17,126	126,131	131,23	23,8	8,36	36,98	98,7	7,137	137,105	105,89	89,12	12,3	3,4	4,157	157,0	0,111	
111,57	57,155	155,150	150,153	153,73	73,34	34,33	33,27	27,141	141,95	95,44	44,140	140,29	29,147	147,15	15,9	9,19	19,130	130,139	139,16	16,14	14,69	69,136	136,142	142,66	66,21	21,159	159,145	145,121	121,113	113,97	97,103	103,86	86,106	106,20	20,6	6,17	17,126	126,131	131,23	23,8	8,36	36,98	98,7	7,137	137,105	105,89	89,12	12,3	3,4	4,157	157,0	0,111	
111,155	155,150	150,153	153,73	73,34	34,33	33,27	27,141	141,95	95,44	44,140	140,29	29,147	147,15	15,9	9,19	19,130	130,139	139,16	16,14	14,69	69,136	136,142	142,66	66,21	21,159	159,145	145,121	121,113	113,97	97,103	103,86	86,106	106,20	20,6	6,17	17,126	126,131	131,23	23,8	8,36	36,98	98,7	7,137	137,105	105,89	89,12	12,3	3,4	4,157	157,0	0,111	
111,124	124,150	150,153	153,73	73,34	34,33	33,27	27,141	141,95	95,44	44,140	140,29	29,147	147,15	15,9	9,19	19,130	130,139	139,16	16,14	14,69	69,136	136,142	142,66	66,21	21,159	159,145	145,121	121,113	113,97	97,103	103,86	86,106	106,20	20,6	6,17	17,126	126,131	131,23	23,8	8,36	36,98	98,7	7,137	137,105	105,89	89,12	12,3	3,4	4,157	157,0	0,111	
111,150	150,153	153,73	73,34	34,33	33,27	27,141	141,95	95,44	44,140	140,29	29,147	147,15	15,9	9,19	19,130	130,139	139,16	16,14	14,69	69,136	136,142	142,66	66,21	21,159	159,145	145,121	121,113	113,97	97,103	103,86	86,106	106,20	20,6	6,17	17,126	126,131	131,23	23,8	8,36	36,98	98,7	7,137	137,105	105,89	89,12	12,3	3,4	4,157	157,0	0,111	
111,153	153,73	73,34	34,33	33,27	27,141	141,95	95,44	44,140	140,29	29,147	147,15	15,9	9,19	19,130	130,139	139,16	16,14	14,69	69,136	136,142	142,66	66,21	21,159	159,145	145,121	121,113	113,97	97,103	103,86	86,106	106,20	20,6	6,17	17,126	126,131	131,23	23,8	8,36	36,98	98,7	7,137	137,105	105,89	89,12	12,3	3,4	4,157	157,0	0,111	
111,30	30,33	33,27	27,141	141,95	95,44	44,140	140,29	29,147	147,15	15,9	9,19	19,130	130,139	139,16	16,14	14,69	69,136	136,142	142,66	66,21	21,159	159,145	145,121	121,113	113,97	97,103	103,86	86,106	106,20	20,6	6,17	17,126	126,131	131,23	23,8	8,36	36,98	98,7	7,137	137,105	105,89	89,12	12,3	3,4	4,157	157,0	0,111	
111,67	67,99	99,27	27,141	141,95	95,44	44,140	140,29	29,147	147,15	15,9	9,19	19,130	130,139	139,16	16,14	14,69	69,136	136,142	142,66	66,21	21,159	159,145	145,121	121,113	113,97	97,103	103,86	86,106	106,20	20,6	6,17	17,126	126,131	131,23	23,8	8,36	36,98	98,7	7,137	137,105	105,89	89,12	12,3	3,4	4,157	157,0	0,111	
111,33	33,27	27,141	141,95	95,44	44,140	140,29	29,147	147,15	15,9	9,19	19,130	130,139	139,16	16,14	14,69	69,136	136,142	142,66	66,21	21,159	159,145	145,121	121,113	113,97	97,103	103,86	86,106	106,20	20,6	6,17	17,126	126,131	131,23	23,8	8,36	36,98	98,7	7,137	137,105	105,89	89,12	12,3	3,4	4,157	157,0	0,111	
111,99	99,27	27,141	141,95	95,44	44,140	140,29	29,147	147,15	15,9	9,19	19,130	130,139	139,16	16,14	14,69	69,136	136,142	142,66	66,21	21,159	159,145	145,121	121,113	113,97	97,103	103,86	86,106	106,20	20,6	6,17	17,126	126,131	131,23	23,8	8,36	36,98	98,7	7,137	137,105	105,89	89,12	12,3	3,4	4,157	157,0	0,111	
111,27	27,141	141,95	95,44	44,140	140,29	29,147	147,15	15,9	9,19	19,130	130,139	139,16	16,14	14,69	69,136	136,142	142,66	66,21	21,159	159,145	145,121	121,113	113,97	97,103	103,86	86,106	106,20	20,6	6,17	17,126	126,131	131,23	23,8	8,36	36,98	98,7	7,137	137,105	105,89	89,12	12,3	3,4	4,157	157,0	0,111	
111,141	141,95	95,44	44,140	140,29	29,147	147,15	15,9	9,19	19,130	130,139	139,16	16,14	14,69	69,136	136,142	142,66	66,21	21,159	159,145	145,121	121,113	113,97	97,103	103,86	86,106	106,20	20,6	6,17	17,126	126,131	131,23	23,8	8,36	36,98	98,7	7,137	137,105	105,89	89,12	12,3	3,4	4,157	157,0	0,111	
111,95	95,44	44,140	140,29	29,147	147,15	15,9	9,19	19,130	130,139	139,16	16,14	14,69	69,136	136,142	142,66	66,21	21,159	159,145	145,121	121,113	113,97	97,103	103,86	86,106	106,20	20,6	6,17	17,126	126,131	131,23	23,8	8,36	36,98	98,7	7,137	137,105	105,89	89,12	12,3	3,4	4,157	157,0	0,111	
111,43	43,140	140,29	29,147	147,15	15,9	9,19	19,130	130,139	139,16	16,14	14,69	69,136	136,142	142,66	66,21	21,159	159,145	145,121	121,113	113,97	97,103	103,86	86,106	106,20	20,6	6,17	17,126	126,131	131,23	23,8	8,36	36,98	98,7	7,137	137,105	105,89	89,12	12,3	3,4	4,157	157,0	0,111	
111,44	44,140	140,29	29,147	147,15	15,9	9,19	19,130	130,139	139,16	16,14	14,69	69,136	136,142	142,66	66,21	21,159	159,145	145,121	121,113	113,97	97,103	103,86	86,106	106,20	20,6	6,17	17,126	126,131	131,23	23,8	8,36	36,98	98,7	7,137	137,105	105,89	89,12	12,3	3,4	4,157	157,0	0,111	
111,140	140,29	29,147	147,15	15,9	9,19	19,130	130,139	139,16	16,14	14,69	69,136	136,142	142,66	66,21	21,159	159,145	145,121	121,113	113,97	97,103	103,86	86,106	106,20	20,6	6,17	17,126	126,131	131,23	23,8	8,36	36,98	98,7	7,137	137,105	105,89	89,12	12,3	3,4	4,157	157,0	0,111	
111,29	29,147	147,15	15,9	9,19	19,130	130,139	139,16	16,14	14,69	69,136	136,142	142,66	66,21	21,159	159,145	145,121	121,113	113,97	97,103	103,86	86,106	106,20	20,6	6,17	17,126	126,131	131,23	23,8	8,36	36,98	98,7	7,137	137,105	105,89	89,12	12,3	3,4	4,157	157,0	0,111	
111,147	147,15	15,9	9,19	19,130	130,139	139,16	16,14	14,69	69,136	136,142	142,66	66,21	21,159	159,145	145,121	121,113	113,97	97,103	103,86	86,106	106,20	20,6	6,17	17,126	126,131	131,23	23,8	8,36	36,98	98,7	7,137	137,105	105,89	89,12	12,3	3,4	4,157	157,0	0,111	
111,15	15,9	9,19	19,130	130,139	139,16	16,14	14,69	69,136	136,142	142,66	66,21	21,159	159,145	145,121	121,113	113,97	97,103	103,86	86,106	106,20	20,6	6,17	17,126	126,131	131,23	23,8	8,36	36,98	98,7	7,137	137,105	105,89	89,12	12,3	3,4	4,157	157,0	0,111	
111,9	9,19	19,130	130,139	139,16	16,14	14,69	69,136	136,142	142,66	66,21	21,159	159,145	145,121	121,113	113,97	97,103	103,86	86,106	106,20	20,6	6,17	17,126	126,131	131,23	23,8	8,36	36,98	98,7	7,137	137,105	105,89	89,12	12,3	3,4	4,157	157,0	0,111	
111,19	19,130	130,139	139,16	16,14	14,69	69,136	136,142	142,66	66,21	21,159	159,145	145,121	121,113	113,97	97,103	103,86	86,106	106,20	20,6	6,17	17,126	126,131	131,23	23,8	8,36	36,98	98,7	7,137	137,105	105,89	89,12	12,3	3,4	4,157	157,0	0,111	
111,130	130,139	139,16	16,14	14,69	69,136	136,142	142,66	66,21	21,159	159,145	145,121	121,113	113,97	97,103	103,86	86,106	106,20	20,6	6,17	17,126	126,131	131,23	23,8	8,36	36,98	98,7	7,137	137,105	105,89	89,12	12,3	3,4	4,157	157,0	0,111	
111,139	139,16	16,14	14,69	69,136	136,142	142,66	66,21	21,159	159,145	145,121	121,113	113,97	97,103	103,86	86,106	106,20	20,6	6,17	17,126	126,131	131,23	23,8	8,36	36,98	98,7	7,137	137,105	105,89	89,12	12,3	3,4	4,157	157,0	0,111	
111,16	16,14	14,69	69,136	136,142	142,66	66,21	21,159	159,145	145,121	121,113	113,97	97,103	103,86	86,106	106,20	20,6	6,17	17,126	126,131	131,23	23,8	8,36	36,98	98,7	7,137	137,105	105,89	89,12	12,3	3,4	4,157	157,0	0,111	
111,14	14,69	69,136	136,142	142,66	66,21	21,159	159,145	145,121	121,113	113,97	97,103	103,86	86,106	106,20	20,6	6,17	17,126	126,131	131,23	23,8	8,36	36,98	98,7	7,137	137,105	105,89	89,12	12,3	3,4	4,157	157,0	0,111	
111,45	45,136	136,142	142,66	66,21	21,159	159,145	145,121	121,113	113,97	97,103	103,86	86,106	106,20	20,6	6,17	17,126	126,131	131,23	23,8	8,36	36,98	98,7	7,137	137,105	105,89	89,12	12,3	3,4	4,157	157,0	0,111	
111,69	69,136	136,142	142,66	66,21	21,159	159,145	145,121	121,113	113,97	97,103	103,86	86,106	106,20	20,6	6,17	17,126	126,131	131,23	23,8	8,36	36,98	98,7	7,137	137,105	105,89	89,12	12,3	3,4	4,157	157,0	0,111	
111,136	136,142	142,66	66,21	21,159	159,145	145,121	121,113	113,97	97,103	103,86	86,106	106,20	20,6	6,17	17,126	126,131	131,23	23,8	8,36	36,98	98,7	7,137	137,105	105,89	89,12	12,3	3,4	4,157	157,0	0,111	
111,143	143,142	142,66	66,21	21,159	159,145	145,121	121,113	113,97	97,103	103,86	86,106	106,20	20,6	6,17	17,126	126,131	131,23	23,8	8,36	36,98	98,7	7,137	137,105	105,89	89,12	12,3	3,4	4,157	157,0	0,111	
111,142	142,66	66,21	21,159	159,145	145,121	121,113	113,97	97,103	103,86	86,106	106,20	20,6	6,17	17,126	126,131	131,23	23,8	8,36	36,98	98,7	7,137	137,105	105,89	89,12	12,3	3,4	4,157	157,0	0,111	
111,58	58,21	21,159	159,145	145,121	121,113	113,97	97,103	103,86	86,106	106,20	20,6	6,17	17,126	126,131	131,23	23,8	8,36	36,98	98,7	7,137	137,105	105,89	89,12	12,3	3,4	4,157	157,0	0,111	
111,66	66,21	21,159	159,145	145,121	121,113	113,97	97,103	103,86	86,106	106,20	20,6	6,17	17,126	126,131	131,23	23,8	8,36	36,98	98,7	7,137	137,105	105,89	89,12	12,3	3,4	4,157	157,0	0,111	
111,21	21,159	159,145	145,121	121,113	113,97	97,103	103,86	86,106	106,20	20,6	6,17	17,126	126,131	131,23	23,8	8,36	36,98	98,7	7,137	137,105	105,89	89,12	12,3	3,4	4,157	157,0	0,111	
111,159	159,145	145,121	121,113	113,97	97,103	103,86	86,106	106,20	20,6	6,17	17,126	126,131	131,23	23,8	8,36	36,98	98,7	7,137	137,105	105,89	89,12	12,3	3,4	4,157	157,0	0,111	
111,145	145,121	121,113	113,97	97,103	103,86	86,106	106,20	20,6	6,17	17,126	126,131	131,23	23,8	8,36	36,98	98,7	7,137	137,105	105,89	89,12	12,3	3,4	4,157	157,0	0,111	
111,121	121,113	113,97	97,103	103,86	86,106	106,20	20,6	6,17	17,126	126,131	131,23	23,8	8,36	36,98	98,7	7,137	137,105	105,89	89,12	12,3	3,4	4,157	157,0	0,111	
111,113	113,97	97,103	103,86	86,106	106,20	20,6	6,17	17,126	126,131	131,23	23,8	8,36	36,98	98,7	7,137	137,105	105,89	89,12	12,3	3,4	4,157	157,0	0,111	
111,97	97,103	103,86	86,106	106,20	20,6	6,17	17,126	126,131	131,23	23,8	8,36	36,98	98,7	7,137	137,105	105,89	89,12	12,3	3,4	4,157	157,0	0,111	
111,103	103,86	86,106	106,20	20,6	6,17	17,126	126,131	131,23	23,8	8,36	36,98	98,7	7,137	137,105	105,89	89,12	12,3	3,4	4,157	157,0	0,111	
111,86	86,106	106,20	20,6	6,17	17,126	126,131	131,23	23,8	8,36	36,98	98,7	7,137	137,105	105,89	89,12	12,3	3,4	4,157	157,0	0,111	
111,20	20,6	6,17	17,126	126,131	131,23	23,8	8,36	36,98	98,7	7,137	137,105	105,89	89,12	12,3	3,4	4,157	157,0	0,111	
111,6	6,17	17,126	126,131	131,23	23,8	8,36	36,98	98,7	7,137	137,105	105,89	89,12	12,3	3,4	4,157	157,0	0,111	
111,17	17,126	126,131	131,23	23,8	8,36	36,98	98,7	7,137	137,105	105,89	89,12	12,3	3,4	4,157	157,0	0,111	
111,126	126,131	131,23	23,8	8,36	36,98	98,7	7,137	137,105	105,89	89,12	12,3	3,4	4,157	157,0	0,111	
111,8	8,36	36,98	98,7	7,137	137,105	105,89	89,12	12,3	3,4	4,157	157,0	0,111	
111,36	36,98	98,7	7,137	137,105	105,89	89,12	12,3	3,4	4,157	157,0	0,111	
111,51	51,98	98,7	7,137	137,105	105,89	89,12	12,3	3,4	4,157	157,0	0,111	
111,98	98,7	7,137	137,105	105,89	89,12	12,3	3,4	4,157	157,0	0,111	
111,7	7,137	137,105	105,89	89,12	12,3	3,4	4,157	157,0	0,111	
111,137	137,105	105,89	89,12	12,3	3,4	4,157	157,0	0,111	
111,105	105,89	89,12	12,3	3,4	4,157	157,0	0,111	
111,12	12,3	3,4	4,157	157,0	0,111	
111,3	3,4	4,157	157,0	0,111	
111,157	157,0	0,111	
111,0	0,111	
111,146	146,111	
111,114	114,111	
111,125	125,111	
0,124	124,150	150,153	153,73	73,34	34,33	33,27	27,141	141,95	95,44	44,140	140,29	29,147	147,15	15,9	9,19	19,130	130,139	139,16	16,14	14,69	69,136	136,142	142,66	66,21	21,159	159,145	145,121	121,113	113,97	97,103	103,86	86,106	106,20	20,6	6,17	17,126	126,131	131,23	23,8	8,36	36,98	98,7	7,137	137,105	105,89	89,12	12,3	3,4	4,157	157,0	
0,141	141,95	95,44	44,140	140,29	29,147	147,15	15,9	9,19	19,130	130,139	139,16	16,14	14,69	69,136	136,142	142,66	66,21	21,159	159,145	145,121	121,113	113,97	97,103	103,86	86,106	106,20	20,6	6,17	17,126	126,131	131,23	23,8	8,36	36,98	98,7	7,137	137,105	105,89	89,12	12,3	3,4	4,157	157,0	
0,15	15,9	9,19	19,130	130,139	139,16	16,14	14,69	69,136	136,142	142,66	66,21	21,159	159,145	145,121	121,113	113,97	97,103	103,86	86,106	106,20	20,6	6,17	17,126	126,131	131,23	23,8	8,36	36,98	98,7	7,137	137,105	105,89	89,12	12,3	3,4	4,157	157,0	
0,16	16,14	14,69	69,136	136,142	142,66	66,21	21,159	159,145	145,121	121,113	113,97	97,103	103,86	86,106	106,20	20,6	6,17	17,126	126,131	131,23	23,8	8,36	36,98	98,7	7,137	137,105	105,89	89,12	12,3	3,4	4,157	157,0	
0,136	136,142	142,66	66,21	21,159	159,145	145,121	121,113	113,97	97,103	103,86	86,106	106,20	20,6	6,17	17,126	126,131	131,23	23,8	8,36	36,98	98,7	7,137	137,105	105,89	89,12	12,3	3,4	4,157	157,0	
0,159	159,145	145,121	121,113	113,97	97,103	103,86	86,106	106,20	20,6	6,17	17,126	126,131	131,23	23,8	8,36	36,98	98,7	7,137	137,105	105,89	89,12	12,3	3,4	4,157	157,0	
0,121	121,113	113,97	97,103	103,86	86,106	106,20	20,6	6,17	17,126	126,131	131,23	23,8	8,36	36,98	98,7	7,137	137,105	105,89	89,12	12,3	3,4	4,157	157,0	
0,113	113,97	97,103	103,86	86,106	106,20	20,6	6,17	17,126	126,131	131,23	23,8	8,36	36,98	98,7	7,137	137,105	105,89	89,12	12,3	3,4	4,157	157,0	
0,97	97,103	103,86	86,106	106,20	20,6	6,17	17,126	126,131	131,23	23,8	8,36	36,98	98,7	7,137	137,105	105,89	89,12	12,3	3,4	4,157	157,0	
0,103	103,86	86,106	106,20	20,6	6,17	17,126	126,131	131,23	23,8	8,36	36,98	98,7	7,137	137,105	105,89	89,12	12,3	3,4	4,157	157,0	
0,106	106,20	20,6	6,17	17,126	126,131	131,23	23,8	8,36	36,98	98,7	7,137	137,105	105,89	89,12	12,3	3,4	4,157	157,0	
0,6	6,17	17,126	126,131	131,23	23,8	8,36	36,98	98,7	7,137	137,105	105,89	89,12	12,3	3,4	4,157	157,0	
0,63	63,126	126,131	131,23	23,8	8,36	36,98	98,7	7,137	137,105	105,89	89,12	12,3	3,4	4,157	157,0	
0,53	53,131	131,23	23,8	8,36	36,98	98,7	7,137	137,105	105,89	89,12	12,3	3,4	4,157	157,0	
0,54	54,131	131,23	23,8	8,36	36,98	98,7	7,137	137,105	105,89	89,12	12,3	3,4	4,157	157,0	
0,55	55,131	131,23	23,8	8,36	36,98	98,7	7,137	137,105	105,89	89,12	12,3	3,4	4,157	157,0	
0,126	126,131	131,23	23,8	8,36	36,98	98,7	7,137	137,105	105,89	89,12	12,3	3,4	4,157	157,0	
0,131	131,23	23,8	8,36	36,98	98,7	7,137	137,105	105,89	89,12	12,3	3,4	4,157	157,0	
0,49	49,23	23,8	8,36	36,98	98,7	7,137	137,105	105,89	89,12	12,3	3,4	4,157	157,0	
0,23	23,8	8,36	36,98	98,7	7,137	137,105	105,89	89,12	12,3	3,4	4,157	157,0	
0,8	8,36	36,98	98,7	7,137	137,105	105,89	89,12	12,3	3,4	4,157	157,0	
0,47	47,36	36,98	98,7	7,137	137,105	105,89	89,12	12,3	3,4	4,157	157,0	
0,36	36,98	98,7	7,137	137,105	105,89	89,12	12,3	3,4	4,157	157,0	
0,98	98,7	7,137	137,105	105,89	89,12	12,3	3,4	4,157	157,0	
0,7	7,137	137,105	105,89	89,12	12,3	3,4	4,157	157,0	
0,48	48,12	12,3	3,4	4,157	157,0	
0,52	52,12	12,3	3,4	4,157	157,0	
0,56	56,12	12,3	3,4	4,157	157,0	
0,64	64,12	12,3	3,4	4,157	157,0	
0,89	89,12	12,3	3,4	4,157	157,0	
0,12	12,3	3,4	4,157	157,0	
0,3	3,4	4,157	157,0	
0,4	4,157	157,0	
0,157	157,0	
0,50	50,0	
157,152	152,31	31,124	124,150	150,153	153,73	73,34	34,33	33,27	27,141	141,95	95,44	44,140	140,29	29,147	147,15	15,9	9,19	19,130	130,139	139,16	16,14	14,69	69,136	136,142	142,66	66,21	21,159	159,145	145,121	121,113	113,97	97,103	103,86	86,106	106,20	20,6	6,17	17,126	126,131	131,23	23,8	8,36	36,98	98,7	7,137	137,105	105,89	89,12	12,3	3,4	4,157	
157,34	34,33	33,27	27,141	141,95	95,44	44,140	140,29	29,147	147,15	15,9	9,19	19,130	130,139	139,16	16,14	14,69	69,136	136,142	142,66	66,21	21,159	159,145	145,121	121,113	113,97	97,103	103,86	86,106	106,20	20,6	6,17	17,126	126,131	131,23	23,8	8,36	36,98	98,7	7,137	137,105	105,89	89,12	12,3	3,4	4,157	
157,30	30,33	33,27	27,141	141,95	95,44	44,140	140,29	29,147	147,15	15,9	9,19	19,130	130,139	139,16	16,14	14,69	69,136	136,142	142,66	66,21	21,159	159,145	145,121	121,113	113,97	97,103	103,86	86,106	106,20	20,6	6,17	17,126	126,131	131,23	23,8	8,36	36,98	98,7	7,137	137,105	105,89	89,12	12,3	3,4	4,157	
157,33	33,27	27,141	141,95	95,44	44,140	140,29	29,147	147,15	15,9	9,19	19,130	130,139	139,16	16,14	14,69	69,136	136,142	142,66	66,21	21,159	159,145	145,121	121,113	113,97	97,103	103,86	86,106	106,20	20,6	6,17	17,126	126,131	131,23	23,8	8,36	36,98	98,7	7,137	137,105	105,89	89,12	12,3	3,4	4,157	
157,95	95,44	44,140	140,29	29,147	147,15	15,9	9,19	19,130	130,139	139,16	16,14	14,69	69,136	136,142	142,66	66,21	21,159	159,145	145,121	121,113	113,97	97,103	103,86	86,106	106,20	20,6	6,17	17,126	126,131	131,23	23,8	8,36	36,98	98,7	7,137	137,105	105,89	89,12	12,3	3,4	4,157	
157,15	15,9	9,19	19,130	130,139	139,16	16,14	14,69	69,136	136,142	142,66	66,21	21,159	159,145	145,121	121,113	113,97	97,103	103,86	86,106	106,20	20,6	6,17	17,126	126,131	131,23	23,8	8,36	36,98	98,7	7,137	137,105	105,89	89,12	12,3	3,4	4,157	
157,9	9,19	19,130	130,139	139,16	16,14	14,69	69,136	136,142	142,66	66,21	21,159	159,145	145,121	121,113	113,97	97,103	103,86	86,106	106,20	20,6	6,17	17,126	126,131	131,23	23,8	8,36	36,98	98,7	7,137	137,105	105,89	89,12	12,3	3,4	4,157	
157,139	139,16	16,14	14,69	69,136	136,142	142,66	66,21	21,159	159,145	145,121	121,113	113,97	97,103	103,86	86,106	106,20	20,6	6,17	17,126	126,131	131,23	23,8	8,36	36,98	98,7	7,137	137,105	105,89	89,12	12,3	3,4	4,157	
157,16	16,14	14,69	69,136	136,142	142,66	66,21	21,159	159,145	145,121	121,113	113,97	97,103	103,86	86,106	106,20	20,6	6,17	17,126	126,131	131,23	23,8	8,36	36,98	98,7	7,137	137,105	105,89	89,12	12,3	3,4	4,157	
157,14	14,69	69,136	136,142	142,66	66,21	21,159	159,145	145,121	121,113	113,97	97,103	103,86	86,106	106,20	20,6	6,17	17,126	126,131	131,23	23,8	8,36	36,98	98,7	7,137	137,105	105,89	89,12	12,3	3,4	4,157	
157,121	121,113	113,97	97,103	103,86	86,106	106,20	20,6	6,17	17,126	126,131	131,23	23,8	8,36	36,98	98,7	7,137	137,105	105,89	89,12	12,3	3,4	4,157	
157,97	97,103	103,86	86,106	106,20	20,6	6,17	17,126	126,131	131,23	23,8	8,36	36,98	98,7	7,137	137,105	105,89	89,12	12,3	3,4	4,157	
157,103	103,86	86,106	106,20	20,6	6,17	17,126	126,131	131,23	23,8	8,36	36,98	98,7	7,137	137,105	105,89	89,12	12,3	3,4	4,157	
157,106	106,20	20,6	6,17	17,126	126,131	131,23	23,8	8,36	36,98	98,7	7,137	137,105	105,89	89,12	12,3	3,4	4,157	
157,20	20,6	6,17	17,126	126,131	131,23	23,8	8,36	36,98	98,7	7,137	137,105	105,89	89,12	12,3	3,4	4,157	
157,23	23,8	8,36	36,98	98,7	7,137	137,105	105,89	89,12	12,3	3,4	4,157	
157,7	7,137	137,105	105,89	89,12	12,3	3,4	4,157	
157,4	4,157	
4,67	67,99	99,27	27,141	141,95	95,44	44,140	140,29	29,147	147,15	15,9	9,19	19,130	130,139	139,16	16,14	14,69	69,136	136,142	142,66	66,21	21,159	159,145	145,121	121,113	113,97	97,103	103,86	86,106	106,20	20,6	6,17	17,126	126,131	131,23	23,8	8,36	36,98	98,7	7,137	137,105	105,89	89,12	12,3	3,4	
4,139	139,16	16,14	14,69	69,136	136,142	142,66	66,21	21,159	159,145	145,121	121,113	113,97	97,103	103,86	86,106	106,20	20,6	6,17	17,126	126,131	131,23	23,8	8,36	36,98	98,7	7,137	137,105	105,89	89,12	12,3	3,4	
4,69	69,136	136,142	142,66	66,21	21,159	159,145	145,121	121,113	113,97	97,103	103,86	86,106	106,20	20,6	6,17	17,126	126,131	131,23	23,8	8,36	36,98	98,7	7,137	137,105	105,89	89,12	12,3	3,4	
4,159	159,145	145,121	121,113	113,97	97,103	103,86	86,106	106,20	20,6	6,17	17,126	126,131	131,23	23,8	8,36	36,98	98,7	7,137	137,105	105,89	89,12	12,3	3,4	
4,8	8,36	36,98	98,7	7,137	137,105	105,89	89,12	12,3	3,4	
4,36	36,98	98,7	7,137	137,105	105,89	89,12	12,3	3,4	
4,137	137,105	105,89	89,12	12,3	3,4	
12,148	148,152	152,31	31,124	124,150	150,153	153,73	73,34	34,33	33,27	27,141	141,95	95,44	44,140	140,29	29,147	147,15	15,9	9,19	19,130	130,139	139,16	16,14	14,69	69,136	136,142	142,66	66,21	21,159	159,145	145,121	121,113	113,97	97,103	103,86	86,106	106,20	20,6	6,17	17,126	126,131	131,23	23,8	8,36	36,98	98,7	7,137	137,105	105,89	89,12	
12,152	152,31	31,124	124,150	150,153	153,73	73,34	34,33	33,27	27,141	141,95	95,44	44,140	140,29	29,147	147,15	15,9	9,19	19,130	130,139	139,16	16,14	14,69	69,136	136,142	142,66	66,21	21,159	159,145	145,121	121,113	113,97	97,103	103,86	86,106	106,20	20,6	6,17	17,126	126,131	131,23	23,8	8,36	36,98	98,7	7,137	137,105	105,89	89,12	
12,57	57,155	155,150	150,153	153,73	73,34	34,33	33,27	27,141	141,95	95,44	44,140	140,29	29,147	147,15	15,9	9,19	19,130	130,139	139,16	16,14	14,69	69,136	136,142	142,66	66,21	21,159	159,145	145,121	121,113	113,97	97,103	103,86	86,106	106,20	20,6	6,17	17,126	126,131	131,23	23,8	8,36	36,98	98,7	7,137	137,105	105,89	89,12	
12,155	155,150	150,153	153,73	73,34	34,33	33,27	27,141	141,95	95,44	44,140	140,29	29,147	147,15	15,9	9,19	19,130	130,139	139,16	16,14	14,69	69,136	136,142	142,66	66,21	21,159	159,145	145,121	121,113	113,97	97,103	103,86	86,106	106,20	20,6	6,17	17,126	126,131	131,23	23,8	8,36	36,98	98,7	7,137	137,105	105,89	89,12	
12,150	150,153	153,73	73,34	34,33	33,27	27,141	141,95	95,44	44,140	140,29	29,147	147,15	15,9	9,19	19,130	130,139	139,16	16,14	14,69	69,136	136,142	142,66	66,21	21,159	159,145	145,121	121,113	113,97	97,103	103,86	86,106	106,20	20,6	6,17	17,126	126,131	131,23	23,8	8,36	36,98	98,7	7,137	137,105	105,89	89,12	
12,153	153,73	73,34	34,33	33,27	27,141	141,95	95,44	44,140	140,29	29,147	147,15	15,9	9,19	19,130	130,139	139,16	16,14	14,69	69,136	136,142	142,66	66,21	21,159	159,145	145,121	121,113	113,97	97,103	103,86	86,106	106,20	20,6	6,17	17,126	126,131	131,23	23,8	8,36	36,98	98,7	7,137	137,105	105,89	89,12	
12,73	73,34	34,33	33,27	27,141	141,95	95,44	44,140	140,29	29,147	147,15	15,9	9,19	19,130	130,139	139,16	16,14	14,69	69,136	136,142	142,66	66,21	21,159	159,145	145,121	121,113	113,97	97,103	103,86	86,106	106,20	20,6	6,17	17,126	126,131	131,23	23,8	8,36	36,98	98,7	7,137	137,105	105,89	89,12	
12,67	67,99	99,27	27,141	141,95	95,44	44,140	140,29	29,147	147,15	15,9	9,19	19,130	130,139	139,16	16,14	14,69	69,136	136,142	142,66	66,21	21,159	159,145	145,121	121,113	113,97	97,103	103,86	86,106	106,20	20,6	6,17	17,126	126,131	131,23	23,8	8,36	36,98	98,7	7,137	137,105	105,89	89,12	
12,33	33,27	27,141	141,95	95,44	44,140	140,29	29,147	147,15	15,9	9,19	19,130	130,139	139,16	16,14	14,69	69,136	136,142	142,66	66,21	21,159	159,145	145,121	121,113	113,97	97,103	103,86	86,106	106,20	20,6	6,17	17,126	126,131	131,23	23,8	8,36	36,98	98,7	7,137	137,105	105,89	89,12	
12,27	27,141	141,95	95,44	44,140	140,29	29,147	147,15	15,9	9,19	19,130	130,139	139,16	16,14	14,69	69,136	136,142	142,66	66,21	21,159	159,145	145,121	121,113	113,97	97,103	103,86	86,106	106,20	20,6	6,17	17,126	126,131	131,23	23,8	8,36	36,98	98,7	7,137	137,105	105,89	89,12	
12,141	141,95	95,44	44,140	140,29	29,147	147,15	15,9	9,19	19,130	130,139	139,16	16,14	14,69	69,136	136,142	142,66	66,21	21,159	159,145	145,121	121,113	113,97	97,103	103,86	86,106	106,20	20,6	6,17	17,126	126,131	131,23	23,8	8,36	36,98	98,7	7,137	137,105	105,89	89,12	
12,95	95,44	44,140	140,29	29,147	147,15	15,9	9,19	19,130	130,139	139,16	16,14	14,69	69,136	136,142	142,66	66,21	21,159	159,145	145,121	121,113	113,97	97,103	103,86	86,106	106,20	20,6	6,17	17,126	126,131	131,23	23,8	8,36	36,98	98,7	7,137	137,105	105,89	89,12	
12,44	44,140	140,29	29,147	147,15	15,9	9,19	19,130	130,139	139,16	16,14	14,69	69,136	136,142	142,66	66,21	21,159	159,145	145,121	121,113	113,97	97,103	103,86	86,106	106,20	20,6	6,17	17,126	126,131	131,23	23,8	8,36	36,98	98,7	7,137	137,105	105,89	89,12	
12,140	140,29	29,147	147,15	15,9	9,19	19,130	130,139	139,16	16,14	14,69	69,136	136,142	142,66	66,21	21,159	159,145	145,121	121,113	113,97	97,103	103,86	86,106	106,20	20,6	6,17	17,126	126,131	131,23	23,8	8,36	36,98	98,7	7,137	137,105	105,89	89,12	
12,29	29,147	147,15	15,9	9,19	19,130	130,139	139,16	16,14	14,69	69,136	136,142	142,66	66,21	21,159	159,145	145,121	121,113	113,97	97,103	103,86	86,106	106,20	20,6	6,17	17,126	126,131	131,23	23,8	8,36	36,98	98,7	7,137	137,105	105,89	89,12	
12,9	9,19	19,130	130,139	139,16	16,14	14,69	69,136	136,142	142,66	66,21	21,159	159,145	145,121	121,113	113,97	97,103	103,86	86,106	106,20	20,6	6,17	17,126	126,131	131,23	23,8	8,36	36,98	98,7	7,137	137,105	105,89	89,12	
12,19	19,130	130,139	139,16	16,14	14,69	69,136	136,142	142,66	66,21	21,159	159,145	145,121	121,113	113,97	97,103	103,86	86,106	106,20	20,6	6,17	17,126	126,131	131,23	23,8	8,36	36,98	98,7	7,137	137,105	105,89	89,12	
12,130	130,139	139,16	16,14	14,69	69,136	136,142	142,66	66,21	21,159	159,145	145,121	121,113	113,97	97,103	103,86	86,106	106,20	20,6	6,17	17,126	126,131	131,23	23,8	8,36	36,98	98,7	7,137	137,105	105,89	89,12	
12,139	139,16	16,14	14,69	69,136	136,142	142,66	66,21	21,159	159,145	145,121	121,113	113,97	97,103	103,86	86,106	106,20	20,6	6,17	17,126	126,131	131,23	23,8	8,36	36,98	98,7	7,137	137,105	105,89	89,12	
12,16	16,14	14,69	69,136	136,142	142,66	66,21	21,159	159,145	145,121	121,113	113,97	97,103	103,86	86,106	106,20	20,6	6,17	17,126	126,131	131,23	23,8	8,36	36,98	98,7	7,137	137,105	105,89	89,12	
12,14	14,69	69,136	136,142	142,66	66,21	21,159	159,145	145,121	121,113	113,97	97,103	103,86	86,106	106,20	20,6	6,17	17,126	126,131	131,23	23,8	8,36	36,98	98,7	7,137	137,105	105,89	89,12	
12,69	69,136	136,142	142,66	66,21	21,159	159,145	145,121	121,113	113,97	97,103	103,86	86,106	106,20	20,6	6,17	17,126	126,131	131,23	23,8	8,36	36,98	98,7	7,137	137,105	105,89	89,12	
12,136	136,142	142,66	66,21	21,159	159,145	145,121	121,113	113,97	97,103	103,86	86,106	106,20	20,6	6,17	17,126	126,131	131,23	23,8	8,36	36,98	98,7	7,137	137,105	105,89	89,12	
12,143	143,142	142,66	66,21	21,159	159,145	145,121	121,113	113,97	97,103	103,86	86,106	106,20	20,6	6,17	17,126	126,131	131,23	23,8	8,36	36,98	98,7	7,137	137,105	105,89	89,12	
12,142	142,66	66,21	21,159	159,145	145,121	121,113	113,97	97,103	103,86	86,106	106,20	20,6	6,17	17,126	126,131	131,23	23,8	8,36	36,98	98,7	7,137	137,105	105,89	89,12	
12,58	58,21	21,159	159,145	145,121	121,113	113,97	97,103	103,86	86,106	106,20	20,6	6,17	17,126	126,131	131,23	23,8	8,36	36,98	98,7	7,137	137,105	105,89	89,12	
12,66	66,21	21,159	159,145	145,121	121,113	113,97	97,103	103,86	86,106	106,20	20,6	6,17	17,126	126,131	131,23	23,8	8,36	36,98	98,7	7,137	137,105	105,89	89,12	
12,21	21,159	159,145	145,121	121,113	113,97	97,103	103,86	86,106	106,20	20,6	6,17	17,126	126,131	131,23	23,8	8,36	36,98	98,7	7,137	137,105	105,89	89,12	
12,159	159,145	145,121	121,113	113,97	97,103	103,86	86,106	106,20	20,6	6,17	17,126	126,131	131,23	23,8	8,36	36,98	98,7	7,137	137,105	105,89	89,12	
12,145	145,121	121,113	113,97	97,103	103,86	86,106	106,20	20,6	6,17	17,126	126,131	131,23	23,8	8,36	36,98	98,7	7,137	137,105	105,89	89,12	
12,113	113,97	97,103	103,86	86,106	106,20	20,6	6,17	17,126	126,131	131,23	23,8	8,36	36,98	98,7	7,137	137,105	105,89	89,12	
12,97	97,103	103,86	86,106	106,20	20,6	6,17	17,126	126,131	131,23	23,8	8,36	36,98	98,7	7,137	137,105	105,89	89,12	
12,103	103,86	86,106	106,20	20,6	6,17	17,126	126,131	131,23	23,8	8,36	36,98	98,7	7,137	137,105	105,89	89,12	
12,86	86,106	106,20	20,6	6,17	17,126	126,131	131,23	23,8	8,36	36,98	98,7	7,137	137,105	105,89	89,12	
12,20	20,6	6,17	17,126	126,131	131,23	23,8	8,36	36,98	98,7	7,137	137,105	105,89	89,12	
12,126	126,131	131,23	23,8	8,36	36,98	98,7	7,137	137,105	105,89	89,12	
12,8	8,36	36,98	98,7	7,137	137,105	105,89	89,12	
12,36	36,98	98,7	7,137	137,105	105,89	89,12	
12,51	51,98	98,7	7,137	137,105	105,89	89,12	
12,98	98,7	7,137	137,105	105,89	89,12	
12,7	7,137	137,105	105,89	89,12	
12,137	137,105	105,89	89,12	
89,155	155,150	150,153	153,73	73,34	34,33	33,27	27,141	141,95	95,44	44,140	140,29	29,147	147,15	15,9	9,19	19,130	130,139	139,16	16,14	14,69	69,136	136,142	142,66	66,21	21,159	159,145	145,121	121,113	113,97	97,103	103,86	86,106	106,20	20,6	6,17	17,126	126,131	131,23	23,8	8,36	36,98	98,7	7,137	137,105	105,89	
89,153	153,73	73,34	34,33	33,27	27,141	141,95	95,44	44,140	140,29	29,147	147,15	15,9	9,19	19,130	130,139	139,16	16,14	14,69	69,136	136,142	142,66	66,21	21,159	159,145	145,121	121,113	113,97	97,103	103,86	86,106	106,20	20,6	6,17	17,126	126,131	131,23	23,8	8,36	36,98	98,7	7,137	137,105	105,89	
89,30	30,33	33,27	27,141	141,95	95,44	44,140	140,29	29,147	147,15	15,9	9,19	19,130	130,139	139,16	16,14	14,69	69,136	136,142	142,66	66,21	21,159	159,145	145,121	121,113	113,97	97,103	103,86	86,106	106,20	20,6	6,17	17,126	126,131	131,23	23,8	8,36	36,98	98,7	7,137	137,105	105,89	
89,95	95,44	44,140	140,29	29,147	147,15	15,9	9,19	19,130	130,139	139,16	16,14	14,69	69,136	136,142	142,66	66,21	21,159	159,145	145,121	121,113	113,97	97,103	103,86	86,106	106,20	20,6	6,17	17,126	126,131	131,23	23,8	8,36	36,98	98,7	7,137	137,105	105,89	
89,19	19,130	130,139	139,16	16,14	14,69	69,136	136,142	142,66	66,21	21,159	159,145	145,121	121,113	113,97	97,103	103,86	86,106	106,20	20,6	6,17	17,126	126,131	131,23	23,8	8,36	36,98	98,7	7,137	137,105	105,89	
89,16	16,14	14,69	69,136	136,142	142,66	66,21	21,159	159,145	145,121	121,113	113,97	97,103	103,86	86,106	106,20	20,6	6,17	17,126	126,131	131,23	23,8	8,36	36,98	98,7	7,137	137,105	105,89	
89,145	145,121	121,113	113,97	97,103	103,86	86,106	106,20	20,6	6,17	17,126	126,131	131,23	23,8	8,36	36,98	98,7	7,137	137,105	105,89	
89,97	97,103	103,86	86,106	106,20	20,6	6,17	17,126	126,131	131,23	23,8	8,36	36,98	98,7	7,137	137,105	105,89	
89,126	126,131	131,23	23,8	8,36	36,98	98,7	7,137	137,105	105,89	
89,23	23,8	8,36	36,98	98,7	7,137	137,105	105,89	
89,105	105,89	
105,39	39,158	158,148	148,152	152,31	31,124	124,150	150,153	153,73	73,34	34,33	33,27	27,141	141,95	95,44	44,140	140,29	29,147	147,15	15,9	9,19	19,130	130,139	139,16	16,14	14,69	69,136	136,142	142,66	66,21	21,159	159,145	145,121	121,113	113,97	97,103	103,86	86,106	106,20	20,6	6,17	17,126	126,131	131,23	23,8	8,36	36,98	98,7	7,137	137,105	
105,91	91,158	158,148	148,152	152,31	31,124	124,150	150,153	153,73	73,34	34,33	33,27	27,141	141,95	95,44	44,140	140,29	29,147	147,15	15,9	9,19	19,130	130,139	139,16	16,14	14,69	69,136	136,142	142,66	66,21	21,159	159,145	145,121	121,113	113,97	97,103	103,86	86,106	106,20	20,6	6,17	17,126	126,131	131,23	23,8	8,36	36,98	98,7	7,137	137,105	
105,57	57,155	155,150	150,153	153,73	73,34	34,33	33,27	27,141	141,95	95,44	44,140	140,29	29,147	147,15	15,9	9,19	19,130	130,139	139,16	16,14	14,69	69,136	136,142	142,66	66,21	21,159	159,145	145,121	121,113	113,97	97,103	103,86	86,106	106,20	20,6	6,17	17,126	126,131	131,23	23,8	8,36	36,98	98,7	7,137	137,105	
105,59	59,30	30,33	33,27	27,141	141,95	95,44	44,140	140,29	29,147	147,15	15,9	9,19	19,130	130,139	139,16	16,14	14,69	69,136	136,142	142,66	66,21	21,159	159,145	145,121	121,113	113,97	97,103	103,86	86,106	106,20	20,6	6,17	17,126	126,131	131,23	23,8	8,36	36,98	98,7	7,137	137,105	
105,67	67,99	99,27	27,141	141,95	95,44	44,140	140,29	29,147	147,15	15,9	9,19	19,130	130,139	139,16	16,14	14,69	69,136	136,142	142,66	66,21	21,159	159,145	145,121	121,113	113,97	97,103	103,86	86,106	106,20	20,6	6,17	17,126	126,131	131,23	23,8	8,36	36,98	98,7	7,137	137,105	
105,27	27,141	141,95	95,44	44,140	140,29	29,147	147,15	15,9	9,19	19,130	130,139	139,16	16,14	14,69	69,136	136,142	142,66	66,21	21,159	159,145	145,121	121,113	113,97	97,103	103,86	86,106	106,20	20,6	6,17	17,126	126,131	131,23	23,8	8,36	36,98	98,7	7,137	137,105	
105,141	141,95	95,44	44,140	140,29	29,147	147,15	15,9	9,19	19,130	130,139	139,16	16,14	14,69	69,136	136,142	142,66	66,21	21,159	159,145	145,121	121,113	113,97	97,103	103,86	86,106	106,20	20,6	6,17	17,126	126,131	131,23	23,8	8,36	36,98	98,7	7,137	137,105	
105,140	140,29	29,147	147,15	15,9	9,19	19,130	130,139	139,16	16,14	14,69	69,136	136,142	142,66	66,21	21,159	159,145	145,121	121,113	113,97	97,103	103,86	86,106	106,20	20,6	6,17	17,126	126,131	131,23	23,8	8,36	36,98	98,7	7,137	137,105	
105,38	38,147	147,15	15,9	9,19	19,130	130,139	139,16	16,14	14,69	69,136	136,142	142,66	66,21	21,159	159,145	145,121	121,113	113,97	97,103	103,86	86,106	106,20	20,6	6,17	17,126	126,131	131,23	23,8	8,36	36,98	98,7	7,137	137,105	
105,9	9,19	19,130	130,139	139,16	16,14	14,69	69,136	136,142	142,66	66,21	21,159	159,145	145,121	121,113	113,97	97,103	103,86	86,106	106,20	20,6	6,17	17,126	126,131	131,23	23,8	8,36	36,98	98,7	7,137	137,105	
105,16	16,14	14,69	69,136	136,142	142,66	66,21	21,159	159,145	145,121	121,113	113,97	97,103	103,86	86,106	106,20	20,6	6,17	17,126	126,131	131,23	23,8	8,36	36,98	98,7	7,137	137,105	
105,90	90,142	142,66	66,21	21,159	159,145	145,121	121,113	113,97	97,103	103,86	86,106	106,20	20,6	6,17	17,126	126,131	131,23	23,8	8,36	36,98	98,7	7,137	137,105	
105,66	66,21	21,159	159,145	145,121	121,113	113,97	97,103	103,86	86,106	106,20	20,6	6,17	17,126	126,131	131,23	23,8	8,36	36,98	98,7	7,137	137,105	
105,58	58,21	21,159	159,145	145,121	121,113	113,97	97,103	103,86	86,106	106,20	20,6	6,17	17,126	126,131	131,23	23,8	8,36	36,98	98,7	7,137	137,105	
105,159	159,145	145,121	121,113	113,97	97,103	103,86	86,106	106,20	20,6	6,17	17,126	126,131	131,23	23,8	8,36	36,98	98,7	7,137	137,105	
105,113	113,97	97,103	103,86	86,106	106,20	20,6	6,17	17,126	126,131	131,23	23,8	8,36	36,98	98,7	7,137	137,105	
105,86	86,106	106,20	20,6	6,17	17,126	126,131	131,23	23,8	8,36	36,98	98,7	7,137	137,105	
105,17	17,126	126,131	131,23	23,8	8,36	36,98	98,7	7,137	137,105	
105,8	8,36	36,98	98,7	7,137	137,105	
105,51	51,98	98,7	7,137	137,105	
137,158	158,148	148,152	152,31	31,124	124,150	150,153	153,73	73,34	34,33	33,27	27,141	141,95	95,44	44,140	140,29	29,147	147,15	15,9	9,19	19,130	130,139	139,16	16,14	14,69	69,136	136,142	142,66	66,21	21,159	159,145	145,121	121,113	113,97	97,103	103,86	86,106	106,20	20,6	6,17	17,126	126,131	131,23	23,8	8,36	36,98	98,7	7,137	
137,31	31,124	124,150	150,153	153,73	73,34	34,33	33,27	27,141	141,95	95,44	44,140	140,29	29,147	147,15	15,9	9,19	19,130	130,139	139,16	16,14	14,69	69,136	136,142	142,66	66,21	21,159	159,145	145,121	121,113	113,97	97,103	103,86	86,106	106,20	20,6	6,17	17,126	126,131	131,23	23,8	8,36	36,98	98,7	7,137	
137,57	57,155	155,150	150,153	153,73	73,34	34,33	33,27	27,141	141,95	95,44	44,140	140,29	29,147	147,15	15,9	9,19	19,130	130,139	139,16	16,14	14,69	69,136	136,142	142,66	66,21	21,159	159,145	145,121	121,113	113,97	97,103	103,86	86,106	106,20	20,6	6,17	17,126	126,131	131,23	23,8	8,36	36,98	98,7	7,137	
137,155	155,150	150,153	153,73	73,34	34,33	33,27	27,141	141,95	95,44	44,140	140,29	29,147	147,15	15,9	9,19	19,130	130,139	139,16	16,14	14,69	69,136	136,142	142,66	66,21	21,159	159,145	145,121	121,113	113,97	97,103	103,86	86,106	106,20	20,6	6,17	17,126	126,131	131,23	23,8	8,36	36,98	98,7	7,137	
137,124	124,150	150,153	153,73	73,34	34,33	33,27	27,141	141,95	95,44	44,140	140,29	29,147	147,15	15,9	9,19	19,130	130,139	139,16	16,14	14,69	69,136	136,142	142,66	66,21	21,159	159,145	145,121	121,113	113,97	97,103	103,86	86,106	106,20	20,6	6,17	17,126	126,131	131,23	23,8	8,36	36,98	98,7	7,137	
137,150	150,153	153,73	73,34	34,33	33,27	27,141	141,95	95,44	44,140	140,29	29,147	147,15	15,9	9,19	19,130	130,139	139,16	16,14	14,69	69,136	136,142	142,66	66,21	21,159	159,145	145,121	121,113	113,97	97,103	103,86	86,106	106,20	20,6	6,17	17,126	126,131	131,23	23,8	8,36	36,98	98,7	7,137	
137,153	153,73	73,34	34,33	33,27	27,141	141,95	95,44	44,140	140,29	29,147	147,15	15,9	9,19	19,130	130,139	139,16	16,14	14,69	69,136	136,142	142,66	66,21	21,159	159,145	145,121	121,113	113,97	97,103	103,86	86,106	106,20	20,6	6,17	17,126	126,131	131,23	23,8	8,36	36,98	98,7	7,137	
137,73	73,34	34,33	33,27	27,141	141,95	95,44	44,140	140,29	29,147	147,15	15,9	9,19	19,130	130,139	139,16	16,14	14,69	69,136	136,142	142,66	66,21	21,159	159,145	145,121	121,113	113,97	97,103	103,86	86,106	106,20	20,6	6,17	17,126	126,131	131,23	23,8	8,36	36,98	98,7	7,137	
137,27	27,141	141,95	95,44	44,140	140,29	29,147	147,15	15,9	9,19	19,130	130,139	139,16	16,14	14,69	69,136	136,142	142,66	66,21	21,159	159,145	145,121	121,113	113,97	97,103	103,86	86,106	106,20	20,6	6,17	17,126	126,131	131,23	23,8	8,36	36,98	98,7	7,137	
137,95	95,44	44,140	140,29	29,147	147,15	15,9	9,19	19,130	130,139	139,16	16,14	14,69	69,136	136,142	142,66	66,21	21,159	159,145	145,121	121,113	113,97	97,103	103,86	86,106	106,20	20,6	6,17	17,126	126,131	131,23	23,8	8,36	36,98	98,7	7,137	
137,140	140,29	29,147	147,15	15,9	9,19	19,130	130,139	139,16	16,14	14,69	69,136	136,142	142,66	66,21	21,159	159,145	145,121	121,113	113,97	97,103	103,86	86,106	106,20	20,6	6,17	17,126	126,131	131,23	23,8	8,36	36,98	98,7	7,137	
137,29	29,147	147,15	15,9	9,19	19,130	130,139	139,16	16,14	14,69	69,136	136,142	142,66	66,21	21,159	159,145	145,121	121,113	113,97	97,103	103,86	86,106	106,20	20,6	6,17	17,126	126,131	131,23	23,8	8,36	36,98	98,7	7,137	
137,139	139,16	16,14	14,69	69,136	136,142	142,66	66,21	21,159	159,145	145,121	121,113	113,97	97,103	103,86	86,106	106,20	20,6	6,17	17,126	126,131	131,23	23,8	8,36	36,98	98,7	7,137	
137,14	14,69	69,136	136,142	142,66	66,21	21,159	159,145	145,121	121,113	113,97	97,103	103,86	86,106	106,20	20,6	6,17	17,126	126,131	131,23	23,8	8,36	36,98	98,7	7,137	
137,45	45,136	136,142	142,66	66,21	21,159	159,145	145,121	121,113	113,97	97,103	103,86	86,106	106,20	20,6	6,17	17,126	126,131	131,23	23,8	8,36	36,98	98,7	7,137	
137,69	69,136	136,142	142,66	66,21	21,159	159,145	145,121	121,113	113,97	97,103	103,86	86,106	106,20	20,6	6,17	17,126	126,131	131,23	23,8	8,36	36,98	98,7	7,137	
137,142	142,66	66,21	21,159	159,145	145,121	121,113	113,97	97,103	103,86	86,106	106,20	20,6	6,17	17,126	126,131	131,23	23,8	8,36	36,98	98,7	7,137	
137,58	58,21	21,159	159,145	145,121	121,113	113,97	97,103	103,86	86,106	106,20	20,6	6,17	17,126	126,131	131,23	23,8	8,36	36,98	98,7	7,137	
137,66	66,21	21,159	159,145	145,121	121,113	113,97	97,103	103,86	86,106	106,20	20,6	6,17	17,126	126,131	131,23	23,8	8,36	36,98	98,7	7,137	
137,21	21,159	159,145	145,121	121,113	113,97	97,103	103,86	86,106	106,20	20,6	6,17	17,126	126,131	131,23	23,8	8,36	36,98	98,7	7,137	
137,103	103,86	86,106	106,20	20,6	6,17	17,126	126,131	131,23	23,8	8,36	36,98	98,7	7,137	
137,20	20,6	6,17	17,126	126,131	131,23	23,8	8,36	36,98	98,7	7,137	
137,17	17,126	126,131	131,23	23,8	8,36	36,98	98,7	7,137	
137,8	8,36	36,98	98,7	7,137	
137,36	36,98	98,7	7,137	
137,98	98,7	7,137	
7,73	73,34	34,33	33,27	27,141	141,95	95,44	44,140	140,29	29,147	147,15	15,9	9,19	19,130	130,139	139,16	16,14	14,69	69,136	136,142	142,66	66,21	21,159	159,145	145,121	121,113	113,97	97,103	103,86	86,106	106,20	20,6	6,17	17,126	126,131	131,23	23,8	8,36	36,98	98,7	
7,67	67,99	99,27	27,141	141,95	95,44	44,140	140,29	29,147	147,15	15,9	9,19	19,130	130,139	139,16	16,14	14,69	69,136	136,142	142,66	66,21	21,159	159,145	145,121	121,113	113,97	97,103	103,86	86,106	106,20	20,6	6,17	17,126	126,131	131,23	23,8	8,36	36,98	98,7	
7,44	44,140	140,29	29,147	147,15	15,9	9,19	19,130	130,139	139,16	16,14	14,69	69,136	136,142	142,66	66,21	21,159	159,145	145,121	121,113	113,97	97,103	103,86	86,106	106,20	20,6	6,17	17,126	126,131	131,23	23,8	8,36	36,98	98,7	
7,29	29,147	147,15	15,9	9,19	19,130	130,139	139,16	16,14	14,69	69,136	136,142	142,66	66,21	21,159	159,145	145,121	121,113	113,97	97,103	103,86	86,106	106,20	20,6	6,17	17,126	126,131	131,23	23,8	8,36	36,98	98,7	
7,66	66,21	21,159	159,145	145,121	121,113	113,97	97,103	103,86	86,106	106,20	20,6	6,17	17,126	126,131	131,23	23,8	8,36	36,98	98,7	
7,21	21,159	159,145	145,121	121,113	113,97	97,103	103,86	86,106	106,20	20,6	6,17	17,126	126,131	131,23	23,8	8,36	36,98	98,7	
7,145	145,121	121,113	113,97	97,103	103,86	86,106	106,20	20,6	6,17	17,126	126,131	131,23	23,8	8,36	36,98	98,7	
7,97	97,103	103,86	86,106	106,20	20,6	6,17	17,126	126,131	131,23	23,8	8,36	36,98	98,7	
7,86	86,106	106,20	20,6	6,17	17,126	126,131	131,23	23,8	8,36	36,98	98,7	
7,20	20,6	6,17	17,126	126,131	131,23	23,8	8,36	36,98	98,7	
7,98	98,7	
98,152	152,31	31,124	124,150	150,153	153,73	73,34	34,33	33,27	27,141	141,95	95,44	44,140	140,29	29,147	147,15	15,9	9,19	19,130	130,139	139,16	16,14	14,69	69,136	136,142	142,66	66,21	21,159	159,145	145,121	121,113	113,97	97,103	103,86	86,106	106,20	20,6	6,17	17,126	126,131	131,23	23,8	8,36	36,98	
98,150	150,153	153,73	73,34	34,33	33,27	27,141	141,95	95,44	44,140	140,29	29,147	147,15	15,9	9,19	19,130	130,139	139,16	16,14	14,69	69,136	136,142	142,66	66,21	21,159	159,145	145,121	121,113	113,97	97,103	103,86	86,106	106,20	20,6	6,17	17,126	126,131	131,23	23,8	8,36	36,98	
98,27	27,141	141,95	95,44	44,140	140,29	29,147	147,15	15,9	9,19	19,130	130,139	139,16	16,14	14,69	69,136	136,142	142,66	66,21	21,159	159,145	145,121	121,113	113,97	97,103	103,86	86,106	106,20	20,6	6,17	17,126	126,131	131,23	23,8	8,36	36,98	
98,140	140,29	29,147	147,15	15,9	9,19	19,130	130,139	139,16	16,14	14,69	69,136	136,142	142,66	66,21	21,159	159,145	145,121	121,113	113,97	97,103	103,86	86,106	106,20	20,6	6,17	17,126	126,131	131,23	23,8	8,36	36,98	
98,29	29,147	147,15	15,9	9,19	19,130	130,139	139,16	16,14	14,69	69,136	136,142	142,66	66,21	21,159	159,145	145,121	121,113	113,97	97,103	103,86	86,106	106,20	20,6	6,17	17,126	126,131	131,23	23,8	8,36	36,98	
98,9	9,19	19,130	130,139	139,16	16,14	14,69	69,136	136,142	142,66	66,21	21,159	159,145	145,121	121,113	113,97	97,103	103,86	86,106	106,20	20,6	6,17	17,126	126,131	131,23	23,8	8,36	36,98	
98,139	139,16	16,14	14,69	69,136	136,142	142,66	66,21	21,159	159,145	145,121	121,113	113,97	97,103	103,86	86,106	106,20	20,6	6,17	17,126	126,131	131,23	23,8	8,36	36,98	
98,16	16,14	14,69	69,136	136,142	142,66	66,21	21,159	159,145	145,121	121,113	113,97	97,103	103,86	86,106	106,20	20,6	6,17	17,126	126,131	131,23	23,8	8,36	36,98	
98,136	136,142	142,66	66,21	21,159	159,145	145,121	121,113	113,97	97,103	103,86	86,106	106,20	20,6	6,17	17,126	126,131	131,23	23,8	8,36	36,98	
98,142	142,66	66,21	21,159	159,145	145,121	121,113	113,97	97,103	103,86	86,106	106,20	20,6	6,17	17,126	126,131	131,23	23,8	8,36	36,98	
98,66	66,21	21,159	159,145	145,121	121,113	113,97	97,103	103,86	86,106	106,20	20,6	6,17	17,126	126,131	131,23	23,8	8,36	36,98	
98,159	159,145	145,121	121,113	113,97	97,103	103,86	86,106	106,20	20,6	6,17	17,126	126,131	131,23	23,8	8,36	36,98	
98,97	97,103	103,86	86,106	106,20	20,6	6,17	17,126	126,131	131,23	23,8	8,36	36,98	
98,103	103,86	86,106	106,20	20,6	6,17	17,126	126,131	131,23	23,8	8,36	36,98	
98,20	20,6	6,17	17,126	126,131	131,23	23,8	8,36	36,98	
98,51	51,98	
36,97	97,103	103,86	86,106	106,20	20,6	6,17	17,126	126,131	131,23	23,8	8,36	
36,8	8,36	
8,67	67,99	99,27	27,141	141,95	95,44	44,140	140,29	29,147	147,15	15,9	9,19	19,130	130,139	139,16	16,14	14,69	69,136	136,142	142,66	66,21	21,159	159,145	145,121	121,113	113,97	97,103	103,86	86,106	106,20	20,6	6,17	17,126	126,131	131,23	23,8	
8,141	141,95	95,44	44,140	140,29	29,147	147,15	15,9	9,19	19,130	130,139	139,16	16,14	14,69	69,136	136,142	142,66	66,21	21,159	159,145	145,121	121,113	113,97	97,103	103,86	86,106	106,20	20,6	6,17	17,126	126,131	131,23	23,8	
8,140	140,29	29,147	147,15	15,9	9,19	19,130	130,139	139,16	16,14	14,69	69,136	136,142	142,66	66,21	21,159	159,145	145,121	121,113	113,97	97,103	103,86	86,106	106,20	20,6	6,17	17,126	126,131	131,23	23,8	
8,9	9,19	19,130	130,139	139,16	16,14	14,69	69,136	136,142	142,66	66,21	21,159	159,145	145,121	121,113	113,97	97,103	103,86	86,106	106,20	20,6	6,17	17,126	126,131	131,23	23,8	
8,130	130,139	139,16	16,14	14,69	69,136	136,142	142,66	66,21	21,159	159,145	145,121	121,113	113,97	97,103	103,86	86,106	106,20	20,6	6,17	17,126	126,131	131,23	23,8	
8,14	14,69	69,136	136,142	142,66	66,21	21,159	159,145	145,121	121,113	113,97	97,103	103,86	86,106	106,20	20,6	6,17	17,126	126,131	131,23	23,8	
8,69	69,136	136,142	142,66	66,21	21,159	159,145	145,121	121,113	113,97	97,103	103,86	86,106	106,20	20,6	6,17	17,126	126,131	131,23	23,8	
8,103	103,86	86,106	106,20	20,6	6,17	17,126	126,131	131,23	23,8	
8,17	17,126	126,131	131,23	23,8	
23,28	28,148	148,152	152,31	31,124	124,150	150,153	153,73	73,34	34,33	33,27	27,141	141,95	95,44	44,140	140,29	29,147	147,15	15,9	9,19	19,130	130,139	139,16	16,14	14,69	69,136	136,142	142,66	66,21	21,159	159,145	145,121	121,113	113,97	97,103	103,86	86,106	106,20	20,6	6,17	17,126	126,131	131,23	
23,31	31,124	124,150	150,153	153,73	73,34	34,33	33,27	27,141	141,95	95,44	44,140	140,29	29,147	147,15	15,9	9,19	19,130	130,139	139,16	16,14	14,69	69,136	136,142	142,66	66,21	21,159	159,145	145,121	121,113	113,97	97,103	103,86	86,106	106,20	20,6	6,17	17,126	126,131	131,23	
23,124	124,150	150,153	153,73	73,34	34,33	33,27	27,141	141,95	95,44	44,140	140,29	29,147	147,15	15,9	9,19	19,130	130,139	139,16	16,14	14,69	69,136	136,142	142,66	66,21	21,159	159,145	145,121	121,113	113,97	97,103	103,86	86,106	106,20	20,6	6,17	17,126	126,131	131,23	
23,153	153,73	73,34	34,33	33,27	27,141	141,95	95,44	44,140	140,29	29,147	147,15	15,9	9,19	19,130	130,139	139,16	16,14	14,69	69,136	136,142	142,66	66,21	21,159	159,145	145,121	121,113	113,97	97,103	103,86	86,106	106,20	20,6	6,17	17,126	126,131	131,23	
23,27	27,141	141,95	95,44	44,140	140,29	29,147	147,15	15,9	9,19	19,130	130,139	139,16	16,14	14,69	69,136	136,142	142,66	66,21	21,159	159,145	145,121	121,113	113,97	97,103	103,86	86,106	106,20	20,6	6,17	17,126	126,131	131,23	
23,147	147,15	15,9	9,19	19,130	130,139	139,16	16,14	14,69	69,136	136,142	142,66	66,21	21,159	159,145	145,121	121,113	113,97	97,103	103,86	86,106	106,20	20,6	6,17	17,126	126,131	131,23	
23,15	15,9	9,19	19,130	130,139	139,16	16,14	14,69	69,136	136,142	142,66	66,21	21,159	159,145	145,121	121,113	113,97	97,103	103,86	86,106	106,20	20,6	6,17	17,126	126,131	131,23	
23,14	14,69	69,136	136,142	142,66	66,21	21,159	159,145	145,121	121,113	113,97	97,103	103,86	86,106	106,20	20,6	6,17	17,126	126,131	131,23	
23,6	6,17	17,126	126,131	131,23	
23,17	17,126	126,131	131,23	
23,122	122,23	
126,158	158,148	148,152	152,31	31,124	124,150	150,153	153,73	73,34	34,33	33,27	27,141	141,95	95,44	44,140	140,29	29,147	147,15	15,9	9,19	19,130	130,139	139,16	16,14	14,69	69,136	136,142	142,66	66,21	21,159	159,145	145,121	121,113	113,97	97,103	103,86	86,106	106,20	20,6	6,17	17,126	
126,31	31,124	124,150	150,153	153,73	73,34	34,33	33,27	27,141	141,95	95,44	44,140	140,29	29,147	147,15	15,9	9,19	19,130	130,139	139,16	16,14	14,69	69,136	136,142	142,66	66,21	21,159	159,145	145,121	121,113	113,97	97,103	103,86	86,106	106,20	20,6	6,17	17,126	
126,57	57,155	155,150	150,153	153,73	73,34	34,33	33,27	27,141	141,95	95,44	44,140	140,29	29,147	147,15	15,9	9,19	19,130	130,139	139,16	16,14	14,69	69,136	136,142	142,66	66,21	21,159	159,145	145,121	121,113	113,97	97,103	103,86	86,106	106,20	20,6	6,17	17,126	
126,155	155,150	150,153	153,73	73,34	34,33	33,27	27,141	141,95	95,44	44,140	140,29	29,147	147,15	15,9	9,19	19,130	130,139	139,16	16,14	14,69	69,136	136,142	142,66	66,21	21,159	159,145	145,121	121,113	113,97	97,103	103,86	86,106	106,20	20,6	6,17	17,126	
126,124	124,150	150,153	153,73	73,34	34,33	33,27	27,141	141,95	95,44	44,140	140,29	29,147	147,15	15,9	9,19	19,130	130,139	139,16	16,14	14,69	69,136	136,142	142,66	66,21	21,159	159,145	145,121	121,113	113,97	97,103	103,86	86,106	106,20	20,6	6,17	17,126	
126,150	150,153	153,73	73,34	34,33	33,27	27,141	141,95	95,44	44,140	140,29	29,147	147,15	15,9	9,19	19,130	130,139	139,16	16,14	14,69	69,136	136,142	142,66	66,21	21,159	159,145	145,121	121,113	113,97	97,103	103,86	86,106	106,20	20,6	6,17	17,126	
126,153	153,73	73,34	34,33	33,27	27,141	141,95	95,44	44,140	140,29	29,147	147,15	15,9	9,19	19,130	130,139	139,16	16,14	14,69	69,136	136,142	142,66	66,21	21,159	159,145	145,121	121,113	113,97	97,103	103,86	86,106	106,20	20,6	6,17	17,126	
126,30	30,33	33,27	27,141	141,95	95,44	44,140	140,29	29,147	147,15	15,9	9,19	19,130	130,139	139,16	16,14	14,69	69,136	136,142	142,66	66,21	21,159	159,145	145,121	121,113	113,97	97,103	103,86	86,106	106,20	20,6	6,17	17,126	
126,33	33,27	27,141	141,95	95,44	44,140	140,29	29,147	147,15	15,9	9,19	19,130	130,139	139,16	16,14	14,69	69,136	136,142	142,66	66,21	21,159	159,145	145,121	121,113	113,97	97,103	103,86	86,106	106,20	20,6	6,17	17,126	
126,27	27,141	141,95	95,44	44,140	140,29	29,147	147,15	15,9	9,19	19,130	130,139	139,16	16,14	14,69	69,136	136,142	142,66	66,21	21,159	159,145	145,121	121,113	113,97	97,103	103,86	86,106	106,20	20,6	6,17	17,126	
126,95	95,44	44,140	140,29	29,147	147,15	15,9	9,19	19,130	130,139	139,16	16,14	14,69	69,136	136,142	142,66	66,21	21,159	159,145	145,121	121,113	113,97	97,103	103,86	86,106	106,20	20,6	6,17	17,126	
126,43	43,140	140,29	29,147	147,15	15,9	9,19	19,130	130,139	139,16	16,14	14,69	69,136	136,142	142,66	66,21	21,159	159,145	145,121	121,113	113,97	97,103	103,86	86,106	106,20	20,6	6,17	17,126	
126,140	140,29	29,147	147,15	15,9	9,19	19,130	130,139	139,16	16,14	14,69	69,136	136,142	142,66	66,21	21,159	159,145	145,121	121,113	113,97	97,103	103,86	86,106	106,20	20,6	6,17	17,126	
126,93	93,29	29,147	147,15	15,9	9,19	19,130	130,139	139,16	16,14	14,69	69,136	136,142	142,66	66,21	21,159	159,145	145,121	121,113	113,97	97,103	103,86	86,106	106,20	20,6	6,17	17,126	
126,15	15,9	9,19	19,130	130,139	139,16	16,14	14,69	69,136	136,142	142,66	66,21	21,159	159,145	145,121	121,113	113,97	97,103	103,86	86,106	106,20	20,6	6,17	17,126	
126,9	9,19	19,130	130,139	139,16	16,14	14,69	69,136	136,142	142,66	66,21	21,159	159,145	145,121	121,113	113,97	97,103	103,86	86,106	106,20	20,6	6,17	17,126	
126,19	19,130	130,139	139,16	16,14	14,69	69,136	136,142	142,66	66,21	21,159	159,145	145,121	121,113	113,97	97,103	103,86	86,106	106,20	20,6	6,17	17,126	
126,16	16,14	14,69	69,136	136,142	142,66	66,21	21,159	159,145	145,121	121,113	113,97	97,103	103,86	86,106	106,20	20,6	6,17	17,126	
126,14	14,69	69,136	136,142	142,66	66,21	21,159	159,145	145,121	121,113	113,97	97,103	103,86	86,106	106,20	20,6	6,17	17,126	
126,45	45,136	136,142	142,66	66,21	21,159	159,145	145,121	121,113	113,97	97,103	103,86	86,106	106,20	20,6	6,17	17,126	
126,69	69,136	136,142	142,66	66,21	21,159	159,145	145,121	121,113	113,97	97,103	103,86	86,106	106,20	20,6	6,17	17,126	
126,142	142,66	66,21	21,159	159,145	145,121	121,113	113,97	97,103	103,86	86,106	106,20	20,6	6,17	17,126	
126,58	58,21	21,159	159,145	145,121	121,113	113,97	97,103	103,86	86,106	106,20	20,6	6,17	17,126	
126,66	66,21	21,159	159,145	145,121	121,113	113,97	97,103	103,86	86,106	106,20	20,6	6,17	17,126	
126,21	21,159	159,145	145,121	121,113	113,97	97,103	103,86	86,106	106,20	20,6	6,17	17,126	
126,121	121,113	113,97	97,103	103,86	86,106	106,20	20,6	6,17	17,126	
126,97	97,103	103,86	86,106	106,20	20,6	6,17	17,126	
126,103	103,86	86,106	106,20	20,6	6,17	17,126	
126,86	86,106	106,20	20,6	6,17	17,126	
17,158	158,148	148,152	152,31	31,124	124,150	150,153	153,73	73,34	34,33	33,27	27,141	141,95	95,44	44,140	140,29	29,147	147,15	15,9	9,19	19,130	130,139	139,16	16,14	14,69	69,136	136,142	142,66	66,21	21,159	159,145	145,121	121,113	113,97	97,103	103,86	86,106	106,20	20,6	6,17	
17,148	148,152	152,31	31,124	124,150	150,153	153,73	73,34	34,33	33,27	27,141	141,95	95,44	44,140	140,29	29,147	147,15	15,9	9,19	19,130	130,139	139,16	16,14	14,69	69,136	136,142	142,66	66,21	21,159	159,145	145,121	121,113	113,97	97,103	103,86	86,106	106,20	20,6	6,17	
17,152	152,31	31,124	124,150	150,153	153,73	73,34	34,33	33,27	27,141	141,95	95,44	44,140	140,29	29,147	147,15	15,9	9,19	19,130	130,139	139,16	16,14	14,69	69,136	136,142	142,66	66,21	21,159	159,145	145,121	121,113	113,97	97,103	103,86	86,106	106,20	20,6	6,17	
17,31	31,124	124,150	150,153	153,73	73,34	34,33	33,27	27,141	141,95	95,44	44,140	140,29	29,147	147,15	15,9	9,19	19,130	130,139	139,16	16,14	14,69	69,136	136,142	142,66	66,21	21,159	159,145	145,121	121,113	113,97	97,103	103,86	86,106	106,20	20,6	6,17	
17,155	155,150	150,153	153,73	73,34	34,33	33,27	27,141	141,95	95,44	44,140	140,29	29,147	147,15	15,9	9,19	19,130	130,139	139,16	16,14	14,69	69,136	136,142	142,66	66,21	21,159	159,145	145,121	121,113	113,97	97,103	103,86	86,106	106,20	20,6	6,17	
17,150	150,153	153,73	73,34	34,33	33,27	27,141	141,95	95,44	44,140	140,29	29,147	147,15	15,9	9,19	19,130	130,139	139,16	16,14	14,69	69,136	136,142	142,66	66,21	21,159	159,145	145,121	121,113	113,97	97,103	103,86	86,106	106,20	20,6	6,17	
17,153	153,73	73,34	34,33	33,27	27,141	141,95	95,44	44,140	140,29	29,147	147,15	15,9	9,19	19,130	130,139	139,16	16,14	14,69	69,136	136,142	142,66	66,21	21,159	159,145	145,121	121,113	113,97	97,103	103,86	86,106	106,20	20,6	6,17	
17,30	30,33	33,27	27,141	141,95	95,44	44,140	140,29	29,147	147,15	15,9	9,19	19,130	130,139	139,16	16,14	14,69	69,136	136,142	142,66	66,21	21,159	159,145	145,121	121,113	113,97	97,103	103,86	86,106	106,20	20,6	6,17	
17,67	67,99	99,27	27,141	141,95	95,44	44,140	140,29	29,147	147,15	15,9	9,19	19,130	130,139	139,16	16,14	14,69	69,136	136,142	142,66	66,21	21,159	159,145	145,121	121,113	113,97	97,103	103,86	86,106	106,20	20,6	6,17	
17,33	33,27	27,141	141,95	95,44	44,140	140,29	29,147	147,15	15,9	9,19	19,130	130,139	139,16	16,14	14,69	69,136	136,142	142,66	66,21	21,159	159,145	145,121	121,113	113,97	97,103	103,86	86,106	106,20	20,6	6,17	
17,99	99,27	27,141	141,95	95,44	44,140	140,29	29,147	147,15	15,9	9,19	19,130	130,139	139,16	16,14	14,69	69,136	136,142	142,66	66,21	21,159	159,145	145,121	121,113	113,97	97,103	103,86	86,106	106,20	20,6	6,17	
17,141	141,95	95,44	44,140	140,29	29,147	147,15	15,9	9,19	19,130	130,139	139,16	16,14	14,69	69,136	136,142	142,66	66,21	21,159	159,145	145,121	121,113	113,97	97,103	103,86	86,106	106,20	20,6	6,17	
17,95	95,44	44,140	140,29	29,147	147,15	15,9	9,19	19,130	130,139	139,16	16,14	14,69	69,136	136,142	142,66	66,21	21,159	159,145	145,121	121,113	113,97	97,103	103,86	86,106	106,20	20,6	6,17	
17,44	44,140	140,29	29,147	147,15	15,9	9,19	19,130	130,139	139,16	16,14	14,69	69,136	136,142	142,66	66,21	21,159	159,145	145,121	121,113	113,97	97,103	103,86	86,106	106,20	20,6	6,17	
17,140	140,29	29,147	147,15	15,9	9,19	19,130	130,139	139,16	16,14	14,69	69,136	136,142	142,66	66,21	21,159	159,145	145,121	121,113	113,97	97,103	103,86	86,106	106,20	20,6	6,17	
17,29	29,147	147,15	15,9	9,19	19,130	130,139	139,16	16,14	14,69	69,136	136,142	142,66	66,21	21,159	159,145	145,121	121,113	113,97	97,103	103,86	86,106	106,20	20,6	6,17	
17,147	147,15	15,9	9,19	19,130	130,139	139,16	16,14	14,69	69,136	136,142	142,66	66,21	21,159	159,145	145,121	121,113	113,97	97,103	103,86	86,106	106,20	20,6	6,17	
17,15	15,9	9,19	19,130	130,139	139,16	16,14	14,69	69,136	136,142	142,66	66,21	21,159	159,145	145,121	121,113	113,97	97,103	103,86	86,106	106,20	20,6	6,17	
17,9	9,19	19,130	130,139	139,16	16,14	14,69	69,136	136,142	142,66	66,21	21,159	159,145	145,121	121,113	113,97	97,103	103,86	86,106	106,20	20,6	6,17	
17,130	130,139	139,16	16,14	14,69	69,136	136,142	142,66	66,21	21,159	159,145	145,121	121,113	113,97	97,103	103,86	86,106	106,20	20,6	6,17	
17,139	139,16	16,14	14,69	69,136	136,142	142,66	66,21	21,159	159,145	145,121	121,113	113,97	97,103	103,86	86,106	106,20	20,6	6,17	
17,16	16,14	14,69	69,136	136,142	142,66	66,21	21,159	159,145	145,121	121,113	113,97	97,103	103,86	86,106	106,20	20,6	6,17	
17,14	14,69	69,136	136,142	142,66	66,21	21,159	159,145	145,121	121,113	113,97	97,103	103,86	86,106	106,20	20,6	6,17	
17,69	69,136	136,142	142,66	66,21	21,159	159,145	145,121	121,113	113,97	97,103	103,86	86,106	106,20	20,6	6,17	
17,136	136,142	142,66	66,21	21,159	159,145	145,121	121,113	113,97	97,103	103,86	86,106	106,20	20,6	6,17	
17,143	143,142	142,66	66,21	21,159	159,145	145,121	121,113	113,97	97,103	103,86	86,106	106,20	20,6	6,17	
17,142	142,66	66,21	21,159	159,145	145,121	121,113	113,97	97,103	103,86	86,106	106,20	20,6	6,17	
17,66	66,21	21,159	159,145	145,121	121,113	113,97	97,103	103,86	86,106	106,20	20,6	6,17	
17,21	21,159	159,145	145,121	121,113	113,97	97,103	103,86	86,106	106,20	20,6	6,17	
17,159	159,145	145,121	121,113	113,97	97,103	103,86	86,106	106,20	20,6	6,17	
17,145	145,121	121,113	113,97	97,103	103,86	86,106	106,20	20,6	6,17	
17,113	113,97	97,103	103,86	86,106	106,20	20,6	6,17	
17,103	103,86	86,106	106,20	20,6	6,17	
17,86	86,106	106,20	20,6	6,17	
17,20	20,6	6,17	
6,130	130,139	139,16	16,14	14,69	69,136	136,142	142,66	66,21	21,159	159,145	145,121	121,113	113,97	97,103	103,86	86,106	106,20	20,6	
6,136	136,142	142,66	66,21	21,159	159,145	145,121	121,113	113,97	97,103	103,86	86,106	106,20	20,6	
6,142	142,66	66,21	21,159	159,145	145,121	121,113	113,97	97,103	103,86	86,106	106,20	20,6	
6,66	66,21	21,159	159,145	145,121	121,113	113,97	97,103	103,86	86,106	106,20	20,6	
6,21	21,159	159,145	145,121	121,113	113,97	97,103	103,86	86,106	106,20	20,6	
6,159	159,145	145,121	121,113	113,97	97,103	103,86	86,106	106,20	20,6	
6,97	97,103	103,86	86,106	106,20	20,6	
6,103	103,86	86,106	106,20	20,6	
20,158	158,148	148,152	152,31	31,124	124,150	150,153	153,73	73,34	34,33	33,27	27,141	141,95	95,44	44,140	140,29	29,147	147,15	15,9	9,19	19,130	130,139	139,16	16,14	14,69	69,136	136,142	142,66	66,21	21,159	159,145	145,121	121,113	113,97	97,103	103,86	86,106	106,20	
20,148	148,152	152,31	31,124	124,150	150,153	153,73	73,34	34,33	33,27	27,141	141,95	95,44	44,140	140,29	29,147	147,15	15,9	9,19	19,130	130,139	139,16	16,14	14,69	69,136	136,142	142,66	66,21	21,159	159,145	145,121	121,113	113,97	97,103	103,86	86,106	106,20	
20,152	152,31	31,124	124,150	150,153	153,73	73,34	34,33	33,27	27,141	141,95	95,44	44,140	140,29	29,147	147,15	15,9	9,19	19,130	130,139	139,16	16,14	14,69	69,136	136,142	142,66	66,21	21,159	159,145	145,121	121,113	113,97	97,103	103,86	86,106	106,20	
20,31	31,124	124,150	150,153	153,73	73,34	34,33	33,27	27,141	141,95	95,44	44,140	140,29	29,147	147,15	15,9	9,19	19,130	130,139	139,16	16,14	14,69	69,136	136,142	142,66	66,21	21,159	159,145	145,121	121,113	113,97	97,103	103,86	86,106	106,20	
20,155	155,150	150,153	153,73	73,34	34,33	33,27	27,141	141,95	95,44	44,140	140,29	29,147	147,15	15,9	9,19	19,130	130,139	139,16	16,14	14,69	69,136	136,142	142,66	66,21	21,159	159,145	145,121	121,113	113,97	97,103	103,86	86,106	106,20	
20,150	150,153	153,73	73,34	34,33	33,27	27,141	141,95	95,44	44,140	140,29	29,147	147,15	15,9	9,19	19,130	130,139	139,16	16,14	14,69	69,136	136,142	142,66	66,21	21,159	159,145	145,121	121,113	113,97	97,103	103,86	86,106	106,20	
20,153	153,73	73,34	34,33	33,27	27,141	141,95	95,44	44,140	140,29	29,147	147,15	15,9	9,19	19,130	130,139	139,16	16,14	14,69	69,136	136,142	142,66	66,21	21,159	159,145	145,121	121,113	113,97	97,103	103,86	86,106	106,20	
20,67	67,99	99,27	27,141	141,95	95,44	44,140	140,29	29,147	147,15	15,9	9,19	19,130	130,139	139,16	16,14	14,69	69,136	136,142	142,66	66,21	21,159	159,145	145,121	121,113	113,97	97,103	103,86	86,106	106,20	
20,33	33,27	27,141	141,95	95,44	44,140	140,29	29,147	147,15	15,9	9,19	19,130	130,139	139,16	16,14	14,69	69,136	136,142	142,66	66,21	21,159	159,145	145,121	121,113	113,97	97,103	103,86	86,106	106,20	
20,99	99,27	27,141	141,95	95,44	44,140	140,29	29,147	147,15	15,9	9,19	19,130	130,139	139,16	16,14	14,69	69,136	136,142	142,66	66,21	21,159	159,145	145,121	121,113	113,97	97,103	103,86	86,106	106,20	
20,27	27,141	141,95	95,44	44,140	140,29	29,147	147,15	15,9	9,19	19,130	130,139	139,16	16,14	14,69	69,136	136,142	142,66	66,21	21,159	159,145	145,121	121,113	113,97	97,103	103,86	86,106	106,20	
20,141	141,95	95,44	44,140	140,29	29,147	147,15	15,9	9,19	19,130	130,139	139,16	16,14	14,69	69,136	136,142	142,66	66,21	21,159	159,145	145,121	121,113	113,97	97,103	103,86	86,106	106,20	
20,95	95,44	44,140	140,29	29,147	147,15	15,9	9,19	19,130	130,139	139,16	16,14	14,69	69,136	136,142	142,66	66,21	21,159	159,145	145,121	121,113	113,97	97,103	103,86	86,106	106,20	
20,44	44,140	140,29	29,147	147,15	15,9	9,19	19,130	130,139	139,16	16,14	14,69	69,136	136,142	142,66	66,21	21,159	159,145	145,121	121,113	113,97	97,103	103,86	86,106	106,20	
20,140	140,29	29,147	147,15	15,9	9,19	19,130	130,139	139,16	16,14	14,69	69,136	136,142	142,66	66,21	21,159	159,145	145,121	121,113	113,97	97,103	103,86	86,106	106,20	
20,93	93,29	29,147	147,15	15,9	9,19	19,130	130,139	139,16	16,14	14,69	69,136	136,142	142,66	66,21	21,159	159,145	145,121	121,113	113,97	97,103	103,86	86,106	106,20	
20,29	29,147	147,15	15,9	9,19	19,130	130,139	139,16	16,14	14,69	69,136	136,142	142,66	66,21	21,159	159,145	145,121	121,113	113,97	97,103	103,86	86,106	106,20	
20,15	15,9	9,19	19,130	130,139	139,16	16,14	14,69	69,136	136,142	142,66	66,21	21,159	159,145	145,121	121,113	113,97	97,103	103,86	86,106	106,20	
20,9	9,19	19,130	130,139	139,16	16,14	14,69	69,136	136,142	142,66	66,21	21,159	159,145	145,121	121,113	113,97	97,103	103,86	86,106	106,20	
20,19	19,130	130,139	139,16	16,14	14,69	69,136	136,142	142,66	66,21	21,159	159,145	145,121	121,113	113,97	97,103	103,86	86,106	106,20	
20,130	130,139	139,16	16,14	14,69	69,136	136,142	142,66	66,21	21,159	159,145	145,121	121,113	113,97	97,103	103,86	86,106	106,20	
20,139	139,16	16,14	14,69	69,136	136,142	142,66	66,21	21,159	159,145	145,121	121,113	113,97	97,103	103,86	86,106	106,20	
20,16	16,14	14,69	69,136	136,142	142,66	66,21	21,159	159,145	145,121	121,113	113,97	97,103	103,86	86,106	106,20	
20,14	14,69	69,136	136,142	142,66	66,21	21,159	159,145	145,121	121,113	113,97	97,103	103,86	86,106	106,20	
20,69	69,136	136,142	142,66	66,21	21,159	159,145	145,121	121,113	113,97	97,103	103,86	86,106	106,20	
20,136	136,142	142,66	66,21	21,159	159,145	145,121	121,113	113,97	97,103	103,86	86,106	106,20	
20,143	143,142	142,66	66,21	21,159	159,145	145,121	121,113	113,97	97,103	103,86	86,106	106,20	
20,142	142,66	66,21	21,159	159,145	145,121	121,113	113,97	97,103	103,86	86,106	106,20	
20,66	66,21	21,159	159,145	145,121	121,113	113,97	97,103	103,86	86,106	106,20	
20,21	21,159	159,145	145,121	121,113	113,97	97,103	103,86	86,106	106,20	
20,159	159,145	145,121	121,113	113,97	97,103	103,86	86,106	106,20	
20,145	145,121	121,113	113,97	97,103	103,86	86,106	106,20	
20,121	121,113	113,97	97,103	103,86	86,106	106,20	
20,113	113,97	97,103	103,86	86,106	106,20	
20,97	97,103	103,86	86,106	106,20	
20,103	103,86	86,106	106,20	
20,86	86,106	106,20	
106,44	44,140	140,29	29,147	147,15	15,9	9,19	19,130	130,139	139,16	16,14	14,69	69,136	136,142	142,66	66,21	21,159	159,145	145,121	121,113	113,97	97,103	103,86	86,106	
106,29	29,147	147,15	15,9	9,19	19,130	130,139	139,16	16,14	14,69	69,136	136,142	142,66	66,21	21,159	159,145	145,121	121,113	113,97	97,103	103,86	86,106	
106,66	66,21	21,159	159,145	145,121	121,113	113,97	97,103	103,86	86,106	
106,21	21,159	159,145	145,121	121,113	113,97	97,103	103,86	86,106	
106,159	159,145	145,121	121,113	113,97	97,103	103,86	86,106	
106,97	97,103	103,86	86,106	
106,86	86,106	
86,150	150,153	153,73	73,34	34,33	33,27	27,141	141,95	95,44	44,140	140,29	29,147	147,15	15,9	9,19	19,130	130,139	139,16	16,14	14,69	69,136	136,142	142,66	66,21	21,159	159,145	145,121	121,113	113,97	97,103	103,86	
86,113	113,97	97,103	103,86	
103,39	39,158	158,148	148,152	152,31	31,124	124,150	150,153	153,73	73,34	34,33	33,27	27,141	141,95	95,44	44,140	140,29	29,147	147,15	15,9	9,19	19,130	130,139	139,16	16,14	14,69	69,136	136,142	142,66	66,21	21,159	159,145	145,121	121,113	113,97	97,103	
103,91	91,158	158,148	148,152	152,31	31,124	124,150	150,153	153,73	73,34	34,33	33,27	27,141	141,95	95,44	44,140	140,29	29,147	147,15	15,9	9,19	19,130	130,139	139,16	16,14	14,69	69,136	136,142	142,66	66,21	21,159	159,145	145,121	121,113	113,97	97,103	
103,57	57,155	155,150	150,153	153,73	73,34	34,33	33,27	27,141	141,95	95,44	44,140	140,29	29,147	147,15	15,9	9,19	19,130	130,139	139,16	16,14	14,69	69,136	136,142	142,66	66,21	21,159	159,145	145,121	121,113	113,97	97,103	
103,59	59,30	30,33	33,27	27,141	141,95	95,44	44,140	140,29	29,147	147,15	15,9	9,19	19,130	130,139	139,16	16,14	14,69	69,136	136,142	142,66	66,21	21,159	159,145	145,121	121,113	113,97	97,103	
103,27	27,141	141,95	95,44	44,140	140,29	29,147	147,15	15,9	9,19	19,130	130,139	139,16	16,14	14,69	69,136	136,142	142,66	66,21	21,159	159,145	145,121	121,113	113,97	97,103	
103,141	141,95	95,44	44,140	140,29	29,147	147,15	15,9	9,19	19,130	130,139	139,16	16,14	14,69	69,136	136,142	142,66	66,21	21,159	159,145	145,121	121,113	113,97	97,103	
103,38	38,147	147,15	15,9	9,19	19,130	130,139	139,16	16,14	14,69	69,136	136,142	142,66	66,21	21,159	159,145	145,121	121,113	113,97	97,103	
103,90	90,142	142,66	66,21	21,159	159,145	145,121	121,113	113,97	97,103	
103,58	58,21	21,159	159,145	145,121	121,113	113,97	97,103	
97,31	31,124	124,150	150,153	153,73	73,34	34,33	33,27	27,141	141,95	95,44	44,140	140,29	29,147	147,15	15,9	9,19	19,130	130,139	139,16	16,14	14,69	69,136	136,142	142,66	66,21	21,159	159,145	145,121	121,113	113,97	
97,155	155,150	150,153	153,73	73,34	34,33	33,27	27,141	141,95	95,44	44,140	140,29	29,147	147,15	15,9	9,19	19,130	130,139	139,16	16,14	14,69	69,136	136,142	142,66	66,21	21,159	159,145	145,121	121,113	113,97	
97,150	150,153	153,73	73,34	34,33	33,27	27,141	141,95	95,44	44,140	140,29	29,147	147,15	15,9	9,19	19,130	130,139	139,16	16,14	14,69	69,136	136,142	142,66	66,21	21,159	159,145	145,121	121,113	113,97	
97,93	93,29	29,147	147,15	15,9	9,19	19,130	130,139	139,16	16,14	14,69	69,136	136,142	142,66	66,21	21,159	159,145	145,121	121,113	113,97	
97,139	139,16	16,14	14,69	69,136	136,142	142,66	66,21	21,159	159,145	145,121	121,113	113,97	
97,142	142,66	66,21	21,159	159,145	145,121	121,113	113,97	
97,66	66,21	21,159	159,145	145,121	121,113	113,97	
97,159	159,145	145,121	121,113	113,97	
113,148	148,152	152,31	31,124	124,150	150,153	153,73	73,34	34,33	33,27	27,141	141,95	95,44	44,140	140,29	29,147	147,15	15,9	9,19	19,130	130,139	139,16	16,14	14,69	69,136	136,142	142,66	66,21	21,159	159,145	145,121	121,113	
113,155	155,150	150,153	153,73	73,34	34,33	33,27	27,141	141,95	95,44	44,140	140,29	29,147	147,15	15,9	9,19	19,130	130,139	139,16	16,14	14,69	69,136	136,142	142,66	66,21	21,159	159,145	145,121	121,113	
113,67	67,99	99,27	27,141	141,95	95,44	44,140	140,29	29,147	147,15	15,9	9,19	19,130	130,139	139,16	16,14	14,69	69,136	136,142	142,66	66,21	21,159	159,145	145,121	121,113	
113,141	141,95	95,44	44,140	140,29	29,147	147,15	15,9	9,19	19,130	130,139	139,16	16,14	14,69	69,136	136,142	142,66	66,21	21,159	159,145	145,121	121,113	
113,140	140,29	29,147	147,15	15,9	9,19	19,130	130,139	139,16	16,14	14,69	69,136	136,142	142,66	66,21	21,159	159,145	145,121	121,113	
113,9	9,19	19,130	130,139	139,16	16,14	14,69	69,136	136,142	142,66	66,21	21,159	159,145	145,121	121,113	
113,130	130,139	139,16	16,14	14,69	69,136	136,142	142,66	66,21	21,159	159,145	145,121	121,113	
113,16	16,14	14,69	69,136	136,142	142,66	66,21	21,159	159,145	145,121	121,113	
113,14	14,69	69,136	136,142	142,66	66,21	21,159	159,145	145,121	121,113	
113,142	142,66	66,21	21,159	159,145	145,121	121,113	
113,159	159,145	145,121	121,113	
113,145	145,121	121,113	
121,85	85,28	28,148	148,152	152,31	31,124	124,150	150,153	153,73	73,34	34,33	33,27	27,141	141,95	95,44	44,140	140,29	29,147	147,15	15,9	9,19	19,130	130,139	139,16	16,14	14,69	69,136	136,142	142,66	66,21	21,159	159,145	145,121	
121,132	132,152	152,31	31,124	124,150	150,153	153,73	73,34	34,33	33,27	27,141	141,95	95,44	44,140	140,29	29,147	147,15	15,9	9,19	19,130	130,139	139,16	16,14	14,69	69,136	136,142	142,66	66,21	21,159	159,145	145,121	
121,153	153,73	73,34	34,33	33,27	27,141	141,95	95,44	44,140	140,29	29,147	147,15	15,9	9,19	19,130	130,139	139,16	16,14	14,69	69,136	136,142	142,66	66,21	21,159	159,145	145,121	
121,67	67,99	99,27	27,141	141,95	95,44	44,140	140,29	29,147	147,15	15,9	9,19	19,130	130,139	139,16	16,14	14,69	69,136	136,142	142,66	66,21	21,159	159,145	145,121	
121,141	141,95	95,44	44,140	140,29	29,147	147,15	15,9	9,19	19,130	130,139	139,16	16,14	14,69	69,136	136,142	142,66	66,21	21,159	159,145	145,121	
121,95	95,44	44,140	140,29	29,147	147,15	15,9	9,19	19,130	130,139	139,16	16,14	14,69	69,136	136,142	142,66	66,21	21,159	159,145	145,121	
121,44	44,140	140,29	29,147	147,15	15,9	9,19	19,130	130,139	139,16	16,14	14,69	69,136	136,142	142,66	66,21	21,159	159,145	145,121	
121,9	9,19	19,130	130,139	139,16	16,14	14,69	69,136	136,142	142,66	66,21	21,159	159,145	145,121	
121,19	19,130	130,139	139,16	16,14	14,69	69,136	136,142	142,66	66,21	21,159	159,145	145,121	
121,142	142,66	66,21	21,159	159,145	145,121	
121,66	66,21	21,159	159,145	145,121	
121,159	159,145	145,121	
145,158	158,148	148,152	152,31	31,124	124,150	150,153	153,73	73,34	34,33	33,27	27,141	141,95	95,44	44,140	140,29	29,147	147,15	15,9	9,19	19,130	130,139	139,16	16,14	14,69	69,136	136,142	142,66	66,21	21,159	159,145	
145,148	148,152	152,31	31,124	124,150	150,153	153,73	73,34	34,33	33,27	27,141	141,95	95,44	44,140	140,29	29,147	147,15	15,9	9,19	19,130	130,139	139,16	16,14	14,69	69,136	136,142	142,66	66,21	21,159	159,145	
145,152	152,31	31,124	124,150	150,153	153,73	73,34	34,33	33,27	27,141	141,95	95,44	44,140	140,29	29,147	147,15	15,9	9,19	19,130	130,139	139,16	16,14	14,69	69,136	136,142	142,66	66,21	21,159	159,145	
145,155	155,150	150,153	153,73	73,34	34,33	33,27	27,141	141,95	95,44	44,140	140,29	29,147	147,15	15,9	9,19	19,130	130,139	139,16	16,14	14,69	69,136	136,142	142,66	66,21	21,159	159,145	
145,150	150,153	153,73	73,34	34,33	33,27	27,141	141,95	95,44	44,140	140,29	29,147	147,15	15,9	9,19	19,130	130,139	139,16	16,14	14,69	69,136	136,142	142,66	66,21	21,159	159,145	
145,153	153,73	73,34	34,33	33,27	27,141	141,95	95,44	44,140	140,29	29,147	147,15	15,9	9,19	19,130	130,139	139,16	16,14	14,69	69,136	136,142	142,66	66,21	21,159	159,145	
145,67	67,99	99,27	27,141	141,95	95,44	44,140	140,29	29,147	147,15	15,9	9,19	19,130	130,139	139,16	16,14	14,69	69,136	136,142	142,66	66,21	21,159	159,145	
145,33	33,27	27,141	141,95	95,44	44,140	140,29	29,147	147,15	15,9	9,19	19,130	130,139	139,16	16,14	14,69	69,136	136,142	142,66	66,21	21,159	159,145	
145,99	99,27	27,141	141,95	95,44	44,140	140,29	29,147	147,15	15,9	9,19	19,130	130,139	139,16	16,14	14,69	69,136	136,142	142,66	66,21	21,159	159,145	
145,27	27,141	141,95	95,44	44,140	140,29	29,147	147,15	15,9	9,19	19,130	130,139	139,16	16,14	14,69	69,136	136,142	142,66	66,21	21,159	159,145	
145,141	141,95	95,44	44,140	140,29	29,147	147,15	15,9	9,19	19,130	130,139	139,16	16,14	14,69	69,136	136,142	142,66	66,21	21,159	159,145	
145,95	95,44	44,140	140,29	29,147	147,15	15,9	9,19	19,130	130,139	139,16	16,14	14,69	69,136	136,142	142,66	66,21	21,159	159,145	
145,44	44,140	140,29	29,147	147,15	15,9	9,19	19,130	130,139	139,16	16,14	14,69	69,136	136,142	142,66	66,21	21,159	159,145	
145,140	140,29	29,147	147,15	15,9	9,19	19,130	130,139	139,16	16,14	14,69	69,136	136,142	142,66	66,21	21,159	159,145	
145,29	29,147	147,15	15,9	9,19	19,130	130,139	139,16	16,14	14,69	69,136	136,142	142,66	66,21	21,159	159,145	
145,147	147,15	15,9	9,19	19,130	130,139	139,16	16,14	14,69	69,136	136,142	142,66	66,21	21,159	159,145	
145,15	15,9	9,19	19,130	130,139	139,16	16,14	14,69	69,136	136,142	142,66	66,21	21,159	159,145	
145,9	9,19	19,130	130,139	139,16	16,14	14,69	69,136	136,142	142,66	66,21	21,159	159,145	
145,19	19,130	130,139	139,16	16,14	14,69	69,136	136,142	142,66	66,21	21,159	159,145	
145,130	130,139	139,16	16,14	14,69	69,136	136,142	142,66	66,21	21,159	159,145	
145,139	139,16	16,14	14,69	69,136	136,142	142,66	66,21	21,159	159,145	
145,16	16,14	14,69	69,136	136,142	142,66	66,21	21,159	159,145	
145,14	14,69	69,136	136,142	142,66	66,21	21,159	159,145	
145,69	69,136	136,142	142,66	66,21	21,159	159,145	
145,136	136,142	142,66	66,21	21,159	159,145	
145,143	143,142	142,66	66,21	21,159	159,145	
145,142	142,66	66,21	21,159	159,145	
145,66	66,21	21,159	159,145	
145,21	21,159	159,145	
145,159	159,145	
159,158	158,148	148,152	152,31	31,124	124,150	150,153	153,73	73,34	34,33	33,27	27,141	141,95	95,44	44,140	140,29	29,147	147,15	15,9	9,19	19,130	130,139	139,16	16,14	14,69	69,136	136,142	142,66	66,21	21,159	
159,148	148,152	152,31	31,124	124,150	150,153	153,73	73,34	34,33	33,27	27,141	141,95	95,44	44,140	140,29	29,147	147,15	15,9	9,19	19,130	130,139	139,16	16,14	14,69	69,136	136,142	142,66	66,21	21,159	
159,152	152,31	31,124	124,150	150,153	153,73	73,34	34,33	33,27	27,141	141,95	95,44	44,140	140,29	29,147	147,15	15,9	9,19	19,130	130,139	139,16	16,14	14,69	69,136	136,142	142,66	66,21	21,159	
159,31	31,124	124,150	150,153	153,73	73,34	34,33	33,27	27,141	141,95	95,44	44,140	140,29	29,147	147,15	15,9	9,19	19,130	130,139	139,16	16,14	14,69	69,136	136,142	142,66	66,21	21,159	
159,155	155,150	150,153	153,73	73,34	34,33	33,27	27,141	141,95	95,44	44,140	140,29	29,147	147,15	15,9	9,19	19,130	130,139	139,16	16,14	14,69	69,136	136,142	142,66	66,21	21,159	
159,150	150,153	153,73	73,34	34,33	33,27	27,141	141,95	95,44	44,140	140,29	29,147	147,15	15,9	9,19	19,130	130,139	139,16	16,14	14,69	69,136	136,142	142,66	66,21	21,159	
159,153	153,73	73,34	34,33	33,27	27,141	141,95	95,44	44,140	140,29	29,147	147,15	15,9	9,19	19,130	130,139	139,16	16,14	14,69	69,136	136,142	142,66	66,21	21,159	
159,67	67,99	99,27	27,141	141,95	95,44	44,140	140,29	29,147	147,15	15,9	9,19	19,130	130,139	139,16	16,14	14,69	69,136	136,142	142,66	66,21	21,159	
159,33	33,27	27,141	141,95	95,44	44,140	140,29	29,147	147,15	15,9	9,19	19,130	130,139	139,16	16,14	14,69	69,136	136,142	142,66	66,21	21,159	
159,99	99,27	27,141	141,95	95,44	44,140	140,29	29,147	147,15	15,9	9,19	19,130	130,139	139,16	16,14	14,69	69,136	136,142	142,66	66,21	21,159	
159,141	141,95	95,44	44,140	140,29	29,147	147,15	15,9	9,19	19,130	130,139	139,16	16,14	14,69	69,136	136,142	142,66	66,21	21,159	
159,44	44,140	140,29	29,147	147,15	15,9	9,19	19,130	130,139	139,16	16,14	14,69	69,136	136,142	142,66	66,21	21,159	
159,140	140,29	29,147	147,15	15,9	9,19	19,130	130,139	139,16	16,14	14,69	69,136	136,142	142,66	66,21	21,159	
159,29	29,147	147,15	15,9	9,19	19,130	130,139	139,16	16,14	14,69	69,136	136,142	142,66	66,21	21,159	
159,9	9,19	19,130	130,139	139,16	16,14	14,69	69,136	136,142	142,66	66,21	21,159	
159,130	130,139	139,16	16,14	14,69	69,136	136,142	142,66	66,21	21,159	
159,69	69,136	136,142	142,66	66,21	21,159	
159,21	21,159	
21,148	148,152	152,31	31,124	124,150	150,153	153,73	73,34	34,33	33,27	27,141	141,95	95,44	44,140	140,29	29,147	147,15	15,9	9,19	19,130	130,139	139,16	16,14	14,69	69,136	136,142	142,66	66,21	
21,152	152,31	31,124	124,150	150,153	153,73	73,34	34,33	33,27	27,141	141,95	95,44	44,140	140,29	29,147	147,15	15,9	9,19	19,130	130,139	139,16	16,14	14,69	69,136	136,142	142,66	66,21	
21,150	150,153	153,73	73,34	34,33	33,27	27,141	141,95	95,44	44,140	140,29	29,147	147,15	15,9	9,19	19,130	130,139	139,16	16,14	14,69	69,136	136,142	142,66	66,21	
21,27	27,141	141,95	95,44	44,140	140,29	29,147	147,15	15,9	9,19	19,130	130,139	139,16	16,14	14,69	69,136	136,142	142,66	66,21	
21,141	141,95	95,44	44,140	140,29	29,147	147,15	15,9	9,19	19,130	130,139	139,16	16,14	14,69	69,136	136,142	142,66	66,21	
21,29	29,147	147,15	15,9	9,19	19,130	130,139	139,16	16,14	14,69	69,136	136,142	142,66	66,21	
21,19	19,130	130,139	139,16	16,14	14,69	69,136	136,142	142,66	66,21	
21,136	136,142	142,66	66,21	
21,142	142,66	66,21	
66,33	33,27	27,141	141,95	95,44	44,140	140,29	29,147	147,15	15,9	9,19	19,130	130,139	139,16	16,14	14,69	69,136	136,142	142,66	
66,15	15,9	9,19	19,130	130,139	139,16	16,14	14,69	69,136	136,142	142,66	
66,16	16,14	14,69	69,136	136,142	142,66	
142,148	148,152	152,31	31,124	124,150	150,153	153,73	73,34	34,33	33,27	27,141	141,95	95,44	44,140	140,29	29,147	147,15	15,9	9,19	19,130	130,139	139,16	16,14	14,69	69,136	136,142	
142,150	150,153	153,73	73,34	34,33	33,27	27,141	141,95	95,44	44,140	140,29	29,147	147,15	15,9	9,19	19,130	130,139	139,16	16,14	14,69	69,136	136,142	
142,27	27,141	141,95	95,44	44,140	140,29	29,147	147,15	15,9	9,19	19,130	130,139	139,16	16,14	14,69	69,136	136,142	
142,141	141,95	95,44	44,140	140,29	29,147	147,15	15,9	9,19	19,130	130,139	139,16	16,14	14,69	69,136	136,142	
142,95	95,44	44,140	140,29	29,147	147,15	15,9	9,19	19,130	130,139	139,16	16,14	14,69	69,136	136,142	
142,147	147,15	15,9	9,19	19,130	130,139	139,16	16,14	14,69	69,136	136,142	
142,9	9,19	19,130	130,139	139,16	16,14	14,69	69,136	136,142	
142,130	130,139	139,16	16,14	14,69	69,136	136,142	
142,65	65,16	16,14	14,69	69,136	136,142	
142,136	136,142	
136,67	67,99	99,27	27,141	141,95	95,44	44,140	140,29	29,147	147,15	15,9	9,19	19,130	130,139	139,16	16,14	14,69	69,136	
136,147	147,15	15,9	9,19	19,130	130,139	139,16	16,14	14,69	69,136	
136,15	15,9	9,19	19,130	130,139	139,16	16,14	14,69	69,136	
136,19	19,130	130,139	139,16	16,14	14,69	69,136	
14,158	158,148	148,152	152,31	31,124	124,150	150,153	153,73	73,34	34,33	33,27	27,141	141,95	95,44	44,140	140,29	29,147	147,15	15,9	9,19	19,130	130,139	139,16	16,14	
14,148	148,152	152,31	31,124	124,150	150,153	153,73	73,34	34,33	33,27	27,141	141,95	95,44	44,140	140,29	29,147	147,15	15,9	9,19	19,130	130,139	139,16	16,14	
14,152	152,31	31,124	124,150	150,153	153,73	73,34	34,33	33,27	27,141	141,95	95,44	44,140	140,29	29,147	147,15	15,9	9,19	19,130	130,139	139,16	16,14	
14,155	155,150	150,153	153,73	73,34	34,33	33,27	27,141	141,95	95,44	44,140	140,29	29,147	147,15	15,9	9,19	19,130	130,139	139,16	16,14	
14,124	124,150	150,153	153,73	73,34	34,33	33,27	27,141	141,95	95,44	44,140	140,29	29,147	147,15	15,9	9,19	19,130	130,139	139,16	16,14	
14,150	150,153	153,73	73,34	34,33	33,27	27,141	141,95	95,44	44,140	140,29	29,147	147,15	15,9	9,19	19,130	130,139	139,16	16,14	
14,153	153,73	73,34	34,33	33,27	27,141	141,95	95,44	44,140	140,29	29,147	147,15	15,9	9,19	19,130	130,139	139,16	16,14	
14,67	67,99	99,27	27,141	141,95	95,44	44,140	140,29	29,147	147,15	15,9	9,19	19,130	130,139	139,16	16,14	
14,33	33,27	27,141	141,95	95,44	44,140	140,29	29,147	147,15	15,9	9,19	19,130	130,139	139,16	16,14	
14,27	27,141	141,95	95,44	44,140	140,29	29,147	147,15	15,9	9,19	19,130	130,139	139,16	16,14	
14,141	141,95	95,44	44,140	140,29	29,147	147,15	15,9	9,19	19,130	130,139	139,16	16,14	
14,95	95,44	44,140	140,29	29,147	147,15	15,9	9,19	19,130	130,139	139,16	16,14	
14,44	44,140	140,29	29,147	147,15	15,9	9,19	19,130	130,139	139,16	16,14	
14,29	29,147	147,15	15,9	9,19	19,130	130,139	139,16	16,14	
14,147	147,15	15,9	9,19	19,130	130,139	139,16	16,14	
14,15	15,9	9,19	19,130	130,139	139,16	16,14	
14,9	9,19	19,130	130,139	139,16	16,14	
14,19	19,130	130,139	139,16	16,14	
14,130	130,139	139,16	16,14	
14,139	139,16	16,14	
14,16	16,14	
16,9	9,19	19,130	130,139	139,16	
139,67	67,99	99,27	27,141	141,95	95,44	44,140	140,29	29,147	147,15	15,9	9,19	19,130	130,139	
130,132	132,152	152,31	31,124	124,150	150,153	153,73	73,34	34,33	33,27	27,141	141,95	95,44	44,140	140,29	29,147	147,15	15,9	9,19	19,130	
130,148	148,152	152,31	31,124	124,150	150,153	153,73	73,34	34,33	33,27	27,141	141,95	95,44	44,140	140,29	29,147	147,15	15,9	9,19	19,130	
130,152	152,31	31,124	124,150	150,153	153,73	73,34	34,33	33,27	27,141	141,95	95,44	44,140	140,29	29,147	147,15	15,9	9,19	19,130	
130,57	57,155	155,150	150,153	153,73	73,34	34,33	33,27	27,141	141,95	95,44	44,140	140,29	29,147	147,15	15,9	9,19	19,130	
130,155	155,150	150,153	153,73	73,34	34,33	33,27	27,141	141,95	95,44	44,140	140,29	29,147	147,15	15,9	9,19	19,130	
130,67	67,99	99,27	27,141	141,95	95,44	44,140	140,29	29,147	147,15	15,9	9,19	19,130	
130,33	33,27	27,141	141,95	95,44	44,140	140,29	29,147	147,15	15,9	9,19	19,130	
130,27	27,141	141,95	95,44	44,140	140,29	29,147	147,15	15,9	9,19	19,130	
130,141	141,95	95,44	44,140	140,29	29,147	147,15	15,9	9,19	19,130	
130,95	95,44	44,140	140,29	29,147	147,15	15,9	9,19	19,130	
130,44	44,140	140,29	29,147	147,15	15,9	9,19	19,130	
130,140	140,29	29,147	147,15	15,9	9,19	19,130	
130,29	29,147	147,15	15,9	9,19	19,130	
130,9	9,19	19,130	
130,19	19,130	
19,158	158,148	148,152	152,31	31,124	124,150	150,153	153,73	73,34	34,33	33,27	27,141	141,95	95,44	44,140	140,29	29,147	147,15	15,9	9,19	
19,148	148,152	152,31	31,124	124,150	150,153	153,73	73,34	34,33	33,27	27,141	141,95	95,44	44,140	140,29	29,147	147,15	15,9	9,19	
19,152	152,31	31,124	124,150	150,153	153,73	73,34	34,33	33,27	27,141	141,95	95,44	44,140	140,29	29,147	147,15	15,9	9,19	
19,31	31,124	124,150	150,153	153,73	73,34	34,33	33,27	27,141	141,95	95,44	44,140	140,29	29,147	147,15	15,9	9,19	
19,155	155,150	150,153	153,73	73,34	34,33	33,27	27,141	141,95	95,44	44,140	140,29	29,147	147,15	15,9	9,19	
19,124	124,150	150,153	153,73	73,34	34,33	33,27	27,141	141,95	95,44	44,140	140,29	29,147	147,15	15,9	9,19	
19,153	153,73	73,34	34,33	33,27	27,141	141,95	95,44	44,140	140,29	29,147	147,15	15,9	9,19	
19,67	67,99	99,27	27,141	141,95	95,44	44,140	140,29	29,147	147,15	15,9	9,19	
19,30	30,33	33,27	27,141	141,95	95,44	44,140	140,29	29,147	147,15	15,9	9,19	
19,33	33,27	27,141	141,95	95,44	44,140	140,29	29,147	147,15	15,9	9,19	
19,99	99,27	27,141	141,95	95,44	44,140	140,29	29,147	147,15	15,9	9,19	
19,27	27,141	141,95	95,44	44,140	140,29	29,147	147,15	15,9	9,19	
19,141	141,95	95,44	44,140	140,29	29,147	147,15	15,9	9,19	
19,95	95,44	44,140	140,29	29,147	147,15	15,9	9,19	
19,71	71,140	140,29	29,147	147,15	15,9	9,19	
19,44	44,140	140,29	29,147	147,15	15,9	9,19	
19,140	140,29	29,147	147,15	15,9	9,19	
19,29	29,147	147,15	15,9	9,19	
9,148	148,152	152,31	31,124	124,150	150,153	153,73	73,34	34,33	33,27	27,141	141,95	95,44	44,140	140,29	29,147	147,15	15,9	
9,155	155,150	150,153	153,73	73,34	34,33	33,27	27,141	141,95	95,44	44,140	140,29	29,147	147,15	15,9	
9,150	150,153	153,73	73,34	34,33	33,27	27,141	141,95	95,44	44,140	140,29	29,147	147,15	15,9	
9,67	67,99	99,27	27,141	141,95	95,44	44,140	140,29	29,147	147,15	15,9	
9,27	27,141	141,95	95,44	44,140	140,29	29,147	147,15	15,9	
9,141	141,95	95,44	44,140	140,29	29,147	147,15	15,9	
9,140	140,29	29,147	147,15	15,9	
9,29	29,147	147,15	15,9	
9,147	147,15	15,9	
147,28	28,148	148,152	152,31	31,124	124,150	150,153	153,73	73,34	34,33	33,27	27,141	141,95	95,44	44,140	140,29	29,147	
147,132	132,152	152,31	31,124	124,150	150,153	153,73	73,34	34,33	33,27	27,141	141,95	95,44	44,140	140,29	29,147	
147,148	148,152	152,31	31,124	124,150	150,153	153,73	73,34	34,33	33,27	27,141	141,95	95,44	44,140	140,29	29,147	
147,95	95,44	44,140	140,29	29,147	
147,140	140,29	29,147	
29,148	148,152	152,31	31,124	124,150	150,153	153,73	73,34	34,33	33,27	27,141	141,95	95,44	44,140	140,29	
29,152	152,31	31,124	124,150	150,153	153,73	73,34	34,33	33,27	27,141	141,95	95,44	44,140	140,29	
29,155	155,150	150,153	153,73	73,34	34,33	33,27	27,141	141,95	95,44	44,140	140,29	
29,124	124,150	150,153	153,73	73,34	34,33	33,27	27,141	141,95	95,44	44,140	140,29	
29,150	150,153	153,73	73,34	34,33	33,27	27,141	141,95	95,44	44,140	140,29	
29,67	67,99	99,27	27,141	141,95	95,44	44,140	140,29	
29,40	40,33	33,27	27,141	141,95	95,44	44,140	140,29	
29,33	33,27	27,141	141,95	95,44	44,140	140,29	
29,141	141,95	95,44	44,140	140,29	
29,44	44,140	140,29	
29,140	140,29	
140,148	148,152	152,31	31,124	124,150	150,153	153,73	73,34	34,33	33,27	27,141	141,95	95,44	44,140	
140,152	152,31	31,124	124,150	150,153	153,73	73,34	34,33	33,27	27,141	141,95	95,44	44,140	
140,155	155,150	150,153	153,73	73,34	34,33	33,27	27,141	141,95	95,44	44,140	
140,67	67,99	99,27	27,141	141,95	95,44	44,140	
140,27	27,141	141,95	95,44	44,140	
140,141	141,95	95,44	44,140	
140,44	44,140	
44,132	132,152	152,31	31,124	124,150	150,153	153,73	73,34	34,33	33,27	27,141	141,95	95,44	
44,95	95,44	
95,148	148,152	152,31	31,124	124,150	150,153	153,73	73,34	34,33	33,27	27,141	141,95	
95,152	152,31	31,124	124,150	150,153	153,73	73,34	34,33	33,27	27,141	141,95	
95,155	155,150	150,153	153,73	73,34	34,33	33,27	27,141	141,95	
95,67	67,99	99,27	27,141	141,95	
95,141	141,95	
141,152	152,31	31,124	124,150	150,153	153,73	73,34	34,33	33,27	27,141	
27,31	31,124	124,150	150,153	153,73	73,34	34,33	33,27	
27,150	150,153	153,73	73,34	34,33	33,27	
27,67	67,99	99,27	
33,152	152,31	31,124	124,150	150,153	153,73	73,34	34,33	
34,148	148,152	152,31	31,124	124,150	150,153	153,73	73,34	
34,152	152,31	31,124	124,150	150,153	153,73	73,34	
34,57	57,155	155,150	150,153	153,73	73,34	
34,31	31,124	124,150	150,153	153,73	73,34	
34,155	155,150	150,153	153,73	73,34	
34,124	124,150	150,153	153,73	73,34	
34,150	150,153	153,73	73,34	
34,153	153,73	73,34	
34,73	73,34	
153,152	152,31	31,124	124,150	150,153	
31,28	28,148	148,152	152,31	
31,148	148,152	152,31	
31,152	152,31	
152,148	148,152	
148,158	158,148	
28,85	85,28	
