0,AR
1,ARNT
2,ATF1
3,ATF2
4,ATF3
5,ATF4
6,BATF
7,BCLAF1
8,BHLHE40
9,BRCA1
10,CEBPA
11,CEBPZ
12,CHD2
13,CREB1
14,E2F1
15,E2F2
16,E2F3
17,E2F6
18,E4F1
19,EGR1
20,ELF1
21,ELK4
22,EPAS1
23,ESR1
24,ESRRA
25,ETS2
26,EZH2
27,FOS
28,FOXA1
29,GABPA
30,GATA2
31,GATA3
32,GATA4
33,GTF2F1
34,HDAC2
35,HES1
36,HIF1A
37,HOXA5
38,HSA-MIR-106B-3P
39,HSA-MIR-106B-5P
40,HSA-MIR-1184
41,HSA-MIR-1231
42,HSA-MIR-1244
43,HSA-MIR-1287
44,HSA-MIR-1292-5P
45,HSA-MIR-1293
46,HSA-MIR-1304-5P
47,HSA-MIR-17-3P
48,HSA-MIR-17-5P
49,HSA-MIR-18A-3P
50,HSA-MIR-18A-5P
51,HSA-MIR-1908
52,HSA-MIR-19A-3P
53,HSA-MIR-19A-5P
54,HSA-MIR-19B-1-5P
55,HSA-MIR-20A-3P
56,HSA-MIR-20A-5P
57,HSA-MIR-22-3P
58,HSA-MIR-22-5P
59,HSA-MIR-25-3P
60,HSA-MIR-25-5P
61,HSA-MIR-26A-2-3P
62,HSA-MIR-26A-5P
63,HSA-MIR-26B-3P
64,HSA-MIR-26B-5P
65,HSA-MIR-3122
66,HSA-MIR-3190-5P
67,HSA-MIR-3652
68,HSA-MIR-3658
69,HSA-MIR-3917
70,HSA-MIR-3921
71,HSA-MIR-4640-3P
72,HSA-MIR-4640-5P
73,HSA-MIR-4647
74,HSA-MIR-4656
75,HSA-MIR-4680-3P
76,HSA-MIR-4680-5P
77,HSA-MIR-4746-3P
78,HSA-MIR-4746-5P
79,HSA-MIR-4800-3P
80,HSA-MIR-4800-5P
81,HSA-MIR-489
82,HSA-MIR-548F
83,HSA-MIR-548M
84,HSA-MIR-621
85,HSA-MIR-623
86,HSA-MIR-636
87,HSA-MIR-637
88,HSA-MIR-653
89,HSA-MIR-92A-3P
90,HSA-MIR-93-3P
91,HSA-MIR-93-5P
92,HSA-MIR-941
93,HSA-MIR-942
94,HSF2
95,IRF1
96,IRF2
97,JUN
98,JUNB
99,KAT2A
100,KLF11
101,KLF5
102,MAF
103,MAFF
104,MAFG
105,MAFK
106,MEF2C
107,MXD1
108,MXD4
109,MYB
110,MYBL2
111,MYC
112,MZF1
113,NFYA
114,NME2
115,NR1H3
116,NR3C2
117,NR4A1
118,ONECUT2
119,PARP1
120,PBX2
121,PBX3
122,PGR
123,PPARA
124,PPARG
125,PRDM1
126,RAD21
127,RARA
128,RARG
129,REL
130,RFX5
131,RUNX2
132,RXRA
133,RXRB
134,SALL4
135,SMAD3
136,SMARCC1
137,SMC3
138,SP3
139,SREBF1
140,SRF
141,STAT2
142,STAT3
143,SUPT20H
144,SUZ12
145,TAF1
146,TCF7L2
147,TFAP2C
148,THAP1
149,THRA
150,TP53
151,TP63
152,USF1
153,USF2
154,VDR
155,WRNIP1
156,XRCC5
157,YBX1
158,ZBTB33
159,ZNF143
160,ZNF202
161,ZNF224
162,AASS
163,ABCA1
164,ABCA12
165,ABCA4
166,ABCC3
167,ABCC4
168,ABCC5
169,ABCE1
170,ABCG2
171,ABHD12
172,ABHD2
173,ABHD4
174,ABHD5
175,ABLIM3
176,ACACB
177,ACAD11
178,ACADM
179,ACAT2
180,ACOT11
181,ACOT7
182,ACOX3
183,ACOXL
184,ACP6
185,ACPP
186,ACSL3
187,ACSS2
188,ACTL8
189,ACTR1B
190,ACVR1
191,ACYP1
192,ADAM10
193,ADAM9
194,ADAMTS18
195,ADAT2
196,ADCY9
197,ADD1
198,ADD3
199,ADHFE1
200,ADK
201,ADM
202,ADPRHL1
203,AFAP1
204,AFAP1L2
205,AFF2
206,AFF3
207,AGAP1
208,AGK
209,AGL
210,AGPAT5
211,AGPAT9
212,AGTPBP1
213,AHI1
214,AHRR
215,AIDA
216,AK2
217,AK3
218,AK4
219,AKAP2
220,AKR1B10
221,ALCAM
222,ALDH1A2
223,ALDH1A3
224,ALDH1B1
225,ALDH3A2
226,ALG10B
227,ALG1L
228,AMBRA1
229,AMIGO2
230,AMMECR1
231,AMOTL2
232,AMPH
233,ANAPC1
234,ANAPC16
235,ANAPC4
236,ANGPTL4
237,ANK3
238,ANKRD13A
239,ANKRD17
240,ANKRD2
241,ANKRD33B
242,ANKRD34A
243,ANKRD35
244,ANKRD36B
245,ANKRD40
246,ANKRD50
247,ANO4
248,ANO6
249,ANTXR1
250,ANTXR2
251,ANXA3
252,ANXA8
253,ANXA8L2
254,ANXA9
255,AP1AR
256,AP3S2
257,APBB2
258,APH1B
259,APLP2
260,APOL6
261,APOO
262,APP
263,APPL1
264,APPL2
265,AQP3
266,ARCN1
267,AREG
268,ARFGEF2
269,ARHGAP11A
270,ARHGAP11B
271,ARHGAP12
272,ARHGAP18
273,ARHGAP26
274,ARHGAP35
275,ARHGAP6
276,ARHGAP8
277,ARHGEF10L
278,ARHGEF18
279,ARHGEF26
280,ARHGEF3
281,ARHGEF6
282,ARID2
283,ARID5A
284,ARID5B
285,ARIH1
286,ARL13A
287,ARL3
288,ARL6IP1
289,ARL6IP5
290,ARL8B
291,ARMCX5
292,ARNT2
293,ARRB1
294,ARRDC2
295,ARRDC3
296,ARRDC4
297,ARSB
298,ARSE
299,ARSJ
300,ASAP2
301,ASAP3
302,ASB13
303,ASB7
304,ASH1L
305,ASNA1
306,ASPM
307,ASRGL1
308,ATF6B
309,ATG13
310,ATG14
311,ATG3
312,ATG4B
313,ATG5
314,ATL3
315,ATOH8
316,ATOX1
317,ATP11C
318,ATP1B1
319,ATP1B3
320,ATP2A2
321,ATP2B4
322,ATP6V0A1
323,ATP6V0B
324,ATP6V0D1
325,ATP8A2
326,ATP8B1
327,ATP9A
328,ATR
329,ATRIP
330,ATRNL1
331,ATXN7L1
332,AVEN
333,B3GALNT2
334,B3GALT4
335,B3GALT5
336,BACE1
337,BAG2
338,BAG4
339,BAIAP2
340,BASP1
341,BAZ1A
342,BAZ2B
343,BBS5
344,BBS9
345,BBX
346,BCAR3
347,BCAS1
348,BCAS3
349,BCKDHB
350,BCL2
351,BCL2L1
352,BCL2L11
353,BCL2L14
354,BCL6
355,BCL9L
356,BCR
357,BDKRB2
358,BDNF
359,BEND3
360,BID
361,BIRC2
362,BIRC3
363,BIRC6
364,BIVM
365,BLCAP
366,BLM
367,BLOC1S1
368,BMF
369,BMP1
370,BMP6
371,BMPER
372,BMPR1A
373,BNC1
374,BNIP3L
375,BOC
376,BOLA2
377,BOLA3
378,BPGM
379,BPTF
380,BRCC3
381,BTBD11
382,BTG1
383,BTG2
384,BTG3
385,BYSL
386,BZW2
387,C10ORF32
388,C11ORF24
389,C11ORF52
390,C11ORF54
391,C11ORF96
392,C12ORF75
393,C14ORF132
394,C14ORF159
395,C14ORF166
396,C14ORF182
397,C14ORF79
398,C14ORF93
399,C16ORF45
400,C18ORF25
401,C18ORF54
402,C19ORF21
403,C19ORF33
404,C1ORF116
405,C1ORF131
406,C1ORF168
407,C1ORF174
408,C1ORF198
409,C1ORF21
410,C1ORF210
411,C1ORF226
412,C1R
413,C20ORF111
414,C21ORF91
415,C2CD2
416,C3ORF38
417,C3ORF52
418,C3ORF58
419,C4ORF19
420,C4ORF3
421,C4ORF46
422,C5ORF45
423,C6ORF1
424,C6ORF141
425,C6ORF211
426,C6ORF47
427,C6ORF89
428,C8ORF46
429,C9ORF3
430,CA12
431,CA5B
432,CAB39
433,CAB39L
434,CABLES1
435,CACNG6
436,CAD
437,CALM1
438,CALM2
439,CALR
440,CAMK1D
441,CAMK2D
442,CAMK2N1
443,CAMSAP2
444,CAMTA1
445,CAP2
446,CAPG
447,CAPN9
448,CARS2
449,CASC4
450,CASK
451,CASP2
452,CAST
453,CAV1
454,CAV2
455,CBFB
456,CBLB
457,CBWD2
458,CBWD3
459,CBWD5
460,CBX5
461,CCDC103
462,CCDC110
463,CCDC115
464,CCDC117
465,CCDC146
466,CCDC147
467,CCDC159
468,CCDC41
469,CCDC50
470,CCDC51
471,CCDC58
472,CCDC68
473,CCDC86
474,CCDC92
475,CCNA2
476,CCNG2
477,CCNH
478,CCNI
479,CCNYL1
480,CCRN4L
481,CD3EAP
482,CD44
483,CD59
484,CD63
485,CD82
486,CD97
487,CD99
488,CDC123
489,CDC14B
490,CDC20
491,CDC27
492,CDC42
493,CDC45
494,CDC6
495,CDC7
496,CDC73
497,CDCA2
498,CDCA4
499,CDH11
500,CDH26
501,CDH3
502,CDK19
503,CDK2AP1
504,CDK5
505,CDK5RAP2
506,CDK6
507,CDKL5
508,CDKN1A
509,CDKN2AIP
510,CDKN2B
511,CDKN2C
512,CDS2
513,CDV3
514,CDYL
515,CDYL2
516,CEBPG
517,CENPC1
518,CENPE
519,CENPF
520,CENPP
521,CEP120
522,CEP128
523,CEP152
524,CEP350
525,CEP57L1
526,CEP68
527,CEP78
528,CEP85
529,CERS6
530,CES4A
531,CGB
532,CGB1
533,CGB2
534,CGB5
535,CGB8
536,CGGBP1
537,CGN
538,CGNL1
539,CHAMP1
540,CHCHD3
541,CHD3
542,CHD6
543,CHEK2
544,CHML
545,CHMP1B
546,CHMP6
547,CHN1
548,CHRNB1
549,CHST11
550,CHST15
551,CHSY1
552,CIT
553,CITED2
554,CKS1B
555,CKS2
556,CLASP1
557,CLCN3
558,CLIC1
559,CLIC3
560,CLIC6
561,CLIP4
562,CLK1
563,CLMN
564,CLOCK
565,CLSTN1
566,CLSTN2
567,CNGA1
568,CNKSR3
569,CNN2
570,CNOT8
571,CNPY2
572,CNTNAP2
573,COBL
574,COBLL1
575,COL16A1
576,COL18A1
577,COL21A1
578,COL24A1
579,COL28A1
580,COL5A1
581,COLEC12
582,COMTD1
583,COPS2
584,COPS8
585,COQ2
586,CORO1C
587,COTL1
588,COX5B
589,CPEB3
590,CPEB4
591,CPNE7
592,CRADD
593,CREB3
594,CREB3L1
595,CRISPLD2
596,CRK
597,CRNKL1
598,CRYL1
599,CRYZ
600,CS
601,CSGALNACT1
602,CSGALNACT2
603,CSNK1D
604,CSRNP1
605,CSRP1
606,CTDSP1
607,CTDSP2
608,CTGF
609,CTNNAL1
610,CTNNBIP1
611,CTNND1
612,CTSB
613,CTSO
614,CTTNBP2NL
615,CUL4B
616,CUTC
617,CUX1
618,CUZD1
619,CXXC5
620,CYB5R1
621,CYBRD1
622,CYFIP2
623,CYTH1
624,DAB2
625,DAG1
626,DAPK1
627,DARS
628,DARS2
629,DCAF11
630,DCAF5
631,DCDC2
632,DCUN1D4
633,DDAH1
634,DDAH2
635,DDB1
636,DDX10
637,DDX31
638,DDX3X
639,DDX47
640,DDX59
641,DEFB1
642,DEK
643,DERA
644,DGCR2
645,DGKD
646,DHRS3
647,DHRS7B
648,DHX15
649,DHX16
650,DIAPH1
651,DIAPH3
652,DIO1
653,DIO2
654,DIS3L
655,DISC1
656,DLC1
657,DLGAP5
658,DLL1
659,DMC1
660,DNAH14
661,DNAJB1
662,DNAJB14
663,DNAJC1
664,DNAJC13
665,DNAJC17
666,DNAJC3
667,DNASE1L1
668,DNMBP
669,DNMT1
670,DNPEP
671,DNTTIP2
672,DOCK11
673,DOK1
674,DOK7
675,DPF1
676,DPH2
677,DPM1
678,DPY19L1
679,DPY19L3
680,DPYD
681,DPYSL2
682,DROSHA
683,DSE
684,DTL
685,DTX2
686,DTX4
687,DTYMK
688,DUSP1
689,DUSP10
690,DUSP14
691,DUSP23
692,DUSP5
693,DYM
694,DYNC1I1
695,DYNLRB1
696,E2F7
697,ECE2
698,ECT2
699,EDC3
700,EDEM2
701,EDIL3
702,EEA1
703,EEF1E1
704,EFCAB4B
705,EFEMP1
706,EFHD2
707,EFNA5
708,EFNB2
709,EFR3A
710,EFTUD2
711,EHBP1
712,EHD4
713,EHF
714,EID1
715,EIF2A
716,EIF2B3
717,EIF3F
718,EIF3J
719,EIF4B
720,EIF4E
721,EIF4G1
722,EIF4G3
723,EIF5A2
724,EIF5AL1
725,EIF5B
726,ELL2
727,ELOVL1
728,ELOVL2
729,ELOVL5
730,EMB
731,EMD
732,EMP1
733,ENC1
734,ENDOD1
735,ENOX2
736,ENPP3
737,ENPP5
738,EPB41L2
739,EPB41L5
740,EPHA2
741,EPOR
742,EPS15
743,EPS15L1
744,EPT1
745,ERC2
746,ERI3
747,ERMAP
748,ERMP1
749,ESF1
750,ESRP2
751,EXOC1
752,EXOC6
753,EXOC6B
754,EXOG
755,EXOSC2
756,EXOSC9
757,EYA2
758,FADS1
759,FAF1
760,FAIM3
761,FAM102B
762,FAM110B
763,FAM114A2
764,FAM115C
765,FAM120C
766,FAM129A
767,FAM129B
768,FAM132B
769,FAM13A
770,FAM171B
771,FAM174A
772,FAM174B
773,FAM177A1
774,FAM178B
775,FAM188A
776,FAM198B
777,FAM200A
778,FAM20B
779,FAM21A
780,FAM24B
781,FAM35A
782,FAM43A
783,FAM46A
784,FAM46B
785,FAM50B
786,FAM53B
787,FAM5B
788,FAM60A
789,FAM63A
790,FAM69A
791,FAM73A
792,FAM83A
793,FAM86A
794,FAM86B1
795,FAM86DP
796,FANCC
797,FANCD2
798,FANCI
799,FAT4
800,FBLIM1
801,FBXL2
802,FBXO30
803,FBXO31
804,FBXO32
805,FBXO5
806,FBXO8
807,FBXW11
808,FBXW4
809,FEM1C
810,FEZ2
811,FGF13
812,FGGY
813,FHL1
814,FHL2
815,FIGN
816,FJX1
817,FKBP1A
818,FKBP5
819,FLNB
820,FLOT1
821,FLVCR1
822,FMN1
823,FMNL2
824,FMNL3
825,FMR1
826,FNBP1
827,FNBP1L
828,FOXD1
829,FOXK2
830,FOXN2
831,FOXN3
832,FOXP1
833,FRK
834,FRMD4B
835,FRMD8
836,FRYL
837,FSIP1
838,FST
839,FTSJ1
840,FTSJD2
841,FUCA1
842,FUT4
843,FUT8
844,FXYD3
845,FYCO1
846,FYTTD1
847,FZD2
848,FZD6
849,FZD7
850,GABBR2
851,GABPB1
852,GAD1
853,GALM
854,GALNT10
855,GALNT4
856,GALNT6
857,GALNT7
858,GAS6
859,GBA
860,GBE1
861,GBP3
862,GCLC
863,GCLM
864,GDI2
865,GEMIN5
866,GEN1
867,GFM1
868,GFRA1
869,GIN1
870,GINS4
871,GJA1
872,GLB1L
873,GLB1L2
874,GLG1
875,GLIPR1
876,GLO1
877,GLRX2
878,GLTP
879,GMDS
880,GMNN
881,GMPPA
882,GMPR
883,GNB1L
884,GNB4
885,GNG4
886,GNL2
887,GNPNAT1
888,GNS
889,GOLIM4
890,GORAB
891,GORASP1
892,GPATCH2
893,GPC5
894,GPD1L
895,GPD2
896,GPHN
897,GPR108
898,GPR125
899,GPR3
900,GPR39
901,GPRC5A
902,GPSM2
903,GRAMD3
904,GRB14
905,GRHL1
906,GRHL3
907,GRPR
908,GSN
909,GSTA4
910,GSTCD
911,GTF2F2
912,GTF2I
913,GTF2IRD1
914,GTF2IRD2
915,GTF2IRD2B
916,GULP1
917,GYG2
918,H2AFJ
919,H2AFZ
920,HABP4
921,HADH
922,HAUS2
923,HAUS6
924,HAUS8
925,HCN2
926,HDAC3
927,HDAC4
928,HDDC2
929,HDX
930,HEBP2
931,HECTD1
932,HEG1
933,HERC3
934,HERPUD1
935,HHAT
936,HIGD1A
937,HIP1
938,HIP1R
939,HIPK1
940,HIST1H1C
941,HIST1H2AB
942,HIST1H2AE
943,HIST1H2BG
944,HIST1H2BJ
945,HIST1H2BK
946,HIST1H3E
947,HIST1H4I
948,HIST2H2AA3
949,HIST2H2BF
950,HIST2H4A
951,HIST2H4B
952,HLTF
953,HMCN1
954,HMGCLL1
955,HMMR
956,HMOX1
957,HNRNPD
958,HNRNPR
959,HNRNPU
960,HOMER2
961,HOOK2
962,HOPX
963,HOXB6
964,HS3ST3A1
965,HS6ST3
966,HSD17B11
967,HSH2D
968,HSPA12A
969,HSPA5
970,HSPB2
971,HSPG2
972,HTR1D
973,HTR2B
974,HTT
975,IARS
976,IBSP
977,ID1
978,ID2
979,ID3
980,IER2
981,IER5
982,IFFO2
983,IFI44L
984,IFNAR1
985,IFNGR2
986,IFT122
987,IFT52
988,IGBP1
989,IGF1R
990,IGFBP3
991,IGFBPL1
992,IGSF3
993,IKZF2
994,IL17RC
995,IL1R2
996,IL1RAP
997,IL24
998,IL4R
999,ILF3
1000,IMMP2L
1001,IMP4
1002,IMPA2
1003,INO80C
1004,INPP1
1005,INPP4B
1006,INPP5F
1007,INSIG2
1008,INSR
1009,INTS12
1010,INTS7
1011,IP6K2
1012,IPO11
1013,IPO5
1014,IPO9
1015,IPPK
1016,IQGAP1
1017,IQGAP3
1018,IQSEC2
1019,IRAK2
1020,IRF2BPL
1021,IRS2
1022,IST1
1023,ITGA3
1024,ITGA5
1025,ITGA6
1026,ITGAE
1027,ITGB6
1028,ITPK1
1029,ITPKB
1030,ITPKC
1031,ITPRIPL2
1032,JAG1
1033,JARID2
1034,JDP2
1035,JMJD1C
1036,JPH1
1037,KAT2B
1038,KAT6B
1039,KCND3
1040,KCNIP3
1041,KCNK2
1042,KCNN4
1043,KCNQ5
1044,KCTD12
1045,KCTD18
1046,KCTD3
1047,KCTD9
1048,KDELC2
1049,KDM1A
1050,KDM1B
1051,KDM4A
1052,KDM5B
1053,KIAA0020
1054,KIAA0226L
1055,KIAA0247
1056,KIAA0319L
1057,KIAA0355
1058,KIAA0513
1059,KIAA1199
1060,KIAA1217
1061,KIAA1324
1062,KIAA1468
1063,KIAA1586
1064,KIAA1598
1065,KIAA1715
1066,KIAA2013
1067,KIAA2026
1068,KIF13B
1069,KIF14
1070,KIF20B
1071,KIF23
1072,KIF24
1073,KLF7
1074,KLF9
1075,KLHL21
1076,KLHL24
1077,KLHL4
1078,KNTC1
1079,KPNA1
1080,KPNA2
1081,KRBA2
1082,KRT12
1083,KRT81
1084,KTN1
1085,KYNU
1086,LAMA3
1087,LAMB1
1088,LAMB3
1089,LAMC1
1090,LAP3
1091,LARGE
1092,LARP1B
1093,LARP6
1094,LARS
1095,LASP1
1096,LATS2
1097,LBR
1098,LCA5
1099,LCLAT1
1100,LDLR
1101,LDLRAD3
1102,LDLRAP1
1103,LENG8
1104,LEO1
1105,LEPR
1106,LEPROT
1107,LGALS8
1108,LGI4
1109,LHB
1110,LHFPL2
1111,LHPP
1112,LIMA1
1113,LIMCH1
1114,LIMS1
1115,LIN7C
1116,LINC00152
1117,LMCD1
1118,LMF1
1119,LMNB2
1120,LMO3
1121,LMO7
1122,LMOD1
1123,LNX1
1124,LPCAT1
1125,LPIN1
1126,LPIN2
1127,LRCH3
1128,LRIG1
1129,LRP8
1130,LRRC27
1131,LRRC58
1132,LRRC8B
1133,LSM14A
1134,LSM5
1135,LTBP2
1136,LUC7L3
1137,LYN
1138,LYPD3
1139,LYPD6
1140,LYPD6B
1141,LYPLA2
1142,LZTS2
1143,MACC1
1144,MACF1
1145,MACROD1
1146,MAD2L1
1147,MAGI1
1148,MAGOHB
1149,MALAT1
1150,MALL
1151,MAML2
1152,MAMLD1
1153,MAN1A1
1154,MAN1C1
1155,MAN2A1
1156,MANBA
1157,MANBAL
1158,MANEAL
1159,MANSC1
1160,MAP1A
1161,MAP1LC3B
1162,MAP1LC3B2
1163,MAP2
1164,MAP2K5
1165,MAP3K6
1166,MAP3K7
1167,MAP4
1168,MAP4K3
1169,MAP4K5
1170,MAP7D1
1171,MAP7D3
1172,MAPK10
1173,MAPK1IP1L
1174,MAPK6
1175,MAPKAP1
1176,MAPRE1
1177,MARCH1
1178,MARCH10
1179,MARCH2
1180,MARCKS
1181,MAT2A
1182,MATN2
1183,MB
1184,MBD4
1185,MBNL2
1186,MCCC2
1187,MCM6
1188,MCM8
1189,MCMBP
1190,MDGA1
1191,MDM1
1192,MDN1
1193,ME2
1194,ME3
1195,MECOM
1196,MED12L
1197,MED13L
1198,MEF2D
1199,MEIS2
1200,MELK
1201,METAP1
1202,METAP1D
1203,METRNL
1204,METTL15
1205,METTL4
1206,METTL7A
1207,METTL8
1208,MFN1
1209,MFSD6
1210,MGAT5
1211,MGLL
1212,MGMT
1213,MIA3
1214,MIB1
1215,MICAL1
1216,MICAL2
1217,MICB
1218,MID1IP1
1219,MIDN
1220,MIPOL1
1221,MKL1
1222,MKNK2
1223,MLH1
1224,MLH3
1225,MLKL
1226,MLLT3
1227,MMD
1228,MME
1229,MMS22L
1230,MNAT1
1231,MND1
1232,MOB1A
1233,MORF4L2
1234,MPDZ
1235,MPV17L
1236,MR1
1237,MRPL1
1238,MRPL12
1239,MRPL14
1240,MRPL15
1241,MRPL24
1242,MRPL50
1243,MRPS10
1244,MRPS35
1245,MRPS6
1246,MSH3
1247,MSL2
1248,MT2A
1249,MTFP1
1250,MTHFD1
1251,MTHFD1L
1252,MTHFD2
1253,MTMR2
1254,MTMR3
1255,MTR
1256,MTRR
1257,MTUS1
1258,MUC20
1259,MUL1
1260,MYCL1
1261,MYEF2
1262,MYEOV
1263,MYH14
1264,MYO16
1265,MYO18A
1266,MYO1B
1267,MYO1E
1268,MYO5B
1269,MYO5C
1270,MYOF
1271,MZT1
1272,NAA15
1273,NAA50
1274,NAB1
1275,NAF1
1276,NAIF1
1277,NAPA
1278,NARS2
1279,NASP
1280,NAV1
1281,NAV2
1282,NAV3
1283,NBEA
1284,NBN
1285,NBPF14
1286,NCALD
1287,NCAM2
1288,NCAPG2
1289,NCAPH
1290,NCBP1
1291,NCK2
1292,NCOA3
1293,NCS1
1294,NDC80
1295,NDUFAF2
1296,NEBL
1297,NEDD4L
1298,NEIL2
1299,NEK11
1300,NEK7
1301,NES
1302,NET1
1303,NFASC
1304,NFAT5
1305,NFE2L1
1306,NFE2L2
1307,NFE2L3
1308,NFIA
1309,NFKBIA
1310,NFKBIL1
1311,NFXL1
1312,NHSL1
1313,NIPAL3
1314,NLN
1315,NME1
1316,NME1-NME2
1317,NMNAT2
1318,NMT2
1319,NOL10
1320,NOL7
1321,NOLC1
1322,NOMO2
1323,NOMO3
1324,NOP2
1325,NOP58
1326,NOS1AP
1327,NOTCH2
1328,NOTCH2NL
1329,NOTCH3
1330,NPAS3
1331,NPC1
1332,NPEPPS
1333,NPLOC4
1334,NPNT
1335,NPR3
1336,NQO2
1337,NR4A2
1338,NRCAM
1339,NRM
1340,NRP1
1341,NSMCE2
1342,NT5C2
1343,NT5DC1
1344,NT5DC3
1345,NT5E
1346,NTHL1
1347,NTN4
1348,NUAK1
1349,NUCKS1
1350,NUDCD3
1351,NUDT22
1352,NUDT5
1353,NUF2
1354,NUFIP1
1355,NUMB
1356,NUP133
1357,NUP153
1358,NUP188
1359,NUP43
1360,NUP93
1361,NXNL2
1362,NXPH3
1363,NXT1
1364,OBFC1
1365,OLFML3
1366,ORAI2
1367,ORC3
1368,OSBPL6
1369,OSBPL9
1370,OSMR
1371,OSTC
1372,OTUD4
1373,OTUD7B
1374,OXCT1
1375,P4HA2
1376,PACS1
1377,PADI2
1378,PAICS
1379,PALM2
1380,PALM2-AKAP2
1381,PAPD5
1382,PARD6B
1383,PARN
1384,PARP12
1385,PARP8
1386,PARVA
1387,PARVB
1388,PCCA
1389,PCDH19
1390,PCDHGA3
1391,PCGF3
1392,PCID2
1393,PCNT
1394,PCOLCE2
1395,PCYOX1
1396,PDCD4
1397,PDE4D
1398,PDE9A
1399,PDHX
1400,PDLIM1
1401,PDLIM3
1402,PDS5A
1403,PDXP
1404,PDZK1
1405,PDZRN3
1406,PEG10
1407,PELI2
1408,PES1
1409,PEX1
1410,PEX11B
1411,PEX14
1412,PFKP
1413,PGBD5
1414,PGF
1415,PGK1
1416,PGM2
1417,PGM5
1418,PGRMC1
1419,PGRMC2
1420,PHACTR2
1421,PHF10
1422,PHF19
1423,PHF3
1424,PHF6
1425,PHIP
1426,PHLDA3
1427,PHLDB1
1428,PHLDB2
1429,PI4KB
1430,PIAS1
1431,PIF1
1432,PIGP
1433,PIGT
1434,PIGV
1435,PIK3AP1
1436,PIK3C2B
1437,PIK3CB
1438,PIK3R1
1439,PIK3R3
1440,PINK1
1441,PINX1
1442,PIP4K2A
1443,PIP5K1A
1444,PIPOX
1445,PITPNB
1446,PITPNC1
1447,PKD2
1448,PKIB
1449,PKIG
1450,PKN2
1451,PKP1
1452,PLA2G6
1453,PLA2R1
1454,PLAU
1455,PLCE1
1456,PLD3
1457,PLD6
1458,PLEKHA1
1459,PLEKHA2
1460,PLEKHA5
1461,PLEKHA6
1462,PLEKHA7
1463,PLEKHG6
1464,PLEKHH2
1465,PLEKHJ1
1466,PLEKHM3
1467,PLEKHO1
1468,PLIN2
1469,PLIN3
1470,PLOD2
1471,PLXNB1
1472,PLXND1
1473,PM20D2
1474,PMAIP1
1475,PMEPA1
1476,PMP22
1477,PMS1
1478,PNO1
1479,PNRC1
1480,POC1A
1481,POC1B
1482,POC5
1483,POFUT2
1484,POLA1
1485,POLA2
1486,POLD3
1487,POLK
1488,POLQ
1489,POLR1A
1490,POLR2B
1491,POLR2J2
1492,POLR2J3
1493,PON2
1494,POP1
1495,PPA1
1496,PPA2
1497,PPARGC1B
1498,PPFIA4
1499,PPIH
1500,PPIL4
1501,PPIP5K2
1502,PPP1CB
1503,PPP1CC
1504,PPP1R12A
1505,PPP1R13L
1506,PPP1R18
1507,PPP1R1C
1508,PPP1R21
1509,PPP1R3C
1510,PPP2R1B
1511,PPP2R4
1512,PPP2R5A
1513,PPP3CA
1514,PPP3R1
1515,PPP4R2
1516,PPRC1
1517,PQLC3
1518,PRELID2
1519,PREX1
1520,PRICKLE1
1521,PRICKLE2
1522,PRIM1
1523,PRKCD
1524,PRKCH
1525,PRKCI
1526,PRKD1
1527,PRKD3
1528,PRLR
1529,PRPF4B
1530,PRPS1
1531,PRR5-ARHGAP8
1532,PRSS23
1533,PRTFDC1
1534,PRTG
1535,PRUNE
1536,PSD3
1537,PSEN1
1538,PSEN2
1539,PSG1
1540,PSG10P
1541,PSG4
1542,PSG5
1543,PSMA1
1544,PSMB2
1545,PSMD1
1546,PSMD12
1547,PSMG1
1548,PTCH1
1549,PTDSS1
1550,PTER
1551,PTGER4
1552,PTGES
1553,PTHLH
1554,PTK2B
1555,PTMS
1556,PTP4A2
1557,PTPLB
1558,PTPRF
1559,PTPRJ
1560,PTPRO
1561,PTPRU
1562,PTTG2
1563,PURB
1564,PUS1
1565,PUS10
1566,PUS7
1567,PUS7L
1568,PVRL4
1569,PWWP2A
1570,PXN
1571,QSOX1
1572,R3HCC1
1573,R3HDM1
1574,R3HDM2
1575,RAB10
1576,RAB23
1577,RAB27A
1578,RAB30
1579,RAB31
1580,RAB32
1581,RAB33A
1582,RAB3D
1583,RAB40B
1584,RAB5C
1585,RABEPK
1586,RAD18
1587,RAI14
1588,RALGDS
1589,RALGPS2
1590,RANBP10
1591,RANBP6
1592,RANGAP1
1593,RAP1A
1594,RAP1GAP2
1595,RAP1GDS1
1596,RAPGEF1
1597,RAPGEF2
1598,RAPGEF4
1599,RASA1
1600,RASA4
1601,RASSF4
1602,RASSF8
1603,RB1
1604,RBBP4
1605,RBBP7
1606,RBBP8
1607,RBKS
1608,RBM24
1609,RBM3
1610,RBM43
1611,RBM6
1612,RBMS1
1613,RBMX
1614,RCC1
1615,RCL1
1616,RCN1
1617,RCN2
1618,REEP3
1619,REG4
1620,RERG
1621,RFC1
1622,RFC4
1623,RFTN1
1624,RFWD3
1625,RFX7
1626,RGL1
1627,RGP1
1628,RGS12
1629,RGS6
1630,RHOBTB1
1631,RHOBTB3
1632,RHOF
1633,RICTOR
1634,RIN2
1635,RIPK4
1636,RIT1
1637,RMI1
1638,RMND1
1639,RND3
1640,RNF115
1641,RNF121
1642,RNF128
1643,RNF13
1644,RNF135
1645,RNF144B
1646,RNF157
1647,RNF168
1648,RNF181
1649,RNF185
1650,RNF7
1651,RNGTT
1652,RNPEPL1
1653,RORC
1654,RPA3
1655,RPL13
1656,RPN1
1657,RPP30
1658,RPS19BP1
1659,RPS6KA2
1660,RPS6KA3
1661,RPS6KA5
1662,RQCD1
1663,RRM2
1664,RRP15
1665,RRS1
1666,RSBN1
1667,RSL1D1
1668,RSPRY1
1669,RSRC1
1670,RSRC2
1671,RTN2
1672,RTN4RL1
1673,RTTN
1674,RUNX1
1675,RUVBL1
1676,RUVBL2
1677,RWDD2A
1678,S100A10
1679,S100A13
1680,SACM1L
1681,SACS
1682,SAE1
1683,SAMD12
1684,SAMD13
1685,SAP30
1686,SART3
1687,SASH1
1688,SAT1
1689,SBDS
1690,SCD5
1691,SCFD2
1692,SCNN1A
1693,SCOC
1694,SCYL3
1695,SDC2
1696,SDC4
1697,SDCBP2
1698,SDHB
1699,SDK1
1700,SEC14L2
1701,SEC24D
1702,SEC61G
1703,SEH1L
1704,SEMA3C
1705,SEMA5A
1706,SEMA6A
1707,SEPT11
1708,SEPW1
1709,SERINC2
1710,SERINC3
1711,SERPINA1
1712,SERPINA5
1713,SERPINB1
1714,SERPINB5
1715,SERTAD1
1716,SF3A3
1717,SF3B3
1718,SFPQ
1719,SFXN2
1720,SGCG
1721,SGK1
1722,SGK3
1723,SGMS1
1724,SGPL1
1725,SH2D3A
1726,SH2D4A
1727,SH3BP4
1728,SH3BP5
1729,SH3D19
1730,SH3GL1
1731,SH3PXD2B
1732,SH3RF1
1733,SH3TC2
1734,SHANK2
1735,SHC1
1736,SHC4
1737,SHISA4
1738,SHOC2
1739,SHQ1
1740,SHROOM2
1741,SIAH2
1742,SIL1
1743,SIM1
1744,SIM2
1745,SIRT2
1746,SIRT4
1747,SIX1
1748,SKP1
1749,SKP2
1750,SLBP
1751,SLC11A2
1752,SLC12A2
1753,SLC12A8
1754,SLC16A1
1755,SLC16A10
1756,SLC16A2
1757,SLC16A3
1758,SLC17A5
1759,SLC19A2
1760,SLC1A2
1761,SLC1A5
1762,SLC20A1
1763,SLC20A2
1764,SLC22A15
1765,SLC22A18
1766,SLC22A23
1767,SLC22A5
1768,SLC24A1
1769,SLC24A3
1770,SLC25A13
1771,SLC25A18
1772,SLC25A20
1773,SLC25A24
1774,SLC25A25
1775,SLC25A26
1776,SLC25A43
1777,SLC27A2
1778,SLC29A3
1779,SLC2A12
1780,SLC2A14
1781,SLC31A2
1782,SLC35A5
1783,SLC35B4
1784,SLC35D2
1785,SLC35F2
1786,SLC38A2
1787,SLC38A4
1788,SLC39A14
1789,SLC39A8
1790,SLC41A1
1791,SLC41A2
1792,SLC44A3
1793,SLC46A3
1794,SLC47A1
1795,SLC4A10
1796,SLC4A2
1797,SLC4A7
1798,SLC5A3
1799,SLC5A6
1800,SLC7A1
1801,SLC7A5
1802,SLC9A1
1803,SLC9A4
1804,SLC9A7
1805,SLCO3A1
1806,SLFN5
1807,SLIT1
1808,SLIT2
1809,SLTM
1810,SMAD7
1811,SMC4
1812,SMC6
1813,SMCHD1
1814,SMOX
1815,SMPD2
1816,SMPDL3A
1817,SMPDL3B
1818,SMS
1819,SMYD3
1820,SNAP23
1821,SNAPC1
1822,SND1
1823,SNIP1
1824,SNORA1
1825,SNORA18
1826,SNORA32
1827,SNORA40
1828,SNORA71A
1829,SNORA71C
1830,SNORA8
1831,SNORD4A
1832,SNORD5
1833,SNORD68
1834,SNRK
1835,SNRPA1
1836,SNRPC
1837,SNRPE
1838,SNRPN
1839,SNTN
1840,SNX24
1841,SNX25
1842,SNX29
1843,SNX33
1844,SNX5
1845,SOCS4
1846,SOD2
1847,SORD
1848,SORL1
1849,SOX9
1850,SP110
1851,SP6
1852,SPAG1
1853,SPATA17
1854,SPATA5
1855,SPATS2
1856,SPATS2L
1857,SPC24
1858,SPCS3
1859,SPECC1
1860,SPECC1L
1861,SPIN1
1862,SPIN4
1863,SPIRE1
1864,SPRY1
1865,SPRY2
1866,SPTLC3
1867,SQRDL
1868,SQSTM1
1869,SRBD1
1870,SRCAP
1871,SRFBP1
1872,SRGAP3
1873,SRM
1874,SRP54
1875,SRP72
1876,SRP9
1877,SRPX
1878,SRRD
1879,SRRM1
1880,SRRT
1881,SRSF3
1882,SSB
1883,SSBP2
1884,SSFA2
1885,SSR3
1886,SSX2IP
1887,ST3GAL4
1888,ST7
1889,ST8SIA1
1890,ST8SIA4
1891,STAG2
1892,STAM
1893,STARD13
1894,STARD7
1895,STC1
1896,STC2
1897,STIL
1898,STK10
1899,STK11IP
1900,STK16
1901,STK17A
1902,STK38
1903,STMN1
1904,STOM
1905,STOML1
1906,STRA6
1907,STRAP
1908,STT3B
1909,STX10
1910,STX16
1911,STXBP3
1912,STYXL1
1913,SULF1
1914,SUMF1
1915,SURF2
1916,SUSD4
1917,SUV39H1
1918,SVIL
1919,SYBU
1920,SYNCRIP
1921,SYNDIG1
1922,SYNE2
1923,SYNJ2BP
1924,SYNPO
1925,SYNPO2
1926,SYNPR
1927,SYS1
1928,SYT13
1929,SYTL5
1930,TAB2
1931,TACC1
1932,TACC2
1933,TACSTD2
1934,TAF1B
1935,TAF1D
1936,TAGLN2
1937,TAOK1
1938,TAOK3
1939,TAP2
1940,TBC1D16
1941,TBC1D2
1942,TBC1D22A
1943,TBC1D23
1944,TBC1D5
1945,TBC1D8
1946,TBC1D9
1947,TBCD
1948,TBCK
1949,TBL1X
1950,TBPL1
1951,TCEA3
1952,TCF7L1
1953,TCTA
1954,TDG
1955,TDRD1
1956,TEAD1
1957,TENC1
1958,TET2
1959,TEX2
1960,TFE3
1961,TFEB
1962,TFPI
1963,TGFB2
1964,TGFBI
1965,TGFBR2
1966,TGIF1
1967,TGM2
1968,TH
1969,THADA
1970,THAP4
1971,THAP6
1972,THBS1
1973,THOC1
1974,THOC2
1975,THOP1
1976,THSD4
1977,THUMPD2
1978,TIA1
1979,TIAM1
1980,TICAM1
1981,TIE1
1982,TIFA
1983,TIGD1
1984,TIMP2
1985,TIMP3
1986,TIPARP
1987,TJP1
1988,TJP2
1989,TLCD1
1990,TLE1
1991,TLN2
1992,TLR5
1993,TM4SF1
1994,TM4SF18
1995,TMCO4
1996,TMEM101
1997,TMEM102
1998,TMEM108
1999,TMEM123
2000,TMEM150A
2001,TMEM159
2002,TMEM164
2003,TMEM171
2004,TMEM181
2005,TMEM184B
2006,TMEM2
2007,TMEM205
2008,TMEM219
2009,TMEM40
2010,TMEM44
2011,TMEM45B
2012,TMEM48
2013,TMEM53
2014,TMPRSS2
2015,TMX4
2016,TNC
2017,TNFRSF19
2018,TNFRSF1A
2019,TNIK
2020,TNIP1
2021,TNKS1BP1
2022,TNS3
2023,TNS4
2024,TOM1
2025,TOM1L2
2026,TOP1
2027,TOP2B
2028,TOPBP1
2029,TP53I3
2030,TP53INP1
2031,TP53INP2
2032,TPCN1
2033,TPD52L1
2034,TPM3
2035,TPST1
2036,TPST2
2037,TPX2
2038,TRA2B
2039,TRAF1
2040,TRAF3IP2
2041,TRAK1
2042,TRAPPC8
2043,TRERF1
2044,TRIM16
2045,TRIM16L
2046,TRIM2
2047,TRIM25
2048,TRIM38
2049,TRIM41
2050,TRIM52
2051,TRIM59
2052,TRIOBP
2053,TRIP10
2054,TRMT11
2055,TRMT1L
2056,TRMT5
2057,TRMT6
2058,TRPS1
2059,TRPT1
2060,TRRAP
2061,TSC2
2062,TSC22D3
2063,TSEN15
2064,TSEN2
2065,TSN
2066,TSPAN15
2067,TSPAN5
2068,TSPAN9
2069,TSPYL2
2070,TTC13
2071,TTC21A
2072,TTF2
2073,TTI1
2074,TTLL1
2075,TTLL4
2076,TUBA1C
2077,TUBB
2078,TUFT1
2079,TWSG1
2080,TXLNG
2081,TXNDC16
2082,TXNIP
2083,TXNRD1
2084,TXNRD2
2085,TXNRD3
2086,TYW3
2087,UAP1
2088,UBA2
2089,UBA5
2090,UBAC2
2091,UBAP1
2092,UBAP2
2093,UBE2H
2094,UBE2Q2
2095,UBIAD1
2096,UBP1
2097,UBR5
2098,UBTD1
2099,UBXN4
2100,UBXN7
2101,UCK2
2102,UGCG
2103,UGDH
2104,UGGT1
2105,UHRF2
2106,UNC5C
2107,UPK3B
2108,UPP1
2109,URB2
2110,USO1
2111,USP10
2112,USP31
2113,USP32
2114,USP34
2115,USP37
2116,USP40
2117,USP45
2118,USP7
2119,UST
2120,UTP11L
2121,VAMP5
2122,VAMP8
2123,VASP
2124,VAV3
2125,VDAC1
2126,VDAC2
2127,VEGFC
2128,VEPH1
2129,VEZF1
2130,VGLL4
2131,VPS37B
2132,VPS45
2133,VPS54
2134,VRK2
2135,VRK3
2136,VTA1
2137,VTCN1
2138,WARS2
2139,WASL
2140,WBSCR28
2141,WDHD1
2142,WDR12
2143,WDR13
2144,WDR27
2145,WDR35
2146,WDR43
2147,WDR46
2148,WDR66
2149,WDR75
2150,WDR76
2151,WDTC1
2152,WHSC1
2153,WIPF1
2154,WISP2
2155,WNT2B
2156,WNT5A
2157,WRB
2158,WSB2
2159,WTIP
2160,WWC3
2161,WWOX
2162,XBP1
2163,XPC
2164,XPO1
2165,XPO4
2166,XPO6
2167,XPR1
2168,XRN2
2169,YAP1
2170,YEATS2
2171,YIPF1
2172,YPEL2
2173,YRDC
2174,YTHDF3
2175,YWHAE
2176,YWHAG
2177,YWHAH
2178,YWHAQ
2179,ZBTB1
2180,ZBTB4
2181,ZBTB41
2182,ZC3H11A
2183,ZC3H14
2184,ZC3H7A
2185,ZCRB1
2186,ZDHHC7
2187,ZFAND3
2188,ZFP36L1
2189,ZFP36L2
2190,ZFX
2191,ZG16B
2192,ZKSCAN3
2193,ZMAT3
2194,ZMYM4
2195,ZMYND11
2196,ZMYND8
2197,ZNF146
2198,ZNF184
2199,ZNF19
2200,ZNF217
2201,ZNF32
2202,ZNF367
2203,ZNF385A
2204,ZNF385B
2205,ZNF430
2206,ZNF436
2207,ZNF48
2208,ZNF516
2209,ZNF532
2210,ZNF622
2211,ZNF639
2212,ZNF644
2213,ZNF750
2214,ZNF792
2215,ZNFX1
2216,ZNHIT1
2217,ZNHIT6
2218,ZNRF3
2219,ZYG11B
2220,UGT1A6
2221,AATF
2222,ABCA3
2223,ABCF2
2224,ABT1
2225,ACOX1
2226,ADSL
2227,AFF4
2228,AK8
2229,ALDH4A1
2230,ALDH6A1
2231,AMDHD2
2232,ANKRA2
2233,ANKRD10
2234,ANKRD12
2235,ANLN
2236,AP1S2
2237,AP3M2
2238,AP5S1
2239,AP5Z1
2240,ARFRP1
2241,ARMC6
2242,ARMCX3
2243,ASNS
2244,ASNSD1
2245,ASPSCR1
2246,ATAD3A
2247,ATIC
2248,ATP5G1
2249,ATP6V0E1
2250,ATXN2L
2251,BAG5
2252,BAP1
2253,BET1L
2254,BLOC1S5-TXNDC5
2255,BRCA2
2256,BUB3
2257,C12ORF49
2258,C15ORF57
2259,C19ORF10
2260,C1ORF85
2261,C3ORF17
2262,C4ORF21
2263,C7ORF55-LUC7L2
2264,CACFD1
2265,CANX
2266,CAPN7
2267,CASC5
2268,CCDC125
2269,CCDC132
2270,CCDC150
2271,CCDC18
2272,CCDC59
2273,CCL5
2274,CCNDBP1
2275,CCNT1
2276,CCT4
2277,CD2BP2
2278,CDCA3
2279,CDCA5
2280,CDCA7L
2281,CENPA
2282,CENPK
2283,CENPL
2284,CENPM
2285,CENPQ
2286,CENPW
2287,CEP192
2288,CHAF1A
2289,CHEK1
2290,CHMP4B
2291,CISD1
2292,CKLF
2293,CLCN7
2294,CLN3
2295,CLPB
2296,CLU
2297,CMPK1
2298,COMMD9
2299,CSTB
2300,CT62
2301,CTNS
2302,CTSA
2303,CTSD
2304,CUTA
2305,CYB561D2
2306,CYB5D2
2307,CYP46A1
2308,D2HGDH
2309,DAZAP2
2310,DCAF13
2311,DCAF17
2312,DCK
2313,DCTN6
2314,DDX18
2315,DDX49
2316,DDX55
2317,DENND6A
2318,DFFA
2319,DGCR14
2320,DHRS1
2321,DHX33
2322,DHX40
2323,DLAT
2324,DNAJA3
2325,DNAJC30
2326,DPH3
2327,DPY30
2328,DVL2
2329,DYNC2LI1
2330,DYNLL1
2331,DYRK1B
2332,EARS2
2333,ECD
2334,EED
2335,EIF2S1
2336,EIF2S2
2337,EIF2S3
2338,EIF3B
2339,EMC2
2340,ENOPH1
2341,EPRS
2342,ERP29
2343,ESYT1
2344,EXO1
2345,FADD
2346,FAM168B
2347,FAM179B
2348,FAM195B
2349,FAM21C
2350,FBXL18
2351,FBXL19
2352,FBXO45
2353,FBXW9
2354,FEN1
2355,FIS1
2356,FOXM1
2357,FOXRED2
2358,FTSJD1
2359,FUK
2360,FXN
2361,GAA
2362,GABARAP
2363,GADD45B
2364,GAK
2365,GALC
2366,GALT
2367,GAR1
2368,GARS
2369,GDF15
2370,GDPD3
2371,GLA
2372,GLYR1
2373,GMFB
2374,GMPR2
2375,GNPDA1
2376,GNPTG
2377,GOLGA5
2378,GRN
2379,GSPT1
2380,GTF2A1
2381,GTF2H3
2382,GTF3A
2383,GUF1
2384,GUK1
2385,HAGH
2386,HBP1
2387,HCFC1R1
2388,HEATR2
2389,HEXA
2390,HINFP
2391,HIRIP3
2392,HMGN2
2393,HNRNPH2
2394,HNRPDL
2395,HOXC13
2396,HPS5
2397,HSP90B1
2398,HSPE1
2399,IFRD2
2400,IP6K1
2401,IPO4
2402,IQCC
2403,IRF9
2404,ISG20L2
2405,ISY1-RAB43
2406,KAT5
2407,KIAA0430
2408,KIAA0895
2409,KIAA1033
2410,KIAA1279
2411,KIAA1524
2412,KIAA1737
2413,KIF15
2414,KIF2A
2415,KIF5B
2416,KLF10
2417,KLHDC9
2418,KPNA3
2419,KPNB1
2420,LAMP1
2421,LAMTOR1
2422,LIAS
2423,LIN52
2424,LMBR1
2425,LMNB1
2426,LPCAT3
2427,LRRC29
2428,LRRC37A3
2429,LRRC40
2430,LUC7L
2431,LUC7L2
2432,MARCH8
2433,MBD6
2434,MBIP
2435,MBTD1
2436,MCM7
2437,MCOLN1
2438,MIEN1
2439,MIS18A
2440,MITD1
2441,MKX
2442,MOB4
2443,MORC2
2444,MRFAP1L1
2445,MRPL54
2446,MRPS16
2447,MRPS17
2448,MTCH2
2449,MTERFD1
2450,MTHFR
2451,MUT
2452,MVP
2453,MYL5
2454,N6AMT1
2455,NAGPA
2456,NARFL
2457,NARS
2458,NAT10
2459,NDUFB6
2460,NEK2
2461,NEU1
2462,NEURL2
2463,NOL6
2464,NOL8
2465,NPM3
2466,NSUN2
2467,NUDCD1
2468,NUDT15
2469,NUP155
2470,ODC1
2471,OGDHL
2472,ORMDL3
2473,OTUD1
2474,OXNAD1
2475,PAIP2
2476,PAK1IP1
2477,PALB2
2478,PANK3
2479,PASK
2480,PDE12
2481,PDK2
2482,PELP1
2483,PEPD
2484,PET100
2485,PGP
2486,PHF23
2487,PHF5A
2488,PICALM
2489,PIGU
2490,PLA2G4C
2491,PNKD
2492,POLE3
2493,POLR1B
2494,POLR3F
2495,PPAN
2496,PPFIBP2
2497,PPIG
2498,PPP2R3B
2499,PRELID1
2500,PRKAR2B
2501,PRMT3
2502,PRPF3
2503,PRPF39
2504,PRPF6
2505,PTPN11
2506,PTPRS
2507,PWP1
2508,RAB24
2509,RAB7L1
2510,RABEP1
2511,RAD17
2512,RAN
2513,RBM17
2514,RBM33
2515,RC3H2
2516,RFT1
2517,RHNO1
2518,RNASEH1
2519,RNASEK
2520,RPIA
2521,RPS26
2522,RPUSD4
2523,RRM1
2524,RRP1
2525,RRP1B
2526,RRP9
2527,S100PBP
2528,SBNO1
2529,SCO2
2530,SEC11C
2531,SEC23IP
2532,SENP3
2533,SETD3
2534,SETMAR
2535,SF3B1
2536,SFR1
2537,SGOL1
2538,SH2B1
2539,SHPK
2540,SIRT1
2541,SLC25A32
2542,SLC25A33
2543,SLC25A38
2544,SLC25A46
2545,SLC35B1
2546,SLC35B2
2547,SLC38A7
2548,SMEK1
2549,SNRPA
2550,SNX12
2551,SPNS1
2552,SPPL3
2553,SRSF11
2554,SRSF2
2555,SSNA1
2556,SSSCA1
2557,ST13
2558,STAP2
2559,STX4
2560,SUCLA2
2561,SUGP2
2562,SUPV3L1
2563,TAF1A
2564,TAF5
2565,TAF9
2566,TBC1D13
2567,TBC1D17
2568,TBK1
2569,TBL3
2570,TBRG4
2571,TCEAL1
2572,TCN2
2573,TEN1
2574,TEX10
2575,TFB2M
2576,TFPT
2577,THAP5
2578,THAP8
2579,THNSL1
2580,THUMPD1
2581,TIPIN
2582,TMBIM1
2583,TMEM126B
2584,TMEM127
2585,TMEM135
2586,TMEM147
2587,TMEM175
2588,TMEM185B
2589,TMEM42
2590,TMEM55B
2591,TMEM79
2592,TMTC3
2593,TOP3A
2594,TOPORS
2595,TPP1
2596,TRAP1
2597,TRAPPC2L
2598,TRAPPC5
2599,TRIB3
2600,TRIM37
2601,TRUB1
2602,TSFM
2603,TSSC4
2604,UBALD2
2605,UBQLN1
2606,UBXN1
2607,UNK
2608,UPF2
2609,USP14
2610,USP16
2611,USP20
2612,USP36
2613,USP39
2614,USP5
2615,UTP15
2616,UTP18
2617,UTP20
2618,VGF
2619,VPRBP
2620,VPS18
2621,VPS28
2622,VPS37A
2623,WDR4
2624,WDR62
2625,WDR81
2626,WRN
2627,WWP2
2628,XRCC2
2629,YARS
2630,YEATS4
2631,YPEL5
2632,ZBTB21
2633,ZCCHC9
2634,ZDHHC3
2635,ZGPAT
2636,ZNF425
2637,ZNF554
2638,ZNF593
2639,ZNF721
2640,ZNF79
2641,ZNF862
2642,ZYX
2643,ACTA2
2644,AIP
2645,AKR1B15
2646,ALDH18A1
2647,ANGPTL6
2648,APOBEC3B
2649,ARHGDIB
2650,ARL5B
2651,ATP2C1
2652,BMS1
2653,C12ORF57
2654,C20ORF24
2655,CAPNS1
2656,CARKD
2657,CBX3
2658,CCDC107
2659,CCDC130
2660,CCL22
2661,CCNB1IP1
2662,CD74
2663,CENPJ
2664,CES1
2665,CRKL
2666,CSTF2T
2667,CYCS
2668,DMTF1
2669,EAF2
2670,EIF5
2671,ETV6
2672,FAM216A
2673,FAM47E
2674,GEMIN6
2675,GNL3
2676,GPN3
2677,GPR56
2678,GTPBP3
2679,GTPBP4
2680,HEATR5A
2681,HES4
2682,HILPDA
2683,HIST1H2BD
2684,HIST2H2AB
2685,HIST2H2AC
2686,HIST2H2BE
2687,HMGB1
2688,HSA-MIR-3190-3P
2689,HSP90AB1
2690,HSPA13
2691,HYI
2692,IFIT3
2693,INO80B
2694,IQCB1
2695,ISG15
2696,IVNS1ABP
2697,JAK2
2698,KCTD6
2699,LAS1L
2700,LRP10
2701,LRRC59
2702,LRRCC1
2703,LRRTM3
2704,MASTL
2705,MCOLN2
2706,MDC1
2707,MEST
2708,MFAP3
2709,MGME1
2710,MRPL39
2711,MSRB1
2712,MTX3
2713,NAE1
2714,NAGK
2715,NCF2
2716,NME6
2717,NUDT17
2718,OSR2
2719,P4HTM
2720,PARP2
2721,PDCL3
2722,PMCH
2723,PNRC2
2724,POLG
2725,POLR1D
2726,PPP1R15A
2727,PRPF19
2728,PYCRL
2729,RBM25
2730,RC3H1
2731,RNF43
2732,RPAP3
2733,S1PR2
2734,SDSL
2735,SHF
2736,SKA1
2737,SLC1A4
2738,SLC25A19
2739,SLC41A3
2740,SLC9A8
2741,SNRNP27
2742,SNRPB
2743,SRSF7
2744,STT3A
2745,SUPT16H
2746,TECPR2
2747,TFF1
2748,TIAL1
2749,TMA16
2750,TMEM140
2751,TMEM9
2752,TOB2
2753,TOR1AIP1
2754,TROVE2
2755,TSC22D1
2756,TUBA1B
2757,USPL1
2758,WBP2
2759,WDFY4
2760,WDR67
2761,WDR74
2762,WIPI1
2763,ZCCHC10
2764,ZCWPW1
2765,ZNF267
2766,ZNF566
2767,ABI1
2768,ACBD5
2769,ACP2
2770,ADPRHL2
2771,ALG10
2772,ALG3
2773,AMD1
2774,ANG
2775,ANKRD32
2776,ANP32E
2777,AP3S1
2778,API5
2779,ARIH2OS
2780,ARL6IP6
2781,ASB6
2782,ASF1A
2783,ATL2
2784,B4GALT7
2785,BAZ1B
2786,BBS1
2787,BFAR
2788,BLOC1S6
2789,BMI1
2790,BRIX1
2791,BTAF1
2792,C11ORF31
2793,C11ORF48
2794,C11ORF68
2795,C16ORF80
2796,C18ORF56
2797,C21ORF58
2798,C2CD5
2799,C6ORF226
2800,C6ORF48
2801,C7ORF55
2802,CACYBP
2803,CCDC138
2804,CCDC71L
2805,CCT6A
2806,CCT7
2807,CDKN2AIPNL
2808,CEMP1
2809,CENPO
2810,CIRBP
2811,CISD2
2812,COA5
2813,COX20
2814,CPSF3
2815,CUEDC2
2816,CUL4A
2817,CWC27
2818,DALRD3
2819,DBF4
2820,DCLRE1A
2821,DDIT4
2822,DDX1
2823,DDX21
2824,DDX46
2825,DDX50
2826,DLEU1
2827,DMAP1
2828,DNAJC11
2829,DNAJC2
2830,DPM3
2831,DPY19L4
2832,DUSP4
2833,ECI1
2834,EEFSEC
2835,ERI1
2836,EXD3
2837,EXOSC3
2838,EXOSC8
2839,FAM126B
2840,FAM133B
2841,FAM173A
2842,FAM83E
2843,FAM98B
2844,FANCM
2845,FBXO22
2846,FUS
2847,G3BP1
2848,GART
2849,GEMIN7
2850,GFM2
2851,GOT2
2852,GPBP1
2853,GRAMD2
2854,GRPEL2
2855,GTF2H2C
2856,GTF3C3
2857,HEMK1
2858,HIST1H2AC
2859,HIST1H2AD
2860,HIST1H2BC
2861,HIST3H2A
2862,HMGB2
2863,HNRNPA1L2
2864,HNRNPH3
2865,HSA-MIR-1292-3P
2866,HSPD1
2867,IDE
2868,IDI1
2869,IFNGR1
2870,IL10RB
2871,INTS10
2872,IRF7
2873,ITGB1BP1
2874,JPX
2875,KARS
2876,KIAA0101
2877,KRR1
2878,LETM1
2879,LIG1
2880,LSG1
2881,MAF1
2882,MARK4
2883,MBD5
2884,MBLAC2
2885,MBTPS2
2886,MCM4
2887,MDH1
2888,MDH2
2889,MED22
2890,MLEC
2891,MLF1IP
2892,MPHOSPH10
2893,MRPL13
2894,MRPL16
2895,MRPL21
2896,MRPL3
2897,MRPL53
2898,MTBP
2899,MTIF2
2900,MYBL1
2901,N4BP3
2902,NCSTN
2903,NDUFAB1
2904,NELFB
2905,NIP7
2906,NOC3L
2907,NOP16
2908,NOP56
2909,NUP107
2910,NUP205
2911,NUP54
2912,OPA1
2913,PAXIP1
2914,PCBD2
2915,PDCD10
2916,PDCD11
2917,PDF
2918,PDIA4
2919,PDSS1
2920,POLR3B
2921,POU2F3
2922,PPIA
2923,PPIF
2924,PPIL1
2925,PRKDC
2926,PRRG2
2927,PRRT2
2928,PSCA
2929,PSMB8
2930,PSMB9
2931,PSMD11
2932,PSMG3-AS1
2933,PSPH
2934,PTMA
2935,PTRHD1
2936,RABGGTB
2937,RARS
2938,RBBP5
2939,RBM28
2940,REXO4
2941,RFC2
2942,RFESD
2943,RFXANK
2944,RGL2
2945,RINT1
2946,RNASE4
2947,RRM2B
2948,SBDSP1
2949,SCARNA2
2950,SDAD1
2951,SEC24C
2952,SENP1
2953,SERBP1
2954,SETD6
2955,SLC25A28
2956,SLC25A40
2957,SLC35A3
2958,SLC7A6
2959,SMIM19
2960,SNHG8
2961,SNORA24
2962,SNORD25
2963,SNORD26
2964,SNORD27
2965,SNORD48
2966,SNRPD1
2967,SNRPD3
2968,SNX17
2969,SPATA5L1
2970,SRRM3
2971,SSBP1
2972,STX16-NPEPL1
2973,SUDS3
2974,SUGT1
2975,SUV39H2
2976,TACC3
2977,TAF12
2978,TFRC
2979,TGS1
2980,TMED1
2981,TMEM129
2982,TMEM194B
2983,TOX4
2984,TRAF4
2985,TUBGCP3
2986,TYMS
2987,UCHL5
2988,USMG5
2989,USP1
2990,VARS
2991,VPS9D1
2992,WDR36
2993,WDR85
2994,YIPF2
2995,YIPF3
2996,ZDHHC6
2997,ZER1
2998,ZMPSTE24
2999,ZNF195
3000,ZNF22
3001,ZNF579
3002,ZNF580
3003,ZNF581
3004,ZNF768
3005,ZNF821
3006,ZSCAN12
3007,ABHD14B
3008,ACAT1
3009,ADCY7
3010,AEN
3011,AGMAT
3012,AIFM2
3013,AIMP2
3014,AKAP1
3015,AMIGO1
3016,ANKRD18A
3017,ARHGAP32
3018,ARHGEF16
3019,ATP7A
3020,AURKA
3021,AVPI1
3022,BCAS4
3023,BNIP3
3024,C19ORF54
3025,C20ORF27
3026,C4ORF27
3027,C5ORF22
3028,CA8
3029,CASP9
3030,CCNE2
3031,CD22
3032,CD55
3033,CDCA7
3034,CDK5R1
3035,CFB
3036,CHDH
3037,CHKA
3038,CHPT1
3039,CLDN7
3040,CORO1B
3041,CRLF3
3042,CRY2
3043,CSTF1
3044,CYP1A1
3045,DBP
3046,DEDD2
3047,DHODH
3048,DNLZ
3049,EFNA1
3050,EXOSC5
3051,F7
3052,FABP5
3053,FAM214B
3054,FAM83G
3055,FARP2
3056,FSBP
3057,FTL
3058,FUT5
3059,FZD5
3060,GABARAPL1
3061,GAS2L3
3062,GCFC2
3063,GCHFR
3064,GGH
3065,GGT6
3066,GIPC1
3067,GLTSCR2
3068,GPR160
3069,HINT1
3070,HLA-DMA
3071,HLF
3072,HS1BP3
3073,HSPH1
3074,IDH1
3075,IFI30
3076,IL17RB
3077,ING5
3078,KEAP1
3079,KHK
3080,KIF18B
3081,KIFC1
3082,LAMTOR4
3083,LRRC56
3084,LTV1
3085,LYRM7
3086,MAPK3
3087,MARS2
3088,MAT1A
3089,MCM2
3090,MRPL28
3091,MRPS18A
3092,MYL6B
3093,NAB2
3094,NANP
3095,NAP1L1
3096,NBPF1
3097,NBR1
3098,NKD1
3099,NOP14
3100,NPC2
3101,NUDT18
3102,PAPD4
3103,PHB
3104,PIFO
3105,PIK3IP1
3106,PIKFYVE
3107,PIM3
3108,PKN1
3109,PLD1
3110,PLEKHF2
3111,POLD1
3112,POLE4
3113,POLR2H
3114,PSAP
3115,PTBP3
3116,PTCD3
3117,QPRT
3118,QSOX2
3119,RAB17
3120,RIF1
3121,RILPL2
3122,RNF123
3123,RNF130
3124,RNF138
3125,RNF44
3126,RNFT1
3127,RPF2
3128,RPS6KA4
3129,SCD
3130,SCML2
3131,SGOL2
3132,SH2D5
3133,SLC25A15
3134,SLC25A30
3135,SLC25A5
3136,SLC7A2
3137,SLC7A5P1
3138,SLC7A5P2
3139,SPAST
3140,SPATA20
3141,SPOPL
3142,TATDN2
3143,TCEA1
3144,TCFL5
3145,TEAD3
3146,TFAP4
3147,TLE6
3148,TMEM120A
3149,TMEM194A
3150,TMEM38A
3151,TMEM87B
3152,TPRA1
3153,TPRKB
3154,TRAPPC6A
3155,TSNARE1
3156,TTC27
3157,TTC37
3158,TXN
3159,UBE2S
3160,UCP2
3161,VPS37D
3162,XYLB
3163,ZDHHC23
3164,ZFPM1
3165,ZNF260
3166,ZNF296
3167,ZNF669
3168,ABCD1
3169,ABCG1
3170,ABHD16A
3171,ACBD4
3172,ACCS
3173,ADAT1
3174,AHCTF1
3175,AHSA1
3176,ALDOA
3177,ALKBH2
3178,ANKHD1
3179,ANKHD1-EIF4EBP3
3180,ANKRD49
3181,AP4B1
3182,ARFGAP2
3183,ARFIP2
3184,ARPC5L
3185,ASF1B
3186,ASUN
3187,ATP5B
3188,ATP6AP2
3189,BAK1
3190,BCAP31
3191,BCAS2
3192,BRAF
3193,BUB1B
3194,C10ORF137
3195,C12ORF44
3196,C12ORF66
3197,C16ORF55
3198,C17ORF61-PLSCR3
3199,C19ORF57
3200,C6ORF120
3201,C8ORF37
3202,CAMK2G
3203,CAND1
3204,CARM1
3205,CCDC28A
3206,CCNG1
3207,CCT5
3208,CCT8
3209,CD320
3210,CDC40
3211,CDNF
3212,CENPN
3213,CEP57
3214,CEP76
3215,CHCHD4
3216,CHST12
3217,CHUK
3218,CMSS1
3219,CNNM2
3220,CNOT6
3221,CNP
3222,COPS3
3223,COQ3
3224,COX7B
3225,CSDE1
3226,CSTF3
3227,CUL5
3228,CYB561D1
3229,CYSTM1
3230,DCLRE1B
3231,DDX20
3232,DHX36
3233,DLST
3234,DNAJB2
3235,DNM2
3236,DSN1
3237,EBP
3238,ECSIT
3239,EDEM3
3240,EGLN3
3241,EPB41
3242,ERH
3243,ETF1
3244,ETFA
3245,FAM117A
3246,FAM161B
3247,FAM173B
3248,FAM206A
3249,FANCB
3250,FANCG
3251,FAR1
3252,FASTKD2
3253,FBXL20
3254,FDPS
3255,FKBP2
3256,FRAT1
3257,FRAT2
3258,GNL3L
3259,GPATCH3
3260,GPR19
3261,GRWD1
3262,GSG2
3263,H2AFV
3264,HELLS
3265,HERC1
3266,HEXIM1
3267,HINT2
3268,HIST1H2BN
3269,HMGN5
3270,HOMER1
3271,HSPA14
3272,HSPA4
3273,HSPA4L
3274,ICMT
3275,IDH3G
3276,IFT20
3277,IKBKAP
3278,ILF2
3279,IMPDH2
3280,ING4
3281,INPP5A
3282,KCTD15
3283,KIAA0556
3284,KIF18A
3285,KRT8P12
3286,LAPTM4B
3287,LDHA
3288,LENG1
3289,LMBR1L
3290,LMBRD1
3291,LRPPRC
3292,LRRC41
3293,LSM3
3294,LSM4
3295,MAGT1
3296,MAK16
3297,MAP3K11
3298,MARCH6
3299,MCM10
3300,METTL3
3301,MICU2
3302,MKKS
3303,MKL2
3304,MLXIP
3305,MMGT1
3306,MRE11A
3307,MRPS25
3308,MUC1
3309,NAA35
3310,NAPRT1
3311,NBL1
3312,NBPF12
3313,NCAPG
3314,NCOA4
3315,NDST2
3316,NEDD1
3317,NHP2
3318,NKRF
3319,NOL11
3320,NOL9
3321,NPM1
3322,NSDHL
3323,NUDC
3324,NUDT2
3325,NUP37
3326,OCEL1
3327,ORC6
3328,OS9
3329,OTUD5
3330,PA2G4
3331,PARPBP
3332,PCMTD1
3333,PCNXL4
3334,PHTF2
3335,PIGA
3336,PIGW
3337,PJA2
3338,PLCD3
3339,PLEKHH3
3340,PLSCR3
3341,PMEL
3342,PMF1
3343,PMVK
3344,PNN
3345,POT1
3346,PPAT
3347,PPIB
3348,PPM1G
3349,PQBP1
3350,PRC1
3351,PRDX5
3352,PRMT5
3353,PRPF38B
3354,PRPF4
3355,PRR11
3356,PSMD10
3357,PSMG2
3358,PTGES3
3359,PTRH2
3360,RAB28
3361,RAB5B
3362,RAB6A
3363,RAB8A
3364,RAD51
3365,RAD51C
3366,RBM39
3367,RELB
3368,RFC3
3369,RHOC
3370,RIBC1
3371,RIBC2
3372,RPGRIP1L
3373,RPN2
3374,RPS9
3375,S100A11
3376,SCML1
3377,SCYL2
3378,SF1
3379,SHPRH
3380,SKA2
3381,SKA3
3382,SLC36A4
3383,SLC39A7
3384,SMARCA5
3385,SMARCAD1
3386,SMC1A
3387,SMYD5
3388,SNRNP70
3389,SNRPG
3390,SPAG4
3391,SPATA7
3392,SPDL1
3393,SPTY2D1
3394,SRSF10
3395,STIP1
3396,STK19
3397,STX5
3398,SUCO
3399,SVIP
3400,SYAP1
3401,SYVN1
3402,TADA3
3403,TAF15
3404,TAF4B
3405,TARDBP
3406,TBX3
3407,TCERG1
3408,TCF25
3409,TCP11L2
3410,THTPA
3411,TIMM17A
3412,TMED2
3413,TMEM187
3414,TMEM256
3415,TMEM59
3416,TMEM8B
3417,TMTC4
3418,TMUB2
3419,TNFAIP1
3420,TOE1
3421,TOMM40
3422,TRAPPC2P1
3423,TRIM26
3424,TRNT1
3425,TROAP
3426,TSPYL1
3427,TSR1
3428,TTC14
3429,TTC3
3430,TUBGCP5
3431,UBE2N
3432,UBL5
3433,UCA1
3434,UCHL3
3435,UMPS
3436,UPF3B
3437,USP11
3438,USP47
3439,USP8
3440,VDAC3
3441,VKORC1
3442,VPS35
3443,VRK1
3444,VSIG10
3445,WBP1L
3446,WDR45
3447,WDR77
3448,WDR89
3449,XRCC6
3450,YTHDC2
3451,ZBTB2
3452,ZBTB48
3453,ZHX1
3454,ZNF205
3455,ZNF473
3456,ZNF500
3457,ZNF524
3458,ZNF629
3459,ZSCAN21
3460,ZWILCH
3461,S100A9
3462,AAMDC
3463,ABCB10
3464,ABCB9
3465,ABTB1
3466,ACAA1
3467,ACAA2
3468,ACER2
3469,ACSS3
3470,ACTL6A
3471,ACTR3B
3472,ACTR5
3473,ADCK5
3474,AFMID
3475,AGRN
3476,AKR1A1
3477,ALAS1
3478,ALG8
3479,ALKBH4
3480,ANAPC5
3481,ANGEL2
3482,ANKRD16
3483,ANKRD24
3484,ANKRD6
3485,AP5M1
3486,APH1A
3487,APIP
3488,APITD1
3489,APITD1-CORT
3490,APMAP
3491,APOL2
3492,ARF5
3493,ARF6
3494,ARFGEF1
3495,ARFIP1
3496,ARHGAP19
3497,ARHGEF37
3498,ARL13B
3499,ARMC1
3500,ARMC7
3501,ARMCX6
3502,ARPC1B
3503,ARPP19
3504,ARSD
3505,ASAH1
3506,ASCL1
3507,ASL
3508,ATAD2
3509,ATF5
3510,ATG9A
3511,ATP11A
3512,ATP6AP1
3513,ATP6V0A2
3514,ATP6V0E2
3515,ATP7B
3516,ATP8A1
3517,ATRAID
3518,AURKB
3519,BAG1
3520,BAIAP2-AS1
3521,BARD1
3522,BBS12
3523,BCDIN3D
3524,BCKDHA
3525,BCL7C
3526,BCS1L
3527,BIRC5
3528,BOD1L1
3529,BPNT1
3530,BRI3
3531,BRIP1
3532,BRWD3
3533,BSCL2
3534,BSDC1
3535,BST2
3536,BTBD2
3537,BUB1
3538,C10ORF2
3539,C11ORF82
3540,C12ORF60
3541,C12ORF73
3542,C14ORF142
3543,C15ORF37
3544,C16ORF59
3545,C17ORF53
3546,C17ORF89
3547,C19ORF66
3548,C1ORF106
3549,C1ORF109
3550,C1ORF216
3551,C1ORF53
3552,C1ORF54
3553,C21ORF119
3554,C22ORF29
3555,C2ORF69
3556,C5ORF30
3557,C6ORF165
3558,C7ORF13
3559,C7ORF60
3560,C8ORF82
3561,C9ORF16
3562,C9ORF169
3563,C9ORF40
3564,C9ORF89
3565,CA5BP1
3566,CACNA1G
3567,CACNB3
3568,CALCOCO1
3569,CALML4
3570,CAT
3571,CBLN3
3572,CBX1
3573,CCDC137
3574,CCDC15
3575,CCDC34
3576,CCDC53
3577,CCDC77
3578,CCDC85C
3579,CCNB1
3580,CCNB2
3581,CCNE1
3582,CCP110
3583,CCS
3584,CCT2
3585,CCT6P1
3586,CD46
3587,CD83
3588,CDC23
3589,CDC25A
3590,CDCA8
3591,CDK1
3592,CDKN3
3593,CDPF1
3594,CENPH
3595,CEP135
3596,CEP55
3597,CHAC2
3598,CHD1L
3599,CHORDC1
3600,CIB1
3601,CIRH1A
3602,CISD3
3603,CISH
3604,CKAP2L
3605,CKAP5
3606,CLCC1
3607,CLSPN
3608,CLSTN3
3609,CNOT10
3610,COMT
3611,CPSF2
3612,CPSF3L
3613,CREB3L4
3614,CRELD2
3615,CRTC2
3616,CSE1L
3617,CSNK2A1
3618,CTF1
3619,CTPS1
3620,CTR9
3621,CUL1
3622,CUL7
3623,CX3CL1
3624,CXCR4
3625,CYB5B
3626,DCTPP1
3627,DCUN1D5
3628,DDX11
3629,DDX26B
3630,DENND1C
3631,DENND2D
3632,DEPDC1B
3633,DEXI
3634,DGKE
3635,DGKQ
3636,DHCR24
3637,DHTKD1
3638,DHX34
3639,DHX9
3640,DKC1
3641,DNA2
3642,DNAJA1
3643,DNAJA2
3644,DNAJB11
3645,DNAJC10
3646,DOK4
3647,DONSON
3648,DRAM1
3649,DSG2
3650,DTX3L
3651,DUT
3652,E2F8
3653,ECH1
3654,ECHDC1
3655,EGR3
3656,EIF2B5
3657,ELAC2
3658,ELAVL1
3659,ELP2
3660,EME1
3661,EML2
3662,EMP3
3663,ENDOG
3664,ENKD1
3665,ENO2
3666,EPHX2
3667,ERBB3
3668,ERO1LB
3669,ESPL1
3670,ETFB
3671,ETNK1
3672,ETNK2
3673,ETV3
3674,EXOC5
3675,F11R
3676,FAAH
3677,FABP5P3
3678,FAM110A
3679,FAM111B
3680,FAM118A
3681,FAM134A
3682,FAM136A
3683,FAM161A
3684,FAM217B
3685,FAM64A
3686,FAM72B
3687,FAM72D
3688,FAM73B
3689,FAM83D
3690,FAM98C
3691,FANCA
3692,FARSB
3693,FASTKD1
3694,FASTKD3
3695,FBXL8
3696,FBXO3
3697,FBXW5
3698,FGFR1OP
3699,FGFR4
3700,FH
3701,FKBP11
3702,FKBP7
3703,FMO5
3704,FOPNL
3705,FOXP4
3706,FSCN1
3707,FUCA2
3708,GAB1
3709,GABARAPL2
3710,GAMT
3711,GCA
3712,GCH1
3713,GCSH
3714,GEM
3715,GHDC
3716,GLRX3
3717,GLTPD1
3718,GLTSCR1
3719,GMCL1
3720,GMPS
3721,GNAZ
3722,GNPDA2
3723,GOLGA2
3724,GOLPH3L
3725,GOLT1A
3726,GOLT1B
3727,GPAA1
3728,GPATCH4
3729,GPR137C
3730,GRINA
3731,GRM4
3732,GRPEL1
3733,GSTZ1
3734,GTF2E2
3735,GTF3C6
3736,GTSE1
3737,GXYLT1
3738,H2AFX
3739,HAT1
3740,HAUS3
3741,HDAC5
3742,HDAC7
3743,HEATR5B
3744,HEXIM2
3745,HIF1AN
3746,HJURP
3747,HLA-B
3748,HLA-C
3749,HLA-E
3750,HN1L
3751,HNRNPA3
3752,HNRNPAB
3753,HOMER3
3754,HOMEZ
3755,HOOK1
3756,HSD17B10
3757,HSD17B14
3758,HSPA8
3759,HSPA9
3760,HYOU1
3761,IARS2
3762,IER5L
3763,IFITM2
3764,IFNAR2
3765,IK
3766,IL27RA
3767,ILK
3768,IMMT
3769,IMPA1
3770,IMPACT
3771,INCENP
3772,ING2
3773,INIP
3774,INPP5K
3775,INPPL1
3776,IPO8
3777,ISOC1
3778,ITGB3BP
3779,IVD
3780,JAK3
3781,JAKMIP1
3782,JHDM1D
3783,JMJD8
3784,JUP
3785,KATNAL1
3786,KAZALD1
3787,KBTBD3
3788,KBTBD8
3789,KCTD11
3790,KCTD21
3791,KHNYN
3792,KIAA1161
3793,KIF20A
3794,KIF21A
3795,KIF2C
3796,KLHDC8B
3797,KRBOX4
3798,KRIT1
3799,L2HGDH
3800,LAMTOR2
3801,LEPREL4
3802,LETMD1
3803,LGALS1
3804,LLGL1
3805,LMTK3
3806,LRIF1
3807,LRPAP1
3808,LRRC73
3809,LRRC8E
3810,LYAR
3811,LYPLA1
3812,LYSMD3
3813,LYSMD4
3814,MAGED2
3815,MAN1B1
3816,MANEA
3817,MANF
3818,MAP2K3
3819,MAP3K1
3820,MAPK9
3821,MCAM
3822,MCM3
3823,MCM5
3824,MDK
3825,MED19
3826,METTL1
3827,MIS12
3828,MKI67
3829,MKI67IP
3830,MKRN1
3831,MLYCD
3832,MNS1
3833,MOAP1
3834,MOSPD3
3835,MPHOSPH6
3836,MPI
3837,MRPL11
3838,MRPL18
3839,MRPL19
3840,MRPL41
3841,MRPL47
3842,MRPS12
3843,MRTO4
3844,MSH2
3845,MSH6
3846,MST4
3847,MTPN
3848,MTX1
3849,MTX2
3850,MVB12A
3851,MXD3
3852,MYLIP
3853,NAA25
3854,NAA60
3855,NAT14
3856,NAT9
3857,NCAPD2
3858,NCKAP5L
3859,NDUFAF4
3860,NEIL3
3861,NFKBIE
3862,NGLY1
3863,NMB
3864,NME3
3865,NOL3
3866,NOM1
3867,NONO
3868,NQO1
3869,NR1H2
3870,NRARP
3871,NRBP1
3872,NT5C3A
3873,NUCB1
3874,NUDT12
3875,NUDT16
3876,NUDT16L1
3877,NUDT21
3878,NUDT7
3879,NUP210
3880,NUP62CL
3881,NUP85
3882,NUP88
3883,NUPL1
3884,NUSAP1
3885,OAZ2
3886,OBSL1
3887,ODF2
3888,OGFOD1
3889,OIP5
3890,OPTN
3891,ORC2
3892,OSCP1
3893,OTUD6B
3894,OXLD1
3895,PABPC1
3896,PABPC4
3897,PACSIN3
3898,PAFAH1B1
3899,PAIP2B
3900,PAQR4
3901,PARP9
3902,PBXIP1
3903,PCBP4
3904,PCMTD2
3905,PCNA
3906,PCYOX1L
3907,PDCD5
3908,PDIA3
3909,PDK3
3910,PELI3
3911,PEX10
3912,PEX16
3913,PGAM1
3914,PGGT1B
3915,PGLS
3916,PGPEP1
3917,PHF1
3918,PHF14
3919,PHF21A
3920,PI4K2B
3921,PIAS3
3922,PIM2
3923,PITPNM1
3924,PITRM1
3925,PKMYT1
3926,PLA2G15
3927,PLD2
3928,PLK2
3929,PLK4
3930,PMM1
3931,PMPCA
3932,PNPLA2
3933,PNPLA6
3934,POGK
3935,POLD2
3936,POLL
3937,POLR1C
3938,POLR1E
3939,POLR2G
3940,POLR3K
3941,POMT2
3942,PPID
3943,PPM1M
3944,PPP1R37
3945,PPP2R5E
3946,PPP6C
3947,PPT1
3948,PRKCZ
3949,PRKRA
3950,PRKRIR
3951,PRMT6
3952,PSIP1
3953,PSMC3IP
3954,PSMG4
3955,PSRC1
3956,PTK6
3957,PTPN18
3958,PTPN6
3959,PUSL1
3960,PXMP4
3961,QARS
3962,QSER1
3963,RAB40C
3964,RABAC1
3965,RABGGTA
3966,RAD51AP1
3967,RAD54L
3968,RAP1GAP
3969,RARS2
3970,RASD1
3971,RASGRP1
3972,RASSF1
3973,RASSF2
3974,RBCK1
3975,RBFA
3976,RBL1
3977,RBL2
3978,RBM12B
3979,RBM14
3980,RDH10
3981,RECQL
3982,REEP5
3983,RELT
3984,RER1
3985,RETSAT
3986,RGS9BP
3987,RHOG
3988,RHOV
3989,RILPL1
3990,RIOK1
3991,RLIM
3992,RMND5B
3993,RNASEH2A
3994,RNASEH2B
3995,RND1
3996,RNF113A
3997,ROGDI
3998,RPA2
3999,RPAIN
4000,RPE
4001,RPL22L1
4002,RPL28
4003,RPP40
4004,RPUSD3
4005,RRAGD
4006,RRAS
4007,RSPH1
4008,RSPH3
4009,RUNDC3B
4010,RUNX3
4011,RWDD4
4012,S100A6
4013,SAAL1
4014,SAP30L
4015,SASS6
4016,SCAMP2
4017,SCLY
4018,SDCBP
4019,SDCCAG3
4020,SDF2
4021,SDF2L1
4022,SDHAF1
4023,SEC24B
4024,SEC61A2
4025,SELO
4026,SELT
4027,SEMA6C
4028,SEPHS1
4029,SERGEF
4030,SESN2
4031,SET
4032,SEZ6L2
4033,SFXN3
4034,SFXN4
4035,SHCBP1
4036,SHROOM1
4037,SIDT2
4038,SIGMAR1
4039,SIPA1
4040,SKIV2L2
4041,SLC12A5
4042,SLC16A6
4043,SLC25A3
4044,SLC26A2
4045,SLC29A1
4046,SLC2A6
4047,SLC39A1
4048,SLC39A6
4049,SLC43A2
4050,SLC44A2
4051,SMCR7
4052,SMIM13
4053,SMIM15
4054,SMPD1
4055,SNRNP25
4056,SNRNP40
4057,SNRPF
4058,SNX21
4059,SP4
4060,SPAG5
4061,SPAG7
4062,SPATA2L
4063,SPOP
4064,SPPL2A
4065,SQLE
4066,SRR
4067,SRSF1
4068,SS18L1
4069,SSRP1
4070,ST3GAL1
4071,STAG3L4
4072,STARD3
4073,STARD4
4074,STYX
4075,SUFU
4076,SUOX
4077,SURF1
4078,SUSD3
4079,SWSAP1
4080,SYCE2
4081,SYF2
4082,SYT10
4083,TAF9B
4084,TANGO2
4085,TAP1
4086,TAPBP
4087,TAPBPL
4088,TARBP2
4089,TAX1BP3
4090,TBL2
4091,TCF19
4092,TCOF1
4093,TCP1
4094,TCTEX1D2
4095,TDP1
4096,TEAD2
4097,TECPR1
4098,TESK2
4099,TGIF2
4100,TGIF2-C20ORF24
4101,THBS3
4102,THEM6
4103,TIMM50
4104,TIMM8A
4105,TIMM8B
4106,TINF2
4107,TK1
4108,TLCD2
4109,TM7SF2
4110,TMED4
4111,TMEM109
4112,TMEM138
4113,TMEM167A
4114,TMEM167B
4115,TMEM168
4116,TMEM63B
4117,TMPO
4118,TMUB1
4119,TMX2
4120,TMX2-CTNND1
4121,TNFSF13
4122,TONSL
4123,TOP2A
4124,TOR3A
4125,TPI1
4126,TPRG1L
4127,TRAFD1
4128,TRAIP
4129,TRAPPC12
4130,TRIM27
4131,TRIM39
4132,TRIM4
4133,TRIM62
4134,TRIP13
4135,TRMT2B
4136,TSC22D4
4137,TSKU
4138,TSPAN12
4139,TSPAN14
4140,TSTD1
4141,TTC30B
4142,TTC9
4143,TTK
4144,TUBA1A
4145,TUBB6
4146,TUBG1
4147,TXNDC5
4148,TXNL4A
4149,UBA6
4150,UBE2C
4151,UBE2K
4152,UBE2L6
4153,UBE2T
4154,UBQLN4
4155,UBR7
4156,UBXN6
4157,UNC13D
4158,UNC45A
4159,UNG
4160,UPK2
4161,URB1
4162,UROD
4163,USE1
4164,USP19
4165,USP51
4166,UTP23
4167,VEZT
4168,VPS37C
4169,WBP1
4170,WBP11
4171,WDR55
4172,WDR5B
4173,WDYHV1
4174,WWP1
4175,XPO5
4176,XPOT
4177,XRCC3
4178,XRCC6BP1
4179,YAE1D1
4180,YKT6
4181,YPEL3
4182,YWHAB
4183,ZBTB22
4184,ZBTB26
4185,ZBTB3
4186,ZBTB42
4187,ZBTB6
4188,ZBTB9
4189,ZC2HC1A
4190,ZC3H12A
4191,ZC3HAV1
4192,ZDHHC16
4193,ZFR
4194,ZFYVE1
4195,ZFYVE19
4196,ZHX2
4197,ZMAT5
4198,ZMYND19
4199,ZNF107
4200,ZNF12
4201,ZNF121
4202,ZNF138
4203,ZNF160
4204,ZNF180
4205,ZNF223
4206,ZNF239
4207,ZNF253
4208,ZNF277
4209,ZNF282
4210,ZNF324
4211,ZNF326
4212,ZNF341
4213,ZNF350
4214,ZNF394
4215,ZNF443
4216,ZNF519
4217,ZNF530
4218,ZNF548
4219,ZNF551
4220,ZNF564
4221,ZNF567
4222,ZNF606
4223,ZNF652
4224,ZNF675
4225,ZNF678
4226,ZNF680
4227,ZNF695
4228,ZNF709
4229,ZNF740
4230,ZNF814
4231,ZNF823
4232,ZNF85
4233,ZNF92
4234,ZNF93
4235,ZSCAN2
4236,ZSWIM3
4237,ZWINT
4238,RAB25
4239,ABCD3
4240,ABHD10
4241,ABHD3
4242,ACADS
4243,ACER3
4244,ACLY
4245,ACOT1
4246,ACOT4
4247,ADAMTSL5
4248,ADCK2
4249,ADCY1
4250,ADCY3
4251,ADIRF
4252,AES
4253,AGPAT2
4254,AIF1L
4255,ALAD
4256,ALG6
4257,ALOX5
4258,AMFR
4259,AMOT
4260,ANAPC7
4261,ANKEF1
4262,ANKRD13B
4263,ANKRD36
4264,ANKRD36BP2
4265,ANKRD9
4266,AP1M2
4267,AP2B1
4268,AP3B1
4269,APEX2
4270,ARID3A
4271,ARL6IP4
4272,ARMC3
4273,ATAD5
4274,ATG2A
4275,ATG4D
4276,ATP2A3
4277,ATP2C2
4278,AXIN1
4279,B3GALNT1
4280,B4GALNT1
4281,B4GALT2
4282,BAMBI
4283,BARX2
4284,BCL11B
4285,BEGAIN
4286,BIK
4287,BLMH
4288,BLVRA
4289,BMP4
4290,BOK
4291,BOP1
4292,BRI3BP
4293,BTBD6
4294,C10ORF35
4295,C15ORF38
4296,C15ORF38-AP3S2
4297,C16ORF74
4298,C17ORF103
4299,C17ORF104
4300,C17ORF62
4301,C17ORF82
4302,C1ORF115
4303,C1ORF51
4304,C4ORF48
4305,C5ORF34
4306,C5ORF54
4307,CADPS2
4308,CALCR
4309,CANT1
4310,CAPN1
4311,CBR1
4312,CBR3
4313,CBX6
4314,CCDC109B
4315,CCDC14
4316,CCDC170
4317,CCDC74A
4318,CCDC74B
4319,CCND1
4320,CCNO
4321,CCSAP
4322,CD151
4323,CD9
4324,CDC34
4325,CDC42EP2
4326,CDK18
4327,CDK2
4328,CDK4
4329,CDR2L
4330,CDT1
4331,CELSR2
4332,CENPI
4333,CERK
4334,CHAF1B
4335,CHM
4336,CHMP2B
4337,CHMP4C
4338,CHPF2
4339,CHRNA5
4340,CHST10
4341,CLCF1
4342,CLDN3
4343,CLIP2
4344,CLN6
4345,CMPK2
4346,CMTM8
4347,CMYA5
4348,CNTLN
4349,COCH
4350,COIL
4351,COMMD7
4352,CORO2A
4353,CPQ
4354,CPSF6
4355,CPT2
4356,CRAT
4357,CREG1
4358,CRIP1
4359,CSTF2
4360,CTNND2
4361,CTSF
4362,CTSL1
4363,CYP24A1
4364,CYP2S1
4365,CYP4F22
4366,DCP1B
4367,DDRGK1
4368,DDX12P
4369,DECR2
4370,DEPDC1
4371,DHCR7
4372,DHFR
4373,DIMT1
4374,DNAJA4
4375,DNAJC21
4376,DNAJC22
4377,DNAJC4
4378,DNASE1
4379,DNM1
4380,DPY19L2P1
4381,DPY19L2P2
4382,DRD1
4383,DSCC1
4384,DYNLRB2
4385,DYNLT3
4386,EBPL
4387,EEF1A2
4388,EEF1B2
4389,EFNA2
4390,EIF1AX
4391,EIF5A
4392,ENOSF1
4393,EPB41L4A
4394,EPHA7
4395,EPHX1
4396,EPN3
4397,ERBB2
4398,ERCC6L
4399,ERGIC3
4400,EVA1C
4401,EVL
4402,FA2H
4403,FAAH2
4404,FAIM
4405,FAM105A
4406,FAM122B
4407,FAM221A
4408,FAM47E-STBD1
4409,FAM50A
4410,FAM57A
4411,FAM58A
4412,FAM81A
4413,FANCL
4414,FBL
4415,FBXL3
4416,FGF18
4417,FGFRL1
4418,FHDC1
4419,FIGNL1
4420,FKBP4
4421,FLJ11235
4422,FLJ22184
4423,FLNA
4424,FLT3
4425,FLT3LG
4426,FMNL1
4427,FOXC1
4428,FOXC2
4429,FOXD3
4430,FPGT
4431,FREM2
4432,FSTL3
4433,FTSJ2
4434,FUT9
4435,FZD3
4436,FZD4
4437,FZD8
4438,G2E3
4439,GADD45G
4440,GAL
4441,GAS2L1
4442,GATA6
4443,GATS
4444,GDAP1
4445,GEMIN2
4446,GFOD2
4447,GINS1
4448,GJB2
4449,GJB3
4450,GLB1
4451,GLIS2
4452,GLMN
4453,GLRA3
4454,GNAO1
4455,GPC1
4456,GPR143
4457,GPR157
4458,GPR37
4459,GPRC5B
4460,GPRIN1
4461,GRHPR
4462,GRIK3
4463,HARS
4464,HAUS1
4465,HCK
4466,HEBP1
4467,HECTD3
4468,HENMT1
4469,HES6
4470,HIPK3
4471,HMBS
4472,HMGXB4
4473,HPRT1
4474,HSD17B6
4475,HSP90AA1
4476,HTATSF1
4477,HTR1E
4478,HTR7P1
4479,IFI35
4480,IGFBP4
4481,INHBB
4482,INTS2
4483,IPO7
4484,IRF5
4485,IRX2
4486,ITM2C
4487,KCNC4
4488,KCNJ3
4489,KCNK15
4490,KCNK5
4491,KCNK6
4492,KIAA1147
4493,KIAA1467
4494,KIAA1522
4495,KIAA1549
4496,KIAA1551
4497,KIF11
4498,KIF1C
4499,KIF26A
4500,KIF4A
4501,KIT
4502,KLHDC2
4503,KRT80
4504,LAMC3
4505,LCMT2
4506,LHX4
4507,LIMK2
4508,LIN7B
4509,LLPH
4510,LMAN1
4511,LONRF2
4512,LRFN3
4513,LRP4
4514,LRRC10B
4515,LSM12
4516,LXN
4517,LYPD1
4518,LYSMD2
4519,MAD2L2
4520,MAFB
4521,MAN2B2
4522,MAPT
4523,MARVELD3
4524,MBOAT1
4525,MED21
4526,MFSD10
4527,MGAT4B
4528,MGAT5B
4529,MICALL1
4530,MOCOS
4531,MOCS2
4532,MORC4
4533,MORN3
4534,MPP3
4535,MPZL2
4536,MRPL10
4537,MRPL17
4538,MRPL42
4539,MRPS23
4540,MSTO1
4541,MT1G
4542,MYADM
4543,MYBBP1A
4544,MYEOV2
4545,N6AMT2
4546,NAA16
4547,NAT8L
4548,NDUFS1
4549,NECAB1
4550,NEK4
4551,NEMF
4552,NENF
4553,NETO2
4554,NEURL1B
4555,NIT2
4556,NMD3
4557,NOSIP
4558,NPDC1
4559,NPY1R
4560,NPY5R
4561,NR2C2AP
4562,NRIP1
4563,NT5M
4564,NUDT1
4565,NUDT4
4566,NUDT4P1
4567,NUP160
4568,OAZ3
4569,OCLN
4570,OCRL
4571,OLFM1
4572,OR7E14P
4573,ORC1
4574,OVOL1
4575,P2RX4
4576,P2RX5
4577,P2RY2
4578,PAPD7
4579,PAQR3
4580,PBK
4581,PCGF2
4582,PCGF6
4583,PCSK1N
4584,PDCD2L
4585,PDGFA
4586,PDIA5
4587,PDK1
4588,PFDN2
4589,PGBD1
4590,PIEZO1
4591,PIGM
4592,PIP5K1C
4593,PLCB3
4594,PLEK2
4595,PLEKHH1
4596,PLIN5
4597,PLP2
4598,PLS1
4599,PLXNA3
4600,PLXNB2
4601,PNP
4602,PNPLA7
4603,PNPT1
4604,POC1B-GALNT4
4605,POLE2
4606,POLR2D
4607,POLR2K
4608,PPAP2B
4609,PPAP2C
4610,PPP1R8
4611,PPP2R5B
4612,PRDM6
4613,PREB
4614,PRIMA1
4615,PRPS2
4616,PRR15
4617,PRR15L
4618,PRRG4
4619,PRRT3
4620,PSD4
4621,PSMC3
4622,PSMD14
4623,PTRF
4624,PTS
4625,PVR
4626,PWP2
4627,PYCARD
4628,RAB20
4629,RAB26
4630,RAB36
4631,RAB6B
4632,RABL5
4633,RACGAP1
4634,RAD54B
4635,RAE1
4636,RAI1
4637,RASL11A
4638,RAVER2
4639,RBBP8NL
4640,RDH11
4641,RDM1
4642,REEP1
4643,RET
4644,RHOD
4645,RILP
4646,RIMS4
4647,RNF114
4648,RNF125
4649,ROPN1L
4650,RPP25
4651,RPRM
4652,RPS6KA1
4653,RPS6KB1
4654,RRN3
4655,RSAD2
4656,RUNDC1
4657,SARS
4658,SBK1
4659,SCARA3
4660,SCCPDH
4661,SCIN
4662,SCN1B
4663,SDC1
4664,SDK2
4665,SEC14L5
4666,SEMA3F
4667,SEMA4C
4668,SGCB
4669,SGSM1
4670,SGSM3
4671,SH3BGRL2
4672,SH3GL3
4673,SHMT1
4674,SIGIRR
4675,SIKE1
4676,SIX4
4677,SLC16A5
4678,SLC16A7
4679,SLC1A1
4680,SLC2A11
4681,SLC30A9
4682,SLC35C1
4683,SLC5A8
4684,SLC9A3R1
4685,SLK
4686,SMAD5
4687,SMC2
4688,SMIM3
4689,SMIM5
4690,SMPD4
4691,SNRNP35
4692,SNTA1
4693,SNW1
4694,SNX10
4695,SOCS3
4696,SOGA1
4697,SOX13
4698,SOX2
4699,SPICE1
4700,SPINT1
4701,SRPK1
4702,SSH3
4703,ST6GALNAC2
4704,STARD10
4705,STEAP1
4706,STRBP
4707,STX2
4708,SUGT1P3
4709,SULF2
4710,SULT2B1
4711,SYNC
4712,SYNE4
4713,SYNGR3
4714,TAF2
4715,TARBP1
4716,TBC1D8B
4717,TBX2
4718,TEAD4
4719,TEF
4720,TERF1
4721,TEX30
4722,TFDP1
4723,TFF3
4724,TFPI2
4725,THAP10
4726,THEM4
4727,THG1L
4728,TIMELESS
4729,TIMP1
4730,TMC5
4731,TMED8
4732,TMEM201
4733,TMEM38B
4734,TMEM54
4735,TMEM64
4736,TMPRSS4
4737,TMSB15B
4738,TMX1
4739,TNFAIP2
4740,TNFRSF21
4741,TNIP2
4742,TNPO1
4743,TOMM5
4744,TP53I11
4745,TRAF3
4746,TRIM65
4747,TRIM8
4748,TRMT10C
4749,TSPAN13
4750,TSPAN17
4751,TTC23L
4752,TTF1
4753,TTL
4754,TUBD1
4755,TXNDC17
4756,UAP1L1
4757,UBE2QL1
4758,UGGT2
4759,UNC5A
4760,UQCRFS1
4761,UTP6
4762,VASH1
4763,VASN
4764,VMA21
4765,VPS33B
4766,WDR3
4767,WDR5
4768,WIPI2
4769,WNT7B
4770,XIAP
4771,XK
4772,XKRX
4773,YBX2
4774,ZBED4
4775,ZBTB8A
4776,ZC3H8
4777,ZDHHC20
4778,ZIC2
4779,ZNF14
4780,ZNF212
4781,ZNF280C
4782,ZNF30
4783,ZNF354A
4784,ZNF396
4785,ZNF468
4786,ZNF488
4787,ZNF512B
4788,ZNF544
4789,ZNF600
4790,ZNF664
4791,ZNF703
4792,ZNF704
4793,ZNF710
4794,ZNF746
4795,ZNF784
4796,ZNF83
4797,ZNF833P
4798,ZNF836
4799,ABAT
4800,ACHE
4801,ACSF2
4802,ACSS1
4803,ADA
4804,ADAM11
4805,ADAP1
4806,ADRA2C
4807,AGFG1
4808,ANKRD42
4809,ARHGAP4
4810,ARL8A
4811,ARX
4812,ATP8B2
4813,B3GNT3
4814,B3GNT8
4815,B4GALNT3
4816,BATF2
4817,BEX4
4818,BLOC1S4
4819,C1QTNF6
4820,C5ORF55
4821,CA11
4822,CAPN5
4823,CCDC112
4824,CCDC120
4825,CCDC25
4826,CCT6P3
4827,CD276
4828,CEP72
4829,CKB
4830,CNIH2
4831,COX6C
4832,CRABP2
4833,CSNK2A2
4834,CXCL16
4835,DEPTOR
4836,DFFB
4837,DNAJC28
4838,DNAL4
4839,DPYSL4
4840,DUSP9
4841,EIF3G
4842,ENTPD3
4843,ESCO2
4844,ETHE1
4845,EXOC3
4846,EXOC7
4847,FAM109A
4848,FAM127A
4849,FAM134C
4850,FAM3A
4851,FAM65C
4852,FAM69B
4853,FAM83F
4854,FAM89B
4855,FBXL15
4856,FBXO2
4857,FBXO6
4858,FEZ1
4859,FGFR2
4860,FN3K
4861,FOXO4
4862,FOXO6
4863,FRS3
4864,FXYD5
4865,GALNT12
4866,GBGT1
4867,GDPD1
4868,GFRA3
4869,GGPS1
4870,GOLM1
4871,GPR133
4872,GPR68
4873,GRAMD4
4874,GRB7
4875,GSKIP
4876,GSTM4
4877,HDHD3
4878,HEATR3
4879,HES2
4880,HEY2
4881,HMGCL
4882,HMHA1
4883,HNRNPH1
4884,HRH3
4885,HSD3B7
4886,IDH3A
4887,IL1R1
4888,ITPA
4889,KCNQ4
4890,KDELR1
4891,KLHL13
4892,KLHL36
4893,KLK13
4894,KLRG2
4895,LAMB2
4896,LANCL1
4897,LDOC1L
4898,LEPREL2
4899,LIG3
4900,LIMD2
4901,LMO2
4902,LTBP3
4903,LYRM9
4904,MCF2L
4905,MED16
4906,MEX3A
4907,MFSD5
4908,MLF2
4909,MOGS
4910,MPG
4911,MPST
4912,MT1DP
4913,MXRA7
4914,MYD88
4915,MYO1C
4916,NDST1
4917,NECAB2
4918,NFRKB
4919,NOC2L
4920,NOV
4921,NRGN
4922,NT5DC2
4923,NYNRIN
4924,OCA2
4925,OGFR
4926,ORAI3
4927,PABPC4L
4928,PACSIN1
4929,PCDH1
4930,PCOLCE
4931,PDK4
4932,PEX6
4933,PHYH
4934,PLCXD1
4935,PLEKHM1P
4936,PLEKHM2
4937,PLEKHN1
4938,PLLP
4939,PMS2P5
4940,PNPLA3
4941,PODXL2
4942,POGLUT1
4943,POMT1
4944,PPP1R3G
4945,PSME3
4946,PTDSS2
4947,PTPRH
4948,PTTG1
4949,RAB11FIP4
4950,RAB15
4951,RAB37
4952,RAC3
4953,RAP2C
4954,RAPGEFL1
4955,RASL10A
4956,RENBP
4957,RFNG
4958,RPL7L1
4959,RPP25L
4960,SCRN2
4961,SERHL2
4962,SERTAD3
4963,SGSH
4964,SHC2
4965,SHISA5
4966,SLC12A7
4967,SLC25A17
4968,SLC26A11
4969,SLC2A10
4970,SLU7
4971,SMAGP
4972,SNORD1C
4973,SNX6
4974,SPIRE2
4975,SPNS2
4976,STX1A
4977,STXBP2
4978,SUN2
4979,SYT17
4980,SYTL4
4981,TEKT3
4982,TERT
4983,TGFB3
4984,TIMM23
4985,TMED3
4986,TMEM141
4987,TMSB15A
4988,TMTC2
4989,TRIM23
4990,TRPM4
4991,TSPO
4992,TWF2
4993,UBLCP1
4994,VAMP3
4995,VAT1
4996,VEGFB
4997,VILL
4998,WASH2P
4999,WDR47
5000,WIBG
5001,ZIC5
5002,ZNF229
5003,ZNF257
5004,ZNF259
5005,ZNF319
5006,ZNF423
5007,ZNF433
5008,ZNF467
5009,ZNF490
5010,ZNF641
5011,ZNF707
5012,ZNF813
5013,ZP3
5014,ABCD4
5015,AMMECR1L
5016,APOD
5017,ARHGAP36
5018,BCAM
5019,BEX2
5020,BZW1
5021,C3
5022,CA2
5023,CEACAM7
5024,CELF3
5025,CHRNB4
5026,CLDN9
5027,CXCR7
5028,DBF4B
5029,DBN1
5030,DDR1
5031,DGKZ
5032,DMBX1
5033,DNASE1L2
5034,EBNA1BP2
5035,EDA2R
5036,ELF3
5037,EPHA1
5038,ETV2
5039,FBP1
5040,FOXD2
5041,FURIN
5042,GINS2
5043,GM2A
5044,GPR114
5045,GPR137B
5046,HLA-L
5047,HPDL
5048,HSBP1L1
5049,HSD17B1
5050,IAH1
5051,IFI27L2
5052,IFI6
5053,IRX4
5054,JPH3
5055,KIF7
5056,KLHDC7B
5057,KLK6
5058,LCN2
5059,LOXL3
5060,LOXL4
5061,LPAR2
5062,LUZP6
5063,MAN2B1
5064,MAOB
5065,MARS
5066,MATK
5067,MGAT3
5068,MOCS1
5069,NCAPD3
5070,NCL
5071,NTN1
5072,OAS2
5073,OSBPL7
5074,PAPOLG
5075,PCSK2
5076,PFAS
5077,PFDN5
5078,PFKFB4
5079,PJA1
5080,PLCD1
5081,PLEKHB1
5082,PPP2R2C
5083,PRKD2
5084,PRSS8
5085,PSMB10
5086,RAB13
5087,RAB43
5088,RANBP1
5089,RGAG4
5090,RNF25
5091,RRP12
5092,RUNDC3A
5093,SAT2
5094,SHARPIN
5095,SLC19A1
5096,SLC2A3
5097,SLITRK4
5098,SNCAIP
5099,SNORA10
5100,SNORA43
5101,SNORA56
5102,SRMS
5103,STON1
5104,STON1-GTF2A1L
5105,SULT1A2
5106,SYTL1
5107,TJP3
5108,TMEM105
5109,TMEM125
5110,TMEM99
5111,TRIM6-TRIM34
5112,TSPAN31
5113,UBE3B
5114,WNT11
5115,WNT3A
5116,ZKSCAN4
5117,ZUFSP
5118,ALDH3B1
5119,ARHGDIG
5120,ARMCX4
5121,BLNK
5122,C10ORF10
5123,C15ORF48
5124,C2ORF44
5125,C2ORF50
5126,CAPS2
5127,CASP4
5128,CCDC22
5129,CLN8
5130,COPZ2
5131,CRB3
5132,DCTN3
5133,DHX58
5134,DPAGT1
5135,DSCR8
5136,EFHD1
5137,EID3
5138,EPHA3
5139,FAM169A
5140,FAM65A
5141,FBXO28
5142,FMO4
5143,GSTM1
5144,GSTT1
5145,IFITM1
5146,IFRD1
5147,ITGA2B
5148,ITGB7
5149,LDHD
5150,LFNG
5151,LGALS3BP
5152,LIPH
5153,LMX1B
5154,LRRD1
5155,MEIS3
5156,MT1X
5157,MUC3A
5158,OAS1
5159,PCTP
5160,PLEKHM1
5161,POLD4
5162,PPP4R4
5163,PSMC6
5164,PYROXD2
5165,RAB11FIP5
5166,RHBDF1
5167,RMI2
5168,S100P
5169,SELENBP1
5170,SELL
5171,SIDT1
5172,SLC25A23
5173,SMIM20
5174,SNORA39
5175,SSR2
5176,ST6GALNAC6
5177,STAT5A
5178,TLE2
5179,TMC4
5180,TNFRSF11B
5181,TNFSF12-TNFSF13
5182,TRIM21
5183,TUBAL3
5184,UHMK1
5185,VPS39
5186,ZNF222
5187,ITGA2
5188,A4GALT
5189,ABHD17C
5190,AGR3
5191,ALDH3B2
5192,AMPD2
5193,AMZ1
5194,ARHGEF5
5195,ATP13A3
5196,ATP6V1C2
5197,C1QBP
5198,C2ORF54
5199,C9ORF152
5200,CEACAM3
5201,CEACAM6
5202,CLDN4
5203,CPNE4
5204,CSTA
5205,CYP4B1
5206,CYP4F11
5207,DEF8
5208,DEGS2
5209,DHRS2
5210,DSCAM
5211,DUS2L
5212,EPHB3
5213,EPS8L1
5214,FAM84A
5215,FFAR2
5216,GABRP
5217,GINS3
5218,GPNMB
5219,GREB1
5220,HAUS7
5221,HSPB8
5222,KLHDC7A
5223,KRT23
5224,KRT83
5225,KRTAP3-1
5226,MGP
5227,MPHOSPH9
5228,MREG
5229,NBPF4
5230,OSGIN1
5231,P2RX2
5232,P2RY6
5233,PADI3
5234,PGLYRP2
5235,PIP
5236,POLE
5237,POR
5238,PPL
5239,PRR5
5240,PRSS22
5241,PTPRT
5242,RAI2
5243,RAMP3
5244,RBP7
5245,RGS22
5246,RLN2
5247,RNF19A
5248,SCNN1B
5249,SEMA4B
5250,SERPINA3
5251,SIGLEC15
5252,SLC16A14
5253,SLC22A18AS
5254,SLC39A4
5255,SMTNL2
5256,SOX3
5257,SRI
5258,SRPRB
5259,TBC1D3
5260,THOC5
5261,TMPRSS3
5262,UPK1A
5263,ZNF444
5264,ASB9
5265,BBC3
5266,CDH5
5267,GGCT
5268,IFIT2
5269,METTL6
5270,PCDH17
5271,SCARB1
5272,SNORA51
5273,SNORD23
5274,SNORD56
5275,SNORD70
5276,TEX15
5277,TMEM209
5278,TRIM34
5279,TYRP1
5280,A1BG
5281,AKR1C4
5282,ALDH3A1
5283,APCDD1
5284,APOL1
5285,ATP6V1B1
5286,BNIPL
5287,BPIFB1
5288,C1ORF112
5289,C1ORF95
5290,C5
5291,CAPN8
5292,CCDC64B
5293,CDK3
5294,CEACAM5
5295,COL2A1
5296,CPAMD8
5297,CRISP3
5298,CYGB
5299,CYP4Z2P
5300,ELF5
5301,FAM101B
5302,FAM110C
5303,FBN2
5304,GPAM
5305,GPX2
5306,GPX8
5307,GRAMD1A
5308,HCAR3
5309,IFI27
5310,KIAA1984
5311,KIF12
5312,KRT86
5313,LARP1
5314,LIN7A
5315,MCCC1
5316,MID2
5317,MYO19
5318,NUPR1
5319,PCP4
5320,PGAP3
5321,PTP4A1
5322,RNF39
5323,S100A16
5324,SEMA3E
5325,SFXN1
5326,SLC39A10
5327,SLC6A14
5328,SNORA60
5329,SNORA9
5330,SNORD19B
5331,SORBS3
5332,SPDEF
5333,SPSB3
5334,TAB3
5335,TMEM150C
5336,TMPRSS13
5337,TNFRSF10C
5338,TPBG
5339,TRIM5
5340,UGT2B15
5341,UGT2B17
5342,VIPR1
5343,CNKSR1
5344,FITM1
5345,GCC1
5346,TMEM229A
5347,TTC3P1
5348,ABCC13
5349,ADAMTS13
5350,AGRP
5351,ALOX15
5352,ANO1
5353,APOBEC3A
5354,APOL3
5355,ARTN
5356,ATG16L1
5357,ATP5G3
5358,AVIL
5359,BEST4
5360,C15ORF59
5361,C2ORF48
5362,CALML5
5363,CAPN11
5364,CAPN13
5365,CCDC47
5366,CCL28
5367,CCNJL
5368,CCT3
5369,CERS4
5370,CHD1
5371,CHID1
5372,CLEC4M
5373,COL9A2
5374,COPS5
5375,COX7A2L
5376,CPNE3
5377,CSPG5
5378,CTSH
5379,CXCL12
5380,CXCL17
5381,CYBB
5382,CYP2W1
5383,CYP51A1
5384,DDX5
5385,DGAT2
5386,DMKN
5387,DMXL1
5388,DNAJC9
5389,DPEP1
5390,EGFL7
5391,ELFN1
5392,EML1
5393,ENTPD1
5394,ETV3L
5395,F8A3
5396,FABP6
5397,FAM136BP
5398,FGD5
5399,FOXE3
5400,FOXN1
5401,GABRA3
5402,GMCL1P1
5403,GPR37L1
5404,GSG1L
5405,GSTK1
5406,HADHB
5407,HBS1L
5408,HMGCS2
5409,IGSF1
5410,IL20
5411,IL2RB
5412,INTS1
5413,IRF6
5414,KBTBD2
5415,KCTD2
5416,KDM6B
5417,KIFC3
5418,L1CAM
5419,LARP4
5420,LGALS9
5421,LINC00176
5422,LRP2
5423,MAG
5424,MAOA
5425,MGAT1
5426,MIER3
5427,MMEL1
5428,MRPL37
5429,MT1A
5430,MT1M
5431,NBPF10
5432,NBPF22P
5433,NDRG1
5434,NHP2L1
5435,NKAIN1
5436,NUP35
5437,PABPC3
5438,PALM3
5439,PDIA6
5440,PKD1L2
5441,PLK1
5442,PLXNA1
5443,PLXNA4
5444,PMM2
5445,PODXL
5446,PRX
5447,PTAFR
5448,PTH1R
5449,PTTG3P
5450,PYCR1
5451,RAB27B
5452,RAD1
5453,RAG2
5454,RAMP2
5455,RB1CC1
5456,RHCG
5457,SALL2
5458,SCAND1
5459,SCPEP1
5460,SECTM1
5461,SEMA6D
5462,SESN3
5463,SH3BP5L
5464,SLC14A1
5465,SLC26A10
5466,SLC27A5
5467,SLC39A13
5468,SLC44A4
5469,SLC7A8
5470,SNORD14D
5471,SNORD28
5472,SPC25
5473,SPINK4
5474,STAT6
5475,TBX4
5476,TCHHL1
5477,TCN1
5478,TEX264
5479,THNSL2
5480,TIAF1
5481,TMEM86A
5482,TNFSF10
5483,TNNI2
5484,TRIM63
5485,TSPAN1
5486,VBP1
5487,VIL1
5488,ZNF16
5489,ZNF268
5490,ZNF511
5491,ZNF595
5492,ZNF876P
5493,ACOT2
5494,CAMKK1
5495,CARD14
5496,CYP4Z1
5497,ELMO3
5498,FAM225B
5499,GEMIN4
5500,IGFL1
5501,RAB6C
5502,TPTE
5503,TSPAN6
5504,MT1E
5505,ACOX2
5506,DPYSL5
5507,IGDCC3
5508,NPC1L1
5509,TLDC1
5510,TNFRSF12A
5511,TOX3
5512,UPK3A
5513,CECR5
5514,AADAT
5515,ATP10B
5516,CD36
5517,CYP4F2
5518,DNAJB3
5519,IFIT1
5520,KAL1
5521,KLC4
5522,MTPAP
5523,MUM1L1
5524,NAP1L2
5525,POLR3G
5526,S1PR3
5527,SLC11A1
5528,SLC28A2
5529,SNURF
5530,SREK1
5531,USP30
5532,VAMP7
5533,ZNF155
5534,ZNF446
5535,CAPN6
5536,ERLIN1
5537,LDOC1
5538,PAQR7
5539,PGAM4
5540,PPIAL4B
5541,PPIAL4F
5542,PPIAL4G
5543,PROM2
5544,S100A8
5545,TUBGCP4
5546,ZMYM1
5547,ANXA8L1
5548,COLEC10
5549,DCX
5550,EFNB3
5551,FLT4
5552,FOLR1
5553,GLYATL1
5554,INTS8
5555,MPPED2
5556,MT1B
5557,OBP2B
5558,RBAK
5559,TMED7
5560,UBE2NL
5561,CHRNA3
5562,CREBZF
5563,EFCAB3
5564,NXT2
5565,PCDH11X
5566,PCDH11Y
5567,S100A7A
5568,SELE
5569,ANGEL1
5570,CYP1A2
5571,FGF12
5572,HLA-A
5573,HYLS1
5574,KLK10
5575,SHANK3
5576,CAPS
5577,ZDHHC22
5578,HIST2H2AA4
5579,INPP5J
5580,PGAM5
5581,S100A14
5582,ZNF90
5583,DMRTC1
5584,GSTM2
5585,INSL3
5586,TUB
5587,ASB8
5588,WNT8B
5589,CEACAM1
5590,ECHS1
5591,KAAG1
5592,NRK
5593,VAT1L
5594,ZFP62
5595,FGD3
5596,FPGS
5597,PDIA2
5598,BCMO1
5599,CCDC89
5600,CEACAM8
5601,FAM149A
5602,FOXD4L2
5603,FOXD4L4
5604,PLA2G10
5605,FLRT3
5606,TMEM139
5607,DNTT
5608,PXMP2
5609,CGREF1
5610,KRT85
5611,LGALS9C
5612,MLST8
5613,SPAM1
5614,ZNF211
5615,ALPK3
5616,ATP6V0A4
5617,C9ORF47
5618,KRT20
5619,STRC
5620,ZNF492
5621,ZNF98
5622,DMRTA1
5623,SYCP3
5624,ADPGK
5625,ARMCX2
5626,PLEKHS1
5627,UBD
5628,QTRTD1
5629,ZNF185
5630,AMTN
5631,FAM72A
5632,GLYATL2
5633,POU5F1B
5634,TRPC6
5635,CATSPER2
5636,ERP27
5637,MOB2
5638,SPERT
5639,TFF2
5640,UGT1A1
5641,UGT1A10
5642,UGT1A3
5643,UGT1A4
5644,UGT1A5
5645,UGT1A7
5646,UGT1A8
5647,UGT1A9
5648,GSTA1
5649,GTF2H2
5650,FAM166A
5651,ZNF732
5652,SMN1
5653,TCEAL6
5654,AGR2
5655,CHST8
5656,FAM21B
5657,OASL
5658,ADORA2A
5659,C8ORF33
5660,GPR115
5661,LCTL
5662,SVOPL
5663,SHISA2
5664,TTYH1
5665,SEMA4A
5666,TMEM63C
5667,TBC1D3F
5668,THOC3
5669,TMEM8A
5670,ZNF26
5671,ACRV1
5672,CBWD1
5673,CBWD6
5674,MTFR1L
5675,TCL1A
5676,CASP14
5677,DNASE2B
5678,GPRC5C
5679,HMGN2P46
5680,SNORA17
5681,SPSB2
5682,TRIM54
5683,AURKAPS1
5684,DDX56
5685,MMP9
5686,SNORA15
5687,AIM1L
5688,CA4
5689,FER1L4
5690,HIST1H2BE
5691,HNRNPA1P33
5692,MVB12B
5693,SFTPD
5694,SNORD63
5695,TBC1D3P1-DHX40P1
5696,DIRC3
5697,FAM225A
5698,FCGRT
5699,GALR2
5700,HLA-J
5701,NPM1P22
5702,TSPAN16
5703,LGALS3
5704,NMRAL1
5705,PA2G4P4
5706,SNORD20
5707,MT1H
5708,MT1JP
5709,GSTA5
5710,IL27
5711,TPRN
5712,ABCB4
5713,KLC3
5714,SEPT3
5715,SH3YL1
5716,ATP4A
5717,CFC1
5718,CHAD
5719,CHMP2A
5720,MAGED4
5721,MC1R
5722,NCF1
5723,OMP
5724,PNMA6A
5725,PRDX4
5726,S100A7
5727,SERPINA4
5728,SIRT7
5729,SMN2
5730,SPRR3
5731,TSSK2
5732,HIST2H2BA
5733,HSP90AB3P
5734,SNORA75
5735,SNORD14C
