0	0	0.0
0	1	1.0
0	3	1.0
0	4	1.0
0	5	1.0
0	6	1.0
0	7	1.0
0	8	1.0
0	10	1.0
0	12	1.0
0	13	1.0
0	15	1.0
0	16	1.0
0	22	1.0
0	23	1.0
0	25	1.0
0	26	1.0
0	32	1.0
0	36	1.0
0	47	1.0
0	48	1.0
0	49	1.0
0	50	1.0
0	52	1.0
0	53	1.0
0	54	1.0
0	55	1.0
0	56	1.0
0	63	1.0
0	64	1.0
0	89	1.0
0	94	1.0
0	96	1.0
0	97	1.0
0	98	1.0
0	101	1.0
0	103	1.0
0	106	1.0
0	107	1.0
0	109	1.0
0	111	1.0
0	113	1.0
0	116	1.0
0	119	1.0
0	121	1.0
0	123	1.0
0	124	1.0
0	125	1.0
0	126	1.0
0	127	1.0
0	131	1.0
0	135	1.0
0	136	1.0
0	138	1.0
0	141	1.0
0	146	1.0
0	149	1.0
0	151	1.0
0	157	1.0
0	159	1.0
0	160	1.0
1	1	0.0
2	2	0.0
3	4	1.0
3	3	0.0
4	2	1.0
4	5	1.0
4	8	1.0
4	18	1.0
4	36	1.0
4	67	1.0
4	69	1.0
4	94	1.0
4	100	1.0
4	104	1.0
4	114	1.0
4	137	1.0
4	139	1.0
4	157	1.0
4	159	1.0
4	4	0.0
5	5	0.0
6	17	1.0
6	21	1.0
6	66	1.0
6	96	1.0
6	97	1.0
6	103	1.0
6	114	1.0
6	125	1.0
6	130	1.0
6	136	1.0
6	142	1.0
6	159	1.0
6	6	0.0
7	5	1.0
7	13	1.0
7	20	1.0
7	21	1.0
7	26	1.0
7	29	1.0
7	44	1.0
7	66	1.0
7	67	1.0
7	73	1.0
7	86	1.0
7	96	1.0
7	97	1.0
7	98	1.0
7	111	1.0
7	114	1.0
7	115	1.0
7	129	1.0
7	137	1.0
7	138	1.0
7	145	1.0
7	7	0.0
8	8	0.0
8	9	1.0
8	14	1.0
8	17	1.0
8	35	1.0
8	36	1.0
8	37	1.0
8	67	1.0
8	69	1.0
8	94	1.0
8	96	1.0
8	100	1.0
8	103	1.0
8	115	1.0
8	130	1.0
8	140	1.0
8	141	1.0
8	146	1.0
8	157	1.0
9	3	1.0
9	5	1.0
9	7	1.0
9	8	1.0
9	9	0.0
9	18	1.0
9	19	1.0
9	21	1.0
9	27	1.0
9	29	1.0
9	67	1.0
9	103	1.0
9	133	1.0
9	136	1.0
9	137	1.0
9	139	1.0
9	140	1.0
9	141	1.0
9	142	1.0
9	147	1.0
9	148	1.0
9	150	1.0
9	155	1.0
9	159	1.0
10	10	0.0
11	11	0.0
12	1	1.0
12	2	1.0
12	3	1.0
12	5	1.0
12	7	1.0
12	8	1.0
12	9	1.0
12	11	1.0
12	12	0.0
12	13	1.0
12	14	1.0
12	16	1.0
12	18	1.0
12	19	1.0
12	20	1.0
12	21	1.0
12	24	1.0
12	25	1.0
12	26	1.0
12	27	1.0
12	29	1.0
12	33	1.0
12	36	1.0
12	44	1.0
12	51	1.0
12	57	1.0
12	58	1.0
12	66	1.0
12	67	1.0
12	69	1.0
12	73	1.0
12	86	1.0
12	94	1.0
12	95	1.0
12	96	1.0
12	97	1.0
12	98	1.0
12	100	1.0
12	103	1.0
12	108	1.0
12	110	1.0
12	111	1.0
12	113	1.0
12	114	1.0
12	115	1.0
12	118	1.0
12	120	1.0
12	126	1.0
12	129	1.0
12	130	1.0
12	133	1.0
12	136	1.0
12	137	1.0
12	138	1.0
12	139	1.0
12	140	1.0
12	141	1.0
12	142	1.0
12	143	1.0
12	144	1.0
12	145	1.0
12	148	1.0
12	150	1.0
12	152	1.0
12	153	1.0
12	155	1.0
12	157	1.0
12	159	1.0
12	160	1.0
12	161	1.0
13	13	0.0
14	0	1.0
14	1	1.0
14	2	1.0
14	3	1.0
14	5	1.0
14	7	1.0
14	8	1.0
14	9	1.0
14	10	1.0
14	11	1.0
14	12	1.0
14	13	1.0
14	14	0.0
14	15	1.0
14	16	1.0
14	17	1.0
14	18	1.0
14	19	1.0
14	20	1.0
14	21	1.0
14	24	1.0
14	25	1.0
14	26	1.0
14	27	1.0
14	29	1.0
14	33	1.0
14	35	1.0
14	36	1.0
14	37	1.0
14	44	1.0
14	66	1.0
14	67	1.0
14	69	1.0
14	86	1.0
14	94	1.0
14	95	1.0
14	100	1.0
14	102	1.0
14	103	1.0
14	104	1.0
14	105	1.0
14	108	1.0
14	109	1.0
14	110	1.0
14	111	1.0
14	113	1.0
14	114	1.0
14	115	1.0
14	119	1.0
14	121	1.0
14	123	1.0
14	124	1.0
14	126	1.0
14	129	1.0
14	130	1.0
14	133	1.0
14	135	1.0
14	136	1.0
14	137	1.0
14	138	1.0
14	139	1.0
14	141	1.0
14	142	1.0
14	143	1.0
14	144	1.0
14	145	1.0
14	147	1.0
14	148	1.0
14	150	1.0
14	152	1.0
14	153	1.0
14	155	1.0
14	156	1.0
14	157	1.0
14	158	1.0
14	159	1.0
14	161	1.0
15	9	1.0
15	15	0.0
16	9	1.0
16	14	1.0
16	16	0.0
17	1	1.0
17	2	1.0
17	3	1.0
17	5	1.0
17	7	1.0
17	8	1.0
17	9	1.0
17	10	1.0
17	11	1.0
17	12	1.0
17	13	1.0
17	14	1.0
17	15	1.0
17	16	1.0
17	17	0.0
17	18	1.0
17	20	1.0
17	21	1.0
17	24	1.0
17	25	1.0
17	26	1.0
17	29	1.0
17	30	1.0
17	31	1.0
17	33	1.0
17	35	1.0
17	36	1.0
17	44	1.0
17	51	1.0
17	66	1.0
17	67	1.0
17	69	1.0
17	86	1.0
17	94	1.0
17	95	1.0
17	96	1.0
17	98	1.0
17	99	1.0
17	103	1.0
17	104	1.0
17	105	1.0
17	108	1.0
17	109	1.0
17	110	1.0
17	111	1.0
17	113	1.0
17	114	1.0
17	115	1.0
17	116	1.0
17	117	1.0
17	118	1.0
17	119	1.0
17	123	1.0
17	125	1.0
17	126	1.0
17	129	1.0
17	130	1.0
17	133	1.0
17	136	1.0
17	137	1.0
17	139	1.0
17	140	1.0
17	141	1.0
17	142	1.0
17	143	1.0
17	144	1.0
17	145	1.0
17	147	1.0
17	148	1.0
17	150	1.0
17	152	1.0
17	153	1.0
17	155	1.0
17	157	1.0
17	158	1.0
17	159	1.0
17	160	1.0
17	161	1.0
18	18	0.0
19	1	1.0
19	2	1.0
19	3	1.0
19	4	1.0
19	5	1.0
19	7	1.0
19	8	1.0
19	10	1.0
19	11	1.0
19	12	1.0
19	13	1.0
19	14	1.0
19	17	1.0
19	19	0.0
19	20	1.0
19	21	1.0
19	24	1.0
19	25	1.0
19	26	1.0
19	27	1.0
19	29	1.0
19	30	1.0
19	31	1.0
19	33	1.0
19	35	1.0
19	36	1.0
19	44	1.0
19	66	1.0
19	67	1.0
19	69	1.0
19	71	1.0
19	72	1.0
19	86	1.0
19	94	1.0
19	95	1.0
19	96	1.0
19	97	1.0
19	98	1.0
19	99	1.0
19	103	1.0
19	104	1.0
19	108	1.0
19	109	1.0
19	111	1.0
19	113	1.0
19	114	1.0
19	115	1.0
19	116	1.0
19	117	1.0
19	118	1.0
19	119	1.0
19	120	1.0
19	121	1.0
19	122	1.0
19	123	1.0
19	124	1.0
19	126	1.0
19	128	1.0
19	129	1.0
19	130	1.0
19	133	1.0
19	136	1.0
19	137	1.0
19	138	1.0
19	140	1.0
19	141	1.0
19	142	1.0
19	143	1.0
19	144	1.0
19	145	1.0
19	146	1.0
19	148	1.0
19	152	1.0
19	153	1.0
19	154	1.0
19	155	1.0
19	157	1.0
19	158	1.0
19	159	1.0
19	160	1.0
20	1	1.0
20	2	1.0
20	3	1.0
20	5	1.0
20	6	1.0
20	7	1.0
20	8	1.0
20	9	1.0
20	10	1.0
20	11	1.0
20	12	1.0
20	13	1.0
20	14	1.0
20	15	1.0
20	16	1.0
20	17	1.0
20	18	1.0
20	19	1.0
20	20	0.0
20	21	1.0
20	24	1.0
20	25	1.0
20	26	1.0
20	27	1.0
20	29	1.0
20	31	1.0
20	33	1.0
20	35	1.0
20	36	1.0
20	44	1.0
20	51	1.0
20	66	1.0
20	67	1.0
20	69	1.0
20	86	1.0
20	93	1.0
20	94	1.0
20	95	1.0
20	96	1.0
20	97	1.0
20	98	1.0
20	99	1.0
20	100	1.0
20	103	1.0
20	104	1.0
20	105	1.0
20	108	1.0
20	109	1.0
20	110	1.0
20	111	1.0
20	113	1.0
20	114	1.0
20	115	1.0
20	116	1.0
20	117	1.0
20	119	1.0
20	120	1.0
20	121	1.0
20	123	1.0
20	125	1.0
20	126	1.0
20	129	1.0
20	130	1.0
20	133	1.0
20	135	1.0
20	136	1.0
20	137	1.0
20	138	1.0
20	139	1.0
20	140	1.0
20	141	1.0
20	142	1.0
20	143	1.0
20	144	1.0
20	145	1.0
20	146	1.0
20	148	1.0
20	150	1.0
20	152	1.0
20	153	1.0
20	155	1.0
20	157	1.0
20	158	1.0
20	159	1.0
20	160	1.0
20	161	1.0
21	2	1.0
21	5	1.0
21	7	1.0
21	8	1.0
21	11	1.0
21	19	1.0
21	21	0.0
21	27	1.0
21	29	1.0
21	86	1.0
21	97	1.0
21	100	1.0
21	111	1.0
21	113	1.0
21	114	1.0
21	115	1.0
21	133	1.0
21	136	1.0
21	141	1.0
21	142	1.0
21	145	1.0
21	148	1.0
21	150	1.0
21	152	1.0
21	159	1.0
22	22	0.0
23	1	1.0
23	6	1.0
23	8	1.0
23	14	1.0
23	15	1.0
23	17	1.0
23	18	1.0
23	22	1.0
23	23	0.0
23	27	1.0
23	28	1.0
23	31	1.0
23	35	1.0
23	36	1.0
23	96	1.0
23	109	1.0
23	110	1.0
23	111	1.0
23	122	1.0
23	124	1.0
23	127	1.0
23	128	1.0
23	135	1.0
23	147	1.0
23	153	1.0
24	24	0.0
25	25	0.0
26	26	0.0
27	3	1.0
27	5	1.0
27	8	1.0
27	9	1.0
27	12	1.0
27	14	1.0
27	16	1.0
27	17	1.0
27	19	1.0
27	25	1.0
27	26	1.0
27	31	1.0
27	35	1.0
27	36	1.0
27	45	1.0
27	51	1.0
27	65	1.0
27	66	1.0
27	67	1.0
27	69	1.0
27	93	1.0
27	94	1.0
27	97	1.0
27	98	1.0
27	100	1.0
27	102	1.0
27	103	1.0
27	104	1.0
27	108	1.0
27	113	1.0
27	114	1.0
27	118	1.0
27	122	1.0
27	130	1.0
27	134	1.0
27	138	1.0
27	140	1.0
27	141	1.0
27	142	1.0
27	145	1.0
27	150	1.0
27	157	1.0
27	159	1.0
27	27	0.0
28	1	1.0
28	2	1.0
28	3	1.0
28	6	1.0
28	7	1.0
28	8	1.0
28	9	1.0
28	10	1.0
28	12	1.0
28	16	1.0
28	21	1.0
28	27	1.0
28	28	0.0
28	29	1.0
28	31	1.0
28	35	1.0
28	36	1.0
28	37	1.0
28	44	1.0
28	51	1.0
28	66	1.0
28	67	1.0
28	85	1.0
28	86	1.0
28	96	1.0
28	97	1.0
28	98	1.0
28	101	1.0
28	102	1.0
28	103	1.0
28	104	1.0
28	108	1.0
28	109	1.0
28	111	1.0
28	114	1.0
28	115	1.0
28	119	1.0
28	122	1.0
28	124	1.0
28	125	1.0
28	126	1.0
28	127	1.0
28	128	1.0
28	129	1.0
28	130	1.0
28	133	1.0
28	135	1.0
28	137	1.0
28	138	1.0
28	140	1.0
28	142	1.0
28	146	1.0
28	147	1.0
28	148	1.0
28	150	1.0
28	155	1.0
28	159	1.0
29	2	1.0
29	3	1.0
29	5	1.0
29	7	1.0
29	9	1.0
29	10	1.0
29	11	1.0
29	12	1.0
29	13	1.0
29	16	1.0
29	18	1.0
29	21	1.0
29	25	1.0
29	26	1.0
29	29	0.0
29	33	1.0
29	40	1.0
29	44	1.0
29	66	1.0
29	67	1.0
29	86	1.0
29	97	1.0
29	98	1.0
29	104	1.0
29	108	1.0
29	113	1.0
29	114	1.0
29	115	1.0
29	123	1.0
29	124	1.0
29	126	1.0
29	133	1.0
29	136	1.0
29	138	1.0
29	140	1.0
29	141	1.0
29	142	1.0
29	143	1.0
29	145	1.0
29	147	1.0
29	148	1.0
29	150	1.0
29	152	1.0
29	155	1.0
29	157	1.0
29	159	1.0
29	160	1.0
29	161	1.0
30	1	1.0
30	2	1.0
30	3	1.0
30	4	1.0
30	5	1.0
30	6	1.0
30	7	1.0
30	8	1.0
30	10	1.0
30	11	1.0
30	12	1.0
30	13	1.0
30	14	1.0
30	15	1.0
30	16	1.0
30	17	1.0
30	19	1.0
30	20	1.0
30	21	1.0
30	22	1.0
30	23	1.0
30	25	1.0
30	26	1.0
30	27	1.0
30	28	1.0
30	30	0.0
30	33	1.0
30	35	1.0
30	36	1.0
30	67	1.0
30	93	1.0
30	95	1.0
30	96	1.0
30	97	1.0
30	98	1.0
30	100	1.0
30	102	1.0
30	105	1.0
30	106	1.0
30	107	1.0
30	108	1.0
30	109	1.0
30	110	1.0
30	111	1.0
30	115	1.0
30	123	1.0
30	124	1.0
30	125	1.0
30	127	1.0
30	128	1.0
30	131	1.0
30	132	1.0
30	133	1.0
30	134	1.0
30	135	1.0
30	137	1.0
30	138	1.0
30	139	1.0
30	140	1.0
30	148	1.0
30	149	1.0
30	152	1.0
30	155	1.0
30	160	1.0
31	1	1.0
31	6	1.0
31	8	1.0
31	9	1.0
31	10	1.0
31	12	1.0
31	15	1.0
31	16	1.0
31	20	1.0
31	21	1.0
31	22	1.0
31	27	1.0
31	28	1.0
31	29	1.0
31	31	0.0
31	35	1.0
31	66	1.0
31	86	1.0
31	96	1.0
31	97	1.0
31	98	1.0
31	101	1.0
31	109	1.0
31	110	1.0
31	111	1.0
31	114	1.0
31	115	1.0
31	119	1.0
31	122	1.0
31	124	1.0
31	126	1.0
31	127	1.0
31	129	1.0
31	134	1.0
31	135	1.0
31	140	1.0
31	142	1.0
31	146	1.0
31	147	1.0
31	148	1.0
31	150	1.0
31	152	1.0
31	157	1.0
32	32	0.0
33	1	1.0
33	3	1.0
33	5	1.0
33	7	1.0
33	11	1.0
33	12	1.0
33	16	1.0
33	18	1.0
33	19	1.0
33	20	1.0
33	21	1.0
33	25	1.0
33	26	1.0
33	27	1.0
33	29	1.0
33	35	1.0
33	37	1.0
33	51	1.0
33	66	1.0
33	67	1.0
33	69	1.0
33	86	1.0
33	97	1.0
33	98	1.0
33	111	1.0
33	113	1.0
33	114	1.0
33	115	1.0
33	119	1.0
33	130	1.0
33	135	1.0
33	137	1.0
33	138	1.0
33	140	1.0
33	142	1.0
33	145	1.0
33	152	1.0
33	157	1.0
33	159	1.0
33	33	0.0
34	1	1.0
34	2	1.0
34	3	1.0
34	5	1.0
34	7	1.0
34	8	1.0
34	9	1.0
34	10	1.0
34	11	1.0
34	12	1.0
34	14	1.0
34	16	1.0
34	17	1.0
34	18	1.0
34	19	1.0
34	20	1.0
34	21	1.0
34	24	1.0
34	25	1.0
34	26	1.0
34	27	1.0
34	29	1.0
34	31	1.0
34	33	1.0
34	35	1.0
34	36	1.0
34	44	1.0
34	51	1.0
34	57	1.0
34	58	1.0
34	66	1.0
34	67	1.0
34	69	1.0
34	73	1.0
34	86	1.0
34	94	1.0
34	95	1.0
34	96	1.0
34	97	1.0
34	98	1.0
34	102	1.0
34	104	1.0
34	105	1.0
34	108	1.0
34	110	1.0
34	111	1.0
34	113	1.0
34	114	1.0
34	115	1.0
34	119	1.0
34	120	1.0
34	123	1.0
34	124	1.0
34	126	1.0
34	129	1.0
34	130	1.0
34	133	1.0
34	135	1.0
34	136	1.0
34	137	1.0
34	138	1.0
34	140	1.0
34	141	1.0
34	142	1.0
34	146	1.0
34	148	1.0
34	150	1.0
34	152	1.0
34	153	1.0
34	155	1.0
34	157	1.0
34	159	1.0
34	160	1.0
34	161	1.0
34	34	0.0
35	35	0.0
36	8	1.0
36	97	1.0
36	98	1.0
36	112	1.0
36	36	0.0
37	37	0.0
38	147	1.0
38	38	0.0
39	12	1.0
39	13	1.0
39	14	1.0
39	15	1.0
39	16	1.0
39	21	1.0
39	22	1.0
39	23	1.0
39	28	1.0
39	36	1.0
39	95	1.0
39	100	1.0
39	107	1.0
39	119	1.0
39	121	1.0
39	123	1.0
39	126	1.0
39	129	1.0
39	138	1.0
39	142	1.0
39	144	1.0
39	149	1.0
39	158	1.0
39	160	1.0
39	39	0.0
40	4	1.0
40	12	1.0
40	15	1.0
40	17	1.0
40	24	1.0
40	33	1.0
40	104	1.0
40	117	1.0
40	131	1.0
40	132	1.0
40	139	1.0
40	142	1.0
40	151	1.0
40	152	1.0
40	154	1.0
40	40	0.0
41	1	1.0
41	28	1.0
41	104	1.0
41	106	1.0
41	118	1.0
41	41	0.0
42	7	1.0
42	16	1.0
42	27	1.0
42	107	1.0
42	116	1.0
42	120	1.0
42	125	1.0
42	142	1.0
42	158	1.0
42	42	0.0
43	13	1.0
43	23	1.0
43	100	1.0
43	140	1.0
43	142	1.0
43	157	1.0
43	159	1.0
43	43	0.0
44	95	1.0
44	132	1.0
44	140	1.0
44	44	0.0
45	25	1.0
45	100	1.0
45	108	1.0
45	136	1.0
45	154	1.0
45	45	0.0
46	4	1.0
46	9	1.0
46	17	1.0
46	25	1.0
46	29	1.0
46	106	1.0
46	111	1.0
46	123	1.0
46	138	1.0
46	141	1.0
46	156	1.0
46	46	0.0
47	36	1.0
47	154	1.0
47	47	0.0
48	12	1.0
48	13	1.0
48	14	1.0
48	15	1.0
48	16	1.0
48	21	1.0
48	22	1.0
48	23	1.0
48	26	1.0
48	28	1.0
48	36	1.0
48	95	1.0
48	100	1.0
48	107	1.0
48	116	1.0
48	119	1.0
48	121	1.0
48	123	1.0
48	126	1.0
48	129	1.0
48	138	1.0
48	142	1.0
48	144	1.0
48	149	1.0
48	158	1.0
48	160	1.0
48	48	0.0
49	23	1.0
49	30	1.0
49	101	1.0
49	106	1.0
49	133	1.0
49	142	1.0
49	49	0.0
50	0	1.0
50	1	1.0
50	12	1.0
50	21	1.0
50	23	1.0
50	29	1.0
50	36	1.0
50	94	1.0
50	96	1.0
50	106	1.0
50	139	1.0
50	145	1.0
50	50	0.0
51	98	1.0
51	117	1.0
51	120	1.0
51	51	0.0
52	2	1.0
52	12	1.0
52	23	1.0
52	29	1.0
52	36	1.0
52	37	1.0
52	106	1.0
52	107	1.0
52	113	1.0
52	116	1.0
52	119	1.0
52	122	1.0
52	123	1.0
52	125	1.0
52	130	1.0
52	131	1.0
52	133	1.0
52	141	1.0
52	144	1.0
52	150	1.0
52	151	1.0
52	155	1.0
52	52	0.0
53	13	1.0
53	27	1.0
53	29	1.0
53	102	1.0
53	121	1.0
53	131	1.0
53	53	0.0
54	13	1.0
54	27	1.0
54	29	1.0
54	102	1.0
54	121	1.0
54	131	1.0
54	54	0.0
55	26	1.0
55	109	1.0
55	118	1.0
55	119	1.0
55	120	1.0
55	131	1.0
55	146	1.0
55	55	0.0
56	3	1.0
56	12	1.0
56	13	1.0
56	14	1.0
56	15	1.0
56	16	1.0
56	21	1.0
56	22	1.0
56	23	1.0
56	26	1.0
56	28	1.0
56	36	1.0
56	95	1.0
56	100	1.0
56	107	1.0
56	116	1.0
56	119	1.0
56	121	1.0
56	123	1.0
56	126	1.0
56	129	1.0
56	131	1.0
56	138	1.0
56	142	1.0
56	144	1.0
56	149	1.0
56	158	1.0
56	160	1.0
56	56	0.0
57	10	1.0
57	13	1.0
57	23	1.0
57	25	1.0
57	107	1.0
57	113	1.0
57	123	1.0
57	126	1.0
57	133	1.0
57	140	1.0
57	146	1.0
57	150	1.0
57	151	1.0
57	155	1.0
57	57	0.0
58	13	1.0
58	21	1.0
58	146	1.0
58	58	0.0
59	10	1.0
59	12	1.0
59	13	1.0
59	16	1.0
59	19	1.0
59	23	1.0
59	26	1.0
59	30	1.0
59	95	1.0
59	97	1.0
59	101	1.0
59	105	1.0
59	106	1.0
59	107	1.0
59	109	1.0
59	116	1.0
59	126	1.0
59	138	1.0
59	141	1.0
59	145	1.0
59	151	1.0
59	153	1.0
59	155	1.0
59	59	0.0
60	60	0.0
61	146	1.0
61	61	0.0
62	3	1.0
62	7	1.0
62	8	1.0
62	12	1.0
62	13	1.0
62	15	1.0
62	19	1.0
62	22	1.0
62	23	1.0
62	26	1.0
62	30	1.0
62	32	1.0
62	37	1.0
62	100	1.0
62	101	1.0
62	106	1.0
62	122	1.0
62	144	1.0
62	145	1.0
62	146	1.0
62	147	1.0
62	151	1.0
62	158	1.0
62	159	1.0
62	62	0.0
63	126	1.0
63	63	0.0
64	3	1.0
64	7	1.0
64	8	1.0
64	12	1.0
64	13	1.0
64	15	1.0
64	19	1.0
64	22	1.0
64	23	1.0
64	26	1.0
64	30	1.0
64	32	1.0
64	37	1.0
64	100	1.0
64	101	1.0
64	106	1.0
64	122	1.0
64	144	1.0
64	145	1.0
64	146	1.0
64	147	1.0
64	151	1.0
64	158	1.0
64	159	1.0
64	64	0.0
65	12	1.0
65	16	1.0
65	17	1.0
65	23	1.0
65	107	1.0
65	113	1.0
65	146	1.0
65	65	0.0
66	12	1.0
66	13	1.0
66	15	1.0
66	16	1.0
66	21	1.0
66	33	1.0
66	98	1.0
66	100	1.0
66	102	1.0
66	103	1.0
66	117	1.0
66	119	1.0
66	123	1.0
66	128	1.0
66	66	0.0
67	1	1.0
67	24	1.0
67	96	1.0
67	99	1.0
67	103	1.0
67	108	1.0
67	67	0.0
68	7	1.0
68	13	1.0
68	20	1.0
68	21	1.0
68	22	1.0
68	29	1.0
68	36	1.0
68	106	1.0
68	123	1.0
68	125	1.0
68	135	1.0
68	136	1.0
68	138	1.0
68	144	1.0
68	158	1.0
68	68	0.0
69	97	1.0
69	136	1.0
69	69	0.0
70	4	1.0
70	12	1.0
70	17	1.0
70	19	1.0
70	31	1.0
70	36	1.0
70	106	1.0
70	107	1.0
70	113	1.0
70	131	1.0
70	151	1.0
70	70	0.0
71	24	1.0
71	102	1.0
71	106	1.0
71	127	1.0
71	140	1.0
71	71	0.0
72	4	1.0
72	113	1.0
72	72	0.0
73	25	1.0
73	34	1.0
73	111	1.0
73	118	1.0
73	120	1.0
73	146	1.0
73	73	0.0
74	9	1.0
74	108	1.0
74	140	1.0
74	74	0.0
75	13	1.0
75	16	1.0
75	17	1.0
75	36	1.0
75	106	1.0
75	118	1.0
75	131	1.0
75	144	1.0
75	75	0.0
76	7	1.0
76	21	1.0
76	76	0.0
77	77	0.0
78	78	0.0
79	79	0.0
80	80	0.0
81	4	1.0
81	12	1.0
81	13	1.0
81	17	1.0
81	20	1.0
81	23	1.0
81	34	1.0
81	102	1.0
81	105	1.0
81	107	1.0
81	125	1.0
81	130	1.0
81	135	1.0
81	138	1.0
81	144	1.0
81	146	1.0
81	151	1.0
81	158	1.0
81	159	1.0
81	81	0.0
82	2	1.0
82	3	1.0
82	7	1.0
82	8	1.0
82	12	1.0
82	13	1.0
82	15	1.0
82	21	1.0
82	22	1.0
82	27	1.0
82	31	1.0
82	33	1.0
82	34	1.0
82	36	1.0
82	101	1.0
82	102	1.0
82	109	1.0
82	116	1.0
82	118	1.0
82	119	1.0
82	120	1.0
82	122	1.0
82	123	1.0
82	126	1.0
82	127	1.0
82	136	1.0
82	138	1.0
82	144	1.0
82	146	1.0
82	151	1.0
82	155	1.0
82	156	1.0
82	158	1.0
82	82	0.0
83	1	1.0
83	2	1.0
83	7	1.0
83	24	1.0
83	29	1.0
83	32	1.0
83	100	1.0
83	105	1.0
83	118	1.0
83	122	1.0
83	137	1.0
83	147	1.0
83	151	1.0
83	83	0.0
84	22	1.0
84	29	1.0
84	102	1.0
84	106	1.0
84	116	1.0
84	128	1.0
84	144	1.0
84	84	0.0
85	3	1.0
85	12	1.0
85	13	1.0
85	16	1.0
85	28	1.0
85	96	1.0
85	106	1.0
85	133	1.0
85	135	1.0
85	140	1.0
85	151	1.0
85	156	1.0
85	85	0.0
86	106	1.0
86	113	1.0
86	118	1.0
86	127	1.0
86	131	1.0
86	138	1.0
86	144	1.0
86	150	1.0
86	157	1.0
86	86	0.0
87	1	1.0
87	4	1.0
87	9	1.0
87	10	1.0
87	15	1.0
87	24	1.0
87	28	1.0
87	33	1.0
87	97	1.0
87	99	1.0
87	104	1.0
87	113	1.0
87	116	1.0
87	117	1.0
87	118	1.0
87	123	1.0
87	125	1.0
87	127	1.0
87	128	1.0
87	133	1.0
87	135	1.0
87	145	1.0
87	149	1.0
87	153	1.0
87	160	1.0
87	87	0.0
88	4	1.0
88	13	1.0
88	21	1.0
88	27	1.0
88	94	1.0
88	113	1.0
88	116	1.0
88	121	1.0
88	123	1.0
88	125	1.0
88	141	1.0
88	144	1.0
88	146	1.0
88	157	1.0
88	88	0.0
89	10	1.0
89	12	1.0
89	13	1.0
89	16	1.0
89	19	1.0
89	23	1.0
89	26	1.0
89	30	1.0
89	95	1.0
89	97	1.0
89	101	1.0
89	105	1.0
89	107	1.0
89	109	1.0
89	116	1.0
89	126	1.0
89	138	1.0
89	145	1.0
89	151	1.0
89	153	1.0
89	155	1.0
89	89	0.0
90	2	1.0
90	36	1.0
90	131	1.0
90	142	1.0
90	90	0.0
91	12	1.0
91	13	1.0
91	14	1.0
91	15	1.0
91	16	1.0
91	21	1.0
91	22	1.0
91	23	1.0
91	28	1.0
91	36	1.0
91	95	1.0
91	100	1.0
91	107	1.0
91	109	1.0
91	116	1.0
91	119	1.0
91	121	1.0
91	123	1.0
91	126	1.0
91	129	1.0
91	138	1.0
91	142	1.0
91	144	1.0
91	149	1.0
91	158	1.0
91	160	1.0
91	91	0.0
92	13	1.0
92	14	1.0
92	92	0.0
93	0	1.0
93	1	1.0
93	2	1.0
93	7	1.0
93	8	1.0
93	9	1.0
93	13	1.0
93	18	1.0
93	23	1.0
93	25	1.0
93	29	1.0
93	35	1.0
93	94	1.0
93	102	1.0
93	104	1.0
93	106	1.0
93	109	1.0
93	118	1.0
93	122	1.0
93	123	1.0
93	138	1.0
93	146	1.0
93	93	0.0
94	94	0.0
95	1	1.0
95	3	1.0
95	5	1.0
95	7	1.0
95	8	1.0
95	9	1.0
95	11	1.0
95	12	1.0
95	14	1.0
95	15	1.0
95	16	1.0
95	18	1.0
95	19	1.0
95	20	1.0
95	21	1.0
95	24	1.0
95	25	1.0
95	26	1.0
95	29	1.0
95	35	1.0
95	36	1.0
95	44	1.0
95	51	1.0
95	66	1.0
95	67	1.0
95	69	1.0
95	86	1.0
95	94	1.0
95	95	0.0
95	96	1.0
95	97	1.0
95	100	1.0
95	103	1.0
95	108	1.0
95	110	1.0
95	111	1.0
95	113	1.0
95	118	1.0
95	119	1.0
95	120	1.0
95	129	1.0
95	133	1.0
95	136	1.0
95	137	1.0
95	138	1.0
95	140	1.0
95	141	1.0
95	142	1.0
95	143	1.0
95	146	1.0
95	148	1.0
95	152	1.0
95	155	1.0
95	157	1.0
95	159	1.0
96	96	0.0
97	1	1.0
97	5	1.0
97	8	1.0
97	17	1.0
97	31	1.0
97	66	1.0
97	93	1.0
97	97	0.0
97	103	1.0
97	104	1.0
97	114	1.0
97	122	1.0
97	123	1.0
97	134	1.0
97	135	1.0
97	139	1.0
97	142	1.0
97	150	1.0
97	155	1.0
97	159	1.0
98	3	1.0
98	5	1.0
98	7	1.0
98	9	1.0
98	11	1.0
98	16	1.0
98	20	1.0
98	24	1.0
98	25	1.0
98	27	1.0
98	29	1.0
98	35	1.0
98	51	1.0
98	66	1.0
98	96	1.0
98	97	1.0
98	98	0.0
98	103	1.0
98	104	1.0
98	111	1.0
98	114	1.0
98	133	1.0
98	135	1.0
98	136	1.0
98	139	1.0
98	140	1.0
98	142	1.0
98	150	1.0
98	152	1.0
98	159	1.0
99	5	1.0
99	16	1.0
99	27	1.0
99	86	1.0
99	97	1.0
99	98	1.0
99	111	1.0
99	142	1.0
99	159	1.0
99	99	0.0
100	100	0.0
101	101	0.0
102	102	0.0
103	3	1.0
103	11	1.0
103	27	1.0
103	38	1.0
103	39	1.0
103	57	1.0
103	58	1.0
103	59	1.0
103	60	1.0
103	86	1.0
103	90	1.0
103	91	1.0
103	104	1.0
103	114	1.0
103	119	1.0
103	141	1.0
103	154	1.0
103	103	0.0
104	104	0.0
105	3	1.0
105	8	1.0
105	9	1.0
105	11	1.0
105	16	1.0
105	17	1.0
105	27	1.0
105	38	1.0
105	39	1.0
105	51	1.0
105	57	1.0
105	58	1.0
105	59	1.0
105	60	1.0
105	66	1.0
105	67	1.0
105	86	1.0
105	89	1.0
105	90	1.0
105	91	1.0
105	104	1.0
105	111	1.0
105	113	1.0
105	114	1.0
105	115	1.0
105	119	1.0
105	140	1.0
105	141	1.0
105	154	1.0
105	159	1.0
105	105	0.0
106	5	1.0
106	20	1.0
106	21	1.0
106	26	1.0
106	29	1.0
106	44	1.0
106	66	1.0
106	86	1.0
106	96	1.0
106	97	1.0
106	114	1.0
106	119	1.0
106	129	1.0
106	159	1.0
106	106	0.0
107	107	0.0
108	108	0.0
109	109	0.0
110	109	1.0
110	110	0.0
111	0	1.0
111	1	1.0
111	2	1.0
111	3	1.0
111	5	1.0
111	6	1.0
111	7	1.0
111	8	1.0
111	9	1.0
111	10	1.0
111	11	1.0
111	12	1.0
111	13	1.0
111	14	1.0
111	15	1.0
111	16	1.0
111	17	1.0
111	18	1.0
111	19	1.0
111	20	1.0
111	21	1.0
111	24	1.0
111	25	1.0
111	26	1.0
111	27	1.0
111	28	1.0
111	29	1.0
111	30	1.0
111	31	1.0
111	33	1.0
111	35	1.0
111	36	1.0
111	37	1.0
111	43	1.0
111	44	1.0
111	45	1.0
111	51	1.0
111	57	1.0
111	58	1.0
111	66	1.0
111	67	1.0
111	69	1.0
111	86	1.0
111	94	1.0
111	95	1.0
111	96	1.0
111	97	1.0
111	98	1.0
111	99	1.0
111	100	1.0
111	103	1.0
111	104	1.0
111	105	1.0
111	108	1.0
111	109	1.0
111	110	1.0
111	111	0.0
111	113	1.0
111	114	1.0
111	115	1.0
111	117	1.0
111	119	1.0
111	120	1.0
111	121	1.0
111	124	1.0
111	125	1.0
111	126	1.0
111	127	1.0
111	128	1.0
111	129	1.0
111	130	1.0
111	133	1.0
111	134	1.0
111	136	1.0
111	137	1.0
111	138	1.0
111	139	1.0
111	140	1.0
111	141	1.0
111	142	1.0
111	143	1.0
111	144	1.0
111	145	1.0
111	146	1.0
111	147	1.0
111	148	1.0
111	150	1.0
111	152	1.0
111	153	1.0
111	155	1.0
111	157	1.0
111	158	1.0
111	159	1.0
111	160	1.0
111	161	1.0
112	112	0.0
113	3	1.0
113	5	1.0
113	9	1.0
113	12	1.0
113	14	1.0
113	16	1.0
113	26	1.0
113	35	1.0
113	36	1.0
113	51	1.0
113	67	1.0
113	94	1.0
113	97	1.0
113	100	1.0
113	108	1.0
113	113	0.0
113	118	1.0
113	130	1.0
113	138	1.0
113	140	1.0
113	141	1.0
113	142	1.0
113	144	1.0
113	145	1.0
113	148	1.0
113	155	1.0
113	157	1.0
113	159	1.0
114	111	1.0
114	114	0.0
115	115	0.0
116	116	0.0
117	117	0.0
118	118	0.0
119	119	0.0
120	120	0.0
121	1	1.0
121	3	1.0
121	5	1.0
121	7	1.0
121	9	1.0
121	12	1.0
121	13	1.0
121	18	1.0
121	19	1.0
121	20	1.0
121	24	1.0
121	25	1.0
121	35	1.0
121	36	1.0
121	44	1.0
121	66	1.0
121	67	1.0
121	85	1.0
121	94	1.0
121	95	1.0
121	96	1.0
121	98	1.0
121	102	1.0
121	108	1.0
121	111	1.0
121	113	1.0
121	121	0.0
121	132	1.0
121	138	1.0
121	141	1.0
121	142	1.0
121	144	1.0
121	153	1.0
121	157	1.0
121	159	1.0
122	23	1.0
122	25	1.0
122	122	0.0
123	123	0.0
124	150	1.0
124	124	0.0
125	111	1.0
125	125	0.0
126	5	1.0
126	8	1.0
126	9	1.0
126	10	1.0
126	12	1.0
126	13	1.0
126	14	1.0
126	15	1.0
126	16	1.0
126	18	1.0
126	19	1.0
126	21	1.0
126	22	1.0
126	24	1.0
126	25	1.0
126	26	1.0
126	27	1.0
126	30	1.0
126	31	1.0
126	33	1.0
126	35	1.0
126	36	1.0
126	37	1.0
126	43	1.0
126	45	1.0
126	57	1.0
126	58	1.0
126	66	1.0
126	69	1.0
126	86	1.0
126	93	1.0
126	95	1.0
126	96	1.0
126	97	1.0
126	98	1.0
126	103	1.0
126	104	1.0
126	108	1.0
126	111	1.0
126	114	1.0
126	115	1.0
126	116	1.0
126	119	1.0
126	121	1.0
126	124	1.0
126	125	1.0
126	127	1.0
126	128	1.0
126	129	1.0
126	131	1.0
126	134	1.0
126	135	1.0
126	138	1.0
126	140	1.0
126	142	1.0
126	146	1.0
126	150	1.0
126	151	1.0
126	153	1.0
126	154	1.0
126	155	1.0
126	158	1.0
126	160	1.0
126	126	0.0
127	135	1.0
127	127	0.0
128	128	0.0
129	129	0.0
130	1	1.0
130	2	1.0
130	3	1.0
130	5	1.0
130	7	1.0
130	8	1.0
130	9	1.0
130	11	1.0
130	12	1.0
130	13	1.0
130	14	1.0
130	16	1.0
130	17	1.0
130	18	1.0
130	19	1.0
130	21	1.0
130	27	1.0
130	29	1.0
130	33	1.0
130	35	1.0
130	36	1.0
130	44	1.0
130	51	1.0
130	57	1.0
130	58	1.0
130	67	1.0
130	86	1.0
130	94	1.0
130	95	1.0
130	97	1.0
130	98	1.0
130	102	1.0
130	103	1.0
130	104	1.0
130	108	1.0
130	113	1.0
130	114	1.0
130	115	1.0
130	125	1.0
130	129	1.0
130	130	0.0
130	132	1.0
130	133	1.0
130	134	1.0
130	137	1.0
130	139	1.0
130	140	1.0
130	141	1.0
130	142	1.0
130	145	1.0
130	146	1.0
130	148	1.0
130	152	1.0
130	155	1.0
130	159	1.0
131	23	1.0
131	131	0.0
132	1	1.0
132	3	1.0
132	5	1.0
132	8	1.0
132	9	1.0
132	10	1.0
132	12	1.0
132	13	1.0
132	14	1.0
132	16	1.0
132	20	1.0
132	21	1.0
132	24	1.0
132	26	1.0
132	29	1.0
132	36	1.0
132	44	1.0
132	51	1.0
132	57	1.0
132	58	1.0
132	66	1.0
132	67	1.0
132	69	1.0
132	73	1.0
132	86	1.0
132	96	1.0
132	97	1.0
132	98	1.0
132	99	1.0
132	100	1.0
132	102	1.0
132	110	1.0
132	113	1.0
132	114	1.0
132	129	1.0
132	130	1.0
132	132	0.0
132	133	1.0
132	137	1.0
132	138	1.0
132	139	1.0
132	140	1.0
132	141	1.0
132	142	1.0
132	146	1.0
132	152	1.0
132	155	1.0
132	159	1.0
133	133	0.0
134	134	0.0
135	135	0.0
136	11	1.0
136	15	1.0
136	19	1.0
136	25	1.0
136	37	1.0
136	67	1.0
136	97	1.0
136	129	1.0
136	133	1.0
136	135	1.0
136	137	1.0
136	142	1.0
136	147	1.0
136	136	0.0
137	1	1.0
137	8	1.0
137	10	1.0
137	12	1.0
137	13	1.0
137	14	1.0
137	17	1.0
137	18	1.0
137	20	1.0
137	21	1.0
137	22	1.0
137	24	1.0
137	25	1.0
137	27	1.0
137	29	1.0
137	31	1.0
137	36	1.0
137	37	1.0
137	45	1.0
137	57	1.0
137	58	1.0
137	66	1.0
137	69	1.0
137	73	1.0
137	95	1.0
137	96	1.0
137	98	1.0
137	100	1.0
137	103	1.0
137	104	1.0
137	105	1.0
137	108	1.0
137	111	1.0
137	114	1.0
137	115	1.0
137	118	1.0
137	119	1.0
137	124	1.0
137	125	1.0
137	129	1.0
137	135	1.0
137	138	1.0
137	139	1.0
137	140	1.0
137	142	1.0
137	146	1.0
137	150	1.0
137	153	1.0
137	155	1.0
137	158	1.0
137	137	0.0
138	138	0.0
139	8	1.0
139	16	1.0
139	18	1.0
139	36	1.0
139	51	1.0
139	67	1.0
139	86	1.0
139	100	1.0
139	139	0.0
140	3	1.0
140	7	1.0
140	9	1.0
140	11	1.0
140	12	1.0
140	13	1.0
140	18	1.0
140	19	1.0
140	20	1.0
140	21	1.0
140	24	1.0
140	25	1.0
140	26	1.0
140	27	1.0
140	29	1.0
140	36	1.0
140	37	1.0
140	44	1.0
140	66	1.0
140	67	1.0
140	86	1.0
140	96	1.0
140	97	1.0
140	98	1.0
140	108	1.0
140	109	1.0
140	111	1.0
140	113	1.0
140	114	1.0
140	115	1.0
140	119	1.0
140	126	1.0
140	129	1.0
140	136	1.0
140	138	1.0
140	140	0.0
140	141	1.0
140	142	1.0
140	148	1.0
140	152	1.0
140	155	1.0
140	159	1.0
141	20	1.0
141	95	1.0
141	96	1.0
141	141	0.0
141	142	1.0
141	152	1.0
142	1	1.0
142	3	1.0
142	7	1.0
142	8	1.0
142	9	1.0
142	11	1.0
142	18	1.0
142	20	1.0
142	23	1.0
142	25	1.0
142	26	1.0
142	27	1.0
142	35	1.0
142	36	1.0
142	37	1.0
142	65	1.0
142	66	1.0
142	86	1.0
142	95	1.0
142	96	1.0
142	97	1.0
142	98	1.0
142	100	1.0
142	103	1.0
142	111	1.0
142	113	1.0
142	114	1.0
142	119	1.0
142	126	1.0
142	130	1.0
142	131	1.0
142	133	1.0
142	134	1.0
142	135	1.0
142	136	1.0
142	137	1.0
142	138	1.0
142	141	1.0
142	142	0.0
142	145	1.0
142	147	1.0
142	148	1.0
142	150	1.0
143	142	1.0
143	159	1.0
143	143	0.0
144	37	1.0
144	118	1.0
144	144	0.0
145	0	1.0
145	1	1.0
145	2	1.0
145	3	1.0
145	5	1.0
145	6	1.0
145	7	1.0
145	8	1.0
145	9	1.0
145	10	1.0
145	11	1.0
145	12	1.0
145	13	1.0
145	14	1.0
145	15	1.0
145	16	1.0
145	17	1.0
145	18	1.0
145	19	1.0
145	20	1.0
145	21	1.0
145	24	1.0
145	25	1.0
145	26	1.0
145	27	1.0
145	29	1.0
145	33	1.0
145	35	1.0
145	36	1.0
145	44	1.0
145	51	1.0
145	66	1.0
145	67	1.0
145	69	1.0
145	86	1.0
145	94	1.0
145	95	1.0
145	96	1.0
145	97	1.0
145	98	1.0
145	99	1.0
145	100	1.0
145	103	1.0
145	104	1.0
145	105	1.0
145	108	1.0
145	109	1.0
145	110	1.0
145	111	1.0
145	113	1.0
145	114	1.0
145	115	1.0
145	118	1.0
145	119	1.0
145	120	1.0
145	121	1.0
145	122	1.0
145	125	1.0
145	126	1.0
145	129	1.0
145	130	1.0
145	133	1.0
145	134	1.0
145	135	1.0
145	136	1.0
145	137	1.0
145	138	1.0
145	139	1.0
145	140	1.0
145	141	1.0
145	142	1.0
145	143	1.0
145	144	1.0
145	145	0.0
145	146	1.0
145	147	1.0
145	148	1.0
145	150	1.0
145	152	1.0
145	153	1.0
145	155	1.0
145	157	1.0
145	158	1.0
145	159	1.0
145	160	1.0
146	111	1.0
146	146	0.0
147	3	1.0
147	8	1.0
147	12	1.0
147	15	1.0
147	20	1.0
147	23	1.0
147	28	1.0
147	66	1.0
147	95	1.0
147	100	1.0
147	104	1.0
147	111	1.0
147	112	1.0
147	113	1.0
147	115	1.0
147	119	1.0
147	127	1.0
147	128	1.0
147	129	1.0
147	132	1.0
147	135	1.0
147	137	1.0
147	138	1.0
147	140	1.0
147	148	1.0
147	151	1.0
147	147	0.0
148	18	1.0
148	19	1.0
148	26	1.0
148	35	1.0
148	86	1.0
148	113	1.0
148	133	1.0
148	136	1.0
148	143	1.0
148	148	0.0
148	150	1.0
148	152	1.0
148	157	1.0
148	158	1.0
149	149	0.0
150	0	1.0
150	4	1.0
150	111	1.0
150	150	0.0
150	153	1.0
150	159	1.0
151	94	1.0
151	123	1.0
151	154	1.0
151	151	0.0
152	1	1.0
152	2	1.0
152	3	1.0
152	5	1.0
152	6	1.0
152	7	1.0
152	8	1.0
152	10	1.0
152	12	1.0
152	14	1.0
152	16	1.0
152	17	1.0
152	19	1.0
152	20	1.0
152	21	1.0
152	24	1.0
152	25	1.0
152	26	1.0
152	27	1.0
152	29	1.0
152	31	1.0
152	35	1.0
152	36	1.0
152	37	1.0
152	44	1.0
152	66	1.0
152	67	1.0
152	69	1.0
152	86	1.0
152	94	1.0
152	95	1.0
152	97	1.0
152	98	1.0
152	100	1.0
152	102	1.0
152	103	1.0
152	104	1.0
152	108	1.0
152	109	1.0
152	111	1.0
152	113	1.0
152	114	1.0
152	115	1.0
152	125	1.0
152	128	1.0
152	130	1.0
152	131	1.0
152	137	1.0
152	138	1.0
152	139	1.0
152	141	1.0
152	142	1.0
152	144	1.0
152	145	1.0
152	146	1.0
152	148	1.0
152	150	1.0
152	153	1.0
152	155	1.0
152	157	1.0
152	159	1.0
152	160	1.0
152	152	0.0
153	0	1.0
153	1	1.0
153	2	1.0
153	3	1.0
153	5	1.0
153	6	1.0
153	7	1.0
153	8	1.0
153	10	1.0
153	14	1.0
153	17	1.0
153	19	1.0
153	24	1.0
153	25	1.0
153	29	1.0
153	36	1.0
153	37	1.0
153	44	1.0
153	45	1.0
153	66	1.0
153	67	1.0
153	69	1.0
153	73	1.0
153	94	1.0
153	98	1.0
153	100	1.0
153	103	1.0
153	104	1.0
153	108	1.0
153	109	1.0
153	113	1.0
153	114	1.0
153	115	1.0
153	125	1.0
153	130	1.0
153	136	1.0
153	137	1.0
153	139	1.0
153	141	1.0
153	142	1.0
153	145	1.0
153	152	1.0
153	153	0.0
153	157	1.0
153	159	1.0
153	160	1.0
154	154	0.0
155	6	1.0
155	7	1.0
155	11	1.0
155	12	1.0
155	20	1.0
155	29	1.0
155	67	1.0
155	97	1.0
155	98	1.0
155	114	1.0
155	150	1.0
155	159	1.0
155	155	0.0
156	156	0.0
157	0	1.0
157	4	1.0
157	7	1.0
157	9	1.0
157	14	1.0
157	15	1.0
157	16	1.0
157	20	1.0
157	22	1.0
157	23	1.0
157	24	1.0
157	25	1.0
157	30	1.0
157	33	1.0
157	34	1.0
157	95	1.0
157	96	1.0
157	97	1.0
157	101	1.0
157	102	1.0
157	103	1.0
157	106	1.0
157	108	1.0
157	115	1.0
157	117	1.0
157	118	1.0
157	121	1.0
157	123	1.0
157	125	1.0
157	127	1.0
157	128	1.0
157	129	1.0
157	135	1.0
157	139	1.0
157	152	1.0
157	156	1.0
157	157	0.0
158	3	1.0
158	5	1.0
158	7	1.0
158	8	1.0
158	18	1.0
158	19	1.0
158	20	1.0
158	21	1.0
158	66	1.0
158	73	1.0
158	86	1.0
158	103	1.0
158	133	1.0
158	136	1.0
158	140	1.0
158	142	1.0
158	148	1.0
158	150	1.0
158	155	1.0
158	161	1.0
158	158	0.0
159	3	1.0
159	5	1.0
159	7	1.0
159	9	1.0
159	10	1.0
159	13	1.0
159	20	1.0
159	21	1.0
159	29	1.0
159	31	1.0
159	33	1.0
159	44	1.0
159	67	1.0
159	69	1.0
159	97	1.0
159	99	1.0
159	108	1.0
159	111	1.0
159	113	1.0
159	114	1.0
159	115	1.0
159	119	1.0
159	127	1.0
159	129	1.0
159	130	1.0
159	133	1.0
159	140	1.0
159	141	1.0
159	144	1.0
159	145	1.0
159	148	1.0
159	150	1.0
159	152	1.0
159	153	1.0
159	155	1.0
159	157	1.0
159	158	1.0
159	159	0.0
159	160	1.0
159	161	1.0
160	160	0.0
161	161	0.0
