0	1	1.0
0	40	1.0
0	9	1.0
0	56	1.0
0	143	1.0
0	51	1.0
0	5	1.0
0	7	1.0
1	7	1.0
1	9	1.0
2	3	1.0
2	9	1.0
2	88	1.0
2	7	1.0
3	7	1.0
3	9	1.0
3	88	1.0
4	5	1.0
4	51	1.0
4	40	1.0
4	9	1.0
4	397	1.0
4	7	1.0
4	162	1.0
4	1	1.0
4	385	1.0
5	51	1.0
5	9	1.0
5	1	1.0
5	7	1.0
6	7	1.0
6	9	1.0
6	171	1.0
6	88	1.0
6	116	1.0
6	38	1.0
8	9	1.0
8	7	1.0
8	26	1.0
8	337	1.0
8	196	1.0
8	281	1.0
9	7	1.0
10	11	1.0
10	9	1.0
10	182	1.0
10	85	1.0
10	498	1.0
10	88	1.0
10	70	1.0
10	7	1.0
11	7	1.0
11	9	1.0
11	88	1.0
12	7	1.0
12	159	1.0
12	88	1.0
12	9	1.0
12	70	1.0
12	11	1.0
12	85	1.0
13	1	1.0
13	40	1.0
13	7	1.0
13	5	1.0
13	176	1.0
13	9	1.0
13	51	1.0
14	5	1.0
14	51	1.0
14	1	1.0
14	9	1.0
14	313	1.0
14	7	1.0
15	9	1.0
15	3	1.0
15	88	1.0
15	544	1.0
15	7	1.0
16	7	1.0
16	53	1.0
16	70	1.0
16	498	1.0
16	88	1.0
16	85	1.0
16	9	1.0
16	11	1.0
16	182	1.0
17	18	1.0
17	9	1.0
17	124	1.0
17	677	1.0
17	7	1.0
18	7	1.0
18	9	1.0
19	9	1.0
19	116	1.0
19	88	1.0
19	171	1.0
19	439	1.0
19	7	1.0
20	21	1.0
20	9	1.0
20	180	1.0
20	7	1.0
21	9	1.0
21	7	1.0
22	9	1.0
22	88	1.0
22	85	1.0
22	11	1.0
22	216	1.0
22	70	1.0
22	7	1.0
23	24	1.0
23	104	1.0
23	105	1.0
23	1	1.0
23	7	1.0
23	427	1.0
23	9	1.0
23	98	1.0
24	9	1.0
24	7	1.0
24	1	1.0
25	26	1.0
25	350	1.0
25	7	1.0
25	9	1.0
26	7	1.0
26	9	1.0
27	9	1.0
27	7	1.0
27	194	1.0
27	88	1.0
28	7	1.0
28	21	1.0
28	9	1.0
29	21	1.0
29	185	1.0
29	9	1.0
29	7	1.0
30	7	1.0
30	5	1.0
30	939	1.0
30	51	1.0
30	9	1.0
30	40	1.0
30	1	1.0
31	1	1.0
31	487	1.0
31	9	1.0
31	105	1.0
31	24	1.0
31	7	1.0
31	467	1.0
32	33	1.0
32	21	1.0
32	7	1.0
32	9	1.0
33	7	1.0
33	21	1.0
33	9	1.0
34	35	1.0
34	75	1.0
34	7	1.0
34	181	1.0
34	508	1.0
34	77	1.0
34	9	1.0
35	9	1.0
35	75	1.0
35	181	1.0
35	508	1.0
35	7	1.0
35	77	1.0
36	7	1.0
36	24	1.0
36	1	1.0
36	9	1.0
36	105	1.0
36	98	1.0
37	38	1.0
37	171	1.0
37	88	1.0
37	7	1.0
37	116	1.0
37	9	1.0
38	7	1.0
38	116	1.0
38	88	1.0
38	171	1.0
38	9	1.0
39	40	1.0
39	9	1.0
39	7	1.0
39	5	1.0
39	1	1.0
39	51	1.0
39	562	1.0
40	5	1.0
40	1	1.0
40	9	1.0
40	51	1.0
40	7	1.0
41	7	1.0
41	1	1.0
41	98	1.0
41	24	1.0
41	9	1.0
41	105	1.0
42	43	1.0
42	26	1.0
42	9	1.0
42	281	1.0
42	7	1.0
43	7	1.0
43	26	1.0
43	281	1.0
43	9	1.0
44	45	1.0
44	7	1.0
44	192	1.0
44	9	1.0
44	73	1.0
45	7	1.0
45	192	1.0
45	9	1.0
45	73	1.0
46	47	1.0
46	9	1.0
46	7	1.0
46	98	1.0
46	105	1.0
46	24	1.0
46	1	1.0
47	24	1.0
47	7	1.0
47	9	1.0
47	105	1.0
47	1	1.0
47	98	1.0
48	21	1.0
48	7	1.0
48	185	1.0
48	9	1.0
48	608	1.0
49	7	1.0
49	112	1.0
49	9	1.0
49	114	1.0
50	51	1.0
50	40	1.0
50	7	1.0
50	246	1.0
50	385	1.0
50	5	1.0
50	162	1.0
50	9	1.0
50	1	1.0
51	1	1.0
51	7	1.0
51	9	1.0
52	7	1.0
52	9	1.0
52	26	1.0
52	25	1.0
52	350	1.0
53	7	1.0
53	11	1.0
53	85	1.0
53	498	1.0
53	9	1.0
53	70	1.0
53	88	1.0
53	182	1.0
54	9	1.0
54	1	1.0
54	7	1.0
54	312	1.0
54	51	1.0
55	56	1.0
55	40	1.0
55	51	1.0
55	7	1.0
55	1	1.0
55	9	1.0
55	5	1.0
56	51	1.0
56	1	1.0
56	5	1.0
56	9	1.0
56	7	1.0
56	40	1.0
57	1	1.0
57	7	1.0
57	104	1.0
57	98	1.0
57	9	1.0
57	427	1.0
57	24	1.0
57	105	1.0
58	9	1.0
58	485	1.0
58	7	1.0
58	112	1.0
59	60	1.0
59	7	1.0
59	9	1.0
59	88	1.0
59	171	1.0
60	9	1.0
60	88	1.0
60	171	1.0
60	7	1.0
61	9	1.0
61	78	1.0
61	7	1.0
61	181	1.0
61	75	1.0
61	508	1.0
62	63	1.0
62	9	1.0
62	7	1.0
63	7	1.0
63	9	1.0
64	11	1.0
64	70	1.0
64	9	1.0
64	7	1.0
64	216	1.0
64	88	1.0
64	85	1.0
65	9	1.0
65	88	1.0
65	7	1.0
65	116	1.0
65	171	1.0
65	38	1.0
66	67	1.0
66	75	1.0
66	7	1.0
66	357	1.0
66	126	1.0
66	9	1.0
67	9	1.0
67	7	1.0
67	75	1.0
68	9	1.0
68	7	1.0
68	21	1.0
69	70	1.0
69	11	1.0
69	9	1.0
69	7	1.0
69	88	1.0
70	7	1.0
70	9	1.0
70	11	1.0
70	88	1.0
71	1	1.0
71	5	1.0
71	51	1.0
71	176	1.0
71	13	1.0
71	9	1.0
71	7	1.0
71	40	1.0
72	73	1.0
72	1092	1.0
72	7	1.0
72	9	1.0
72	192	1.0
73	192	1.0
73	7	1.0
73	9	1.0
74	3	1.0
74	88	1.0
74	650	1.0
74	7	1.0
74	9	1.0
74	127	1.0
75	7	1.0
75	9	1.0
76	77	1.0
76	181	1.0
76	75	1.0
76	681	1.0
76	508	1.0
76	9	1.0
76	7	1.0
77	508	1.0
77	75	1.0
77	181	1.0
77	7	1.0
77	9	1.0
78	9	1.0
78	508	1.0
78	181	1.0
78	75	1.0
78	7	1.0
79	11	1.0
79	70	1.0
79	10	1.0
79	182	1.0
79	88	1.0
79	498	1.0
79	85	1.0
79	7	1.0
79	9	1.0
80	9	1.0
80	98	1.0
80	105	1.0
80	24	1.0
80	1	1.0
80	206	1.0
80	7	1.0
81	82	1.0
81	9	1.0
81	21	1.0
81	7	1.0
82	7	1.0
82	9	1.0
82	21	1.0
83	1	1.0
83	7	1.0
83	105	1.0
83	427	1.0
83	9	1.0
83	98	1.0
83	24	1.0
84	85	1.0
84	9	1.0
84	7	1.0
84	216	1.0
84	88	1.0
84	11	1.0
84	70	1.0
85	88	1.0
85	9	1.0
85	70	1.0
85	7	1.0
85	11	1.0
86	9	1.0
86	26	1.0
86	281	1.0
86	7	1.0
87	88	1.0
87	70	1.0
87	11	1.0
87	7	1.0
87	9	1.0
88	9	1.0
88	7	1.0
89	7	1.0
89	21	1.0
89	185	1.0
89	9	1.0
90	9	1.0
90	7	1.0
90	88	1.0
90	584	1.0
91	7	1.0
91	11	1.0
91	629	1.0
91	9	1.0
91	88	1.0
92	93	1.0
92	116	1.0
92	171	1.0
92	9	1.0
92	88	1.0
92	38	1.0
92	7	1.0
93	7	1.0
93	9	1.0
93	171	1.0
93	116	1.0
93	88	1.0
93	38	1.0
94	95	1.0
94	9	1.0
94	3	1.0
94	7	1.0
94	88	1.0
95	88	1.0
95	7	1.0
95	3	1.0
95	9	1.0
96	85	1.0
96	11	1.0
96	216	1.0
96	7	1.0
96	88	1.0
96	9	1.0
96	70	1.0
97	98	1.0
97	105	1.0
97	1	1.0
97	9	1.0
97	24	1.0
97	7	1.0
98	1	1.0
98	105	1.0
98	9	1.0
98	7	1.0
98	24	1.0
99	1	1.0
99	324	1.0
99	24	1.0
99	526	1.0
99	98	1.0
99	105	1.0
99	9	1.0
99	7	1.0
100	60	1.0
100	798	1.0
100	171	1.0
100	9	1.0
100	7	1.0
100	88	1.0
101	11	1.0
101	9	1.0
101	7	1.0
101	88	1.0
101	209	1.0
101	70	1.0
102	7	1.0
102	21	1.0
102	9	1.0
103	21	1.0
103	9	1.0
103	253	1.0
103	422	1.0
103	7	1.0
103	180	1.0
104	105	1.0
104	24	1.0
104	1	1.0
104	9	1.0
104	427	1.0
104	98	1.0
104	7	1.0
105	9	1.0
105	24	1.0
105	7	1.0
105	1	1.0
106	107	1.0
106	9	1.0
106	480	1.0
106	11	1.0
106	7	1.0
106	88	1.0
107	88	1.0
107	11	1.0
107	480	1.0
107	7	1.0
107	9	1.0
108	5	1.0
108	9	1.0
108	40	1.0
108	492	1.0
108	7	1.0
108	562	1.0
108	1	1.0
108	51	1.0
109	88	1.0
109	9	1.0
109	7	1.0
109	629	1.0
109	11	1.0
110	7	1.0
110	40	1.0
110	729	1.0
110	51	1.0
110	9	1.0
110	162	1.0
110	1	1.0
110	5	1.0
111	112	1.0
111	7	1.0
111	485	1.0
111	9	1.0
112	9	1.0
112	7	1.0
113	114	1.0
113	7	1.0
113	9	1.0
113	112	1.0
114	112	1.0
114	9	1.0
114	7	1.0
115	7	1.0
115	9	1.0
115	192	1.0
115	73	1.0
116	171	1.0
116	88	1.0
116	7	1.0
116	9	1.0
117	9	1.0
117	198	1.0
117	854	1.0
117	197	1.0
117	7	1.0
118	7	1.0
118	9	1.0
118	3	1.0
118	88	1.0
119	9	1.0
119	51	1.0
119	7	1.0
119	1	1.0
120	105	1.0
120	9	1.0
120	24	1.0
120	526	1.0
120	1	1.0
120	324	1.0
120	7	1.0
120	98	1.0
121	9	1.0
121	350	1.0
121	7	1.0
121	525	1.0
121	656	1.0
121	26	1.0
121	25	1.0
122	116	1.0
122	88	1.0
122	7	1.0
122	93	1.0
122	38	1.0
122	171	1.0
122	9	1.0
123	5	1.0
123	51	1.0
123	7	1.0
123	1	1.0
123	162	1.0
123	9	1.0
123	385	1.0
123	40	1.0
123	360	1.0
124	9	1.0
124	18	1.0
124	677	1.0
124	7	1.0
125	126	1.0
125	357	1.0
125	75	1.0
125	9	1.0
125	7	1.0
125	67	1.0
126	7	1.0
126	67	1.0
126	9	1.0
126	75	1.0
127	88	1.0
127	7	1.0
127	9	1.0
127	3	1.0
128	129	1.0
128	88	1.0
128	703	1.0
128	11	1.0
128	9	1.0
128	7	1.0
128	70	1.0
129	7	1.0
129	70	1.0
129	9	1.0
129	703	1.0
129	11	1.0
129	88	1.0
130	7	1.0
130	9	1.0
130	182	1.0
130	85	1.0
130	11	1.0
130	498	1.0
130	88	1.0
130	70	1.0
131	132	1.0
131	281	1.0
131	43	1.0
131	7	1.0
131	26	1.0
131	9	1.0
132	7	1.0
132	26	1.0
132	43	1.0
132	9	1.0
132	281	1.0
133	11	1.0
133	7	1.0
133	70	1.0
133	9	1.0
133	85	1.0
133	159	1.0
133	88	1.0
134	11	1.0
134	85	1.0
134	9	1.0
134	216	1.0
134	70	1.0
134	88	1.0
134	7	1.0
135	9	1.0
135	197	1.0
135	7	1.0
135	198	1.0
136	51	1.0
136	7	1.0
136	56	1.0
136	1	1.0
136	5	1.0
136	9	1.0
136	40	1.0
137	85	1.0
137	70	1.0
137	498	1.0
137	9	1.0
137	7	1.0
137	319	1.0
137	11	1.0
137	88	1.0
138	7	1.0
138	9	1.0
138	366	1.0
138	21	1.0
139	140	1.0
139	126	1.0
139	7	1.0
139	75	1.0
139	67	1.0
139	9	1.0
140	75	1.0
140	7	1.0
140	9	1.0
140	126	1.0
140	67	1.0
141	11	1.0
141	182	1.0
141	10	1.0
141	88	1.0
141	7	1.0
141	70	1.0
141	9	1.0
141	498	1.0
141	85	1.0
142	9	1.0
142	88	1.0
142	70	1.0
142	11	1.0
142	85	1.0
142	7	1.0
143	51	1.0
143	1	1.0
143	9	1.0
143	5	1.0
143	56	1.0
143	40	1.0
143	7	1.0
144	9	1.0
144	51	1.0
144	7	1.0
144	40	1.0
144	1	1.0
144	385	1.0
144	5	1.0
144	162	1.0
145	7	1.0
145	9	1.0
145	88	1.0
145	38	1.0
145	116	1.0
145	93	1.0
145	171	1.0
146	9	1.0
146	11	1.0
146	498	1.0
146	70	1.0
146	85	1.0
146	88	1.0
146	7	1.0
147	9	1.0
147	584	1.0
147	88	1.0
147	7	1.0
148	24	1.0
148	1	1.0
148	105	1.0
148	9	1.0
148	7	1.0
148	98	1.0
149	88	1.0
149	159	1.0
149	85	1.0
149	11	1.0
149	7	1.0
149	70	1.0
149	9	1.0
150	151	1.0
150	7	1.0
150	21	1.0
150	9	1.0
151	21	1.0
151	7	1.0
151	9	1.0
152	9	1.0
152	176	1.0
152	51	1.0
152	40	1.0
152	1	1.0
152	7	1.0
152	5	1.0
153	56	1.0
153	7	1.0
153	40	1.0
153	1	1.0
153	9	1.0
153	51	1.0
153	5	1.0
154	9	1.0
154	7	1.0
154	98	1.0
154	105	1.0
154	1	1.0
154	24	1.0
155	11	1.0
155	7	1.0
155	70	1.0
155	88	1.0
155	209	1.0
155	9	1.0
156	7	1.0
156	63	1.0
156	243	1.0
156	9	1.0
156	465	1.0
156	868	1.0
157	5	1.0
157	501	1.0
157	7	1.0
157	1	1.0
157	9	1.0
157	51	1.0
158	159	1.0
158	11	1.0
158	7	1.0
158	88	1.0
158	70	1.0
158	85	1.0
158	9	1.0
159	11	1.0
159	9	1.0
159	88	1.0
159	85	1.0
159	70	1.0
159	7	1.0
160	7	1.0
160	40	1.0
160	9	1.0
160	1	1.0
160	5	1.0
160	56	1.0
160	51	1.0
160	348	1.0
161	162	1.0
161	5	1.0
161	763	1.0
161	40	1.0
161	7	1.0
161	9	1.0
161	51	1.0
161	729	1.0
161	1	1.0
162	5	1.0
162	7	1.0
162	40	1.0
162	51	1.0
162	9	1.0
162	1	1.0
163	7	1.0
163	381	1.0
163	192	1.0
163	9	1.0
164	26	1.0
164	173	1.0
164	934	1.0
164	9	1.0
164	7	1.0
164	340	1.0
165	7	1.0
165	558	1.0
165	24	1.0
165	98	1.0
165	105	1.0
165	1	1.0
165	483	1.0
165	9	1.0
165	244	1.0
166	9	1.0
166	70	1.0
166	88	1.0
166	159	1.0
166	11	1.0
166	85	1.0
166	7	1.0
167	168	1.0
167	7	1.0
167	9	1.0
167	584	1.0
167	88	1.0
168	88	1.0
168	584	1.0
168	7	1.0
168	9	1.0
169	7	1.0
169	116	1.0
169	277	1.0
169	439	1.0
169	171	1.0
169	9	1.0
169	88	1.0
170	171	1.0
170	88	1.0
170	7	1.0
170	60	1.0
170	9	1.0
171	7	1.0
171	9	1.0
171	88	1.0
172	173	1.0
172	1043	1.0
172	7	1.0
172	9	1.0
172	26	1.0
172	512	1.0
173	9	1.0
173	7	1.0
173	26	1.0
174	7	1.0
174	70	1.0
174	204	1.0
174	209	1.0
174	88	1.0
174	11	1.0
174	9	1.0
174	455	1.0
175	40	1.0
175	385	1.0
175	5	1.0
175	7	1.0
175	1	1.0
175	162	1.0
175	51	1.0
175	9	1.0
176	5	1.0
176	7	1.0
176	1	1.0
176	9	1.0
176	40	1.0
176	51	1.0
177	25	1.0
177	26	1.0
177	350	1.0
177	656	1.0
177	7	1.0
177	9	1.0
178	11	1.0
178	9	1.0
178	7	1.0
178	88	1.0
179	180	1.0
179	21	1.0
179	422	1.0
179	9	1.0
179	7	1.0
179	410	1.0
180	21	1.0
180	7	1.0
180	9	1.0
181	9	1.0
181	75	1.0
181	7	1.0
182	9	1.0
182	70	1.0
182	88	1.0
182	498	1.0
182	7	1.0
182	11	1.0
182	85	1.0
183	21	1.0
183	9	1.0
183	7	1.0
184	7	1.0
184	11	1.0
184	88	1.0
184	480	1.0
184	9	1.0
185	9	1.0
185	7	1.0
185	21	1.0
186	25	1.0
186	7	1.0
186	9	1.0
186	177	1.0
186	656	1.0
186	26	1.0
186	350	1.0
187	21	1.0
187	7	1.0
187	9	1.0
188	7	1.0
188	9	1.0
188	25	1.0
188	525	1.0
188	350	1.0
188	656	1.0
188	26	1.0
189	159	1.0
189	85	1.0
189	70	1.0
189	9	1.0
189	7	1.0
189	11	1.0
189	88	1.0
190	9	1.0
190	7	1.0
190	1159	1.0
191	192	1.0
191	73	1.0
191	9	1.0
191	7	1.0
191	909	1.0
192	9	1.0
192	7	1.0
193	88	1.0
193	9	1.0
193	11	1.0
193	209	1.0
193	7	1.0
193	912	1.0
193	70	1.0
194	7	1.0
194	88	1.0
194	9	1.0
195	7	1.0
195	105	1.0
195	24	1.0
195	1	1.0
195	9	1.0
195	206	1.0
195	98	1.0
196	26	1.0
196	337	1.0
196	281	1.0
196	7	1.0
196	9	1.0
197	198	1.0
197	9	1.0
197	7	1.0
198	7	1.0
198	9	1.0
199	7	1.0
199	9	1.0
199	809	1.0
199	24	1.0
199	1	1.0
200	1	1.0
200	105	1.0
200	9	1.0
200	98	1.0
200	24	1.0
200	7	1.0
201	7	1.0
201	24	1.0
201	1	1.0
201	104	1.0
201	98	1.0
201	427	1.0
201	9	1.0
201	105	1.0
202	9	1.0
202	75	1.0
202	67	1.0
202	140	1.0
202	7	1.0
202	316	1.0
202	126	1.0
203	204	1.0
203	209	1.0
203	9	1.0
203	88	1.0
203	11	1.0
203	70	1.0
203	455	1.0
203	7	1.0
204	11	1.0
204	70	1.0
204	7	1.0
204	455	1.0
204	209	1.0
204	88	1.0
204	9	1.0
205	206	1.0
205	105	1.0
205	98	1.0
205	9	1.0
205	7	1.0
205	24	1.0
205	1	1.0
206	9	1.0
206	98	1.0
206	105	1.0
206	7	1.0
206	1	1.0
206	24	1.0
207	116	1.0
207	171	1.0
207	9	1.0
207	439	1.0
207	7	1.0
207	88	1.0
208	7	1.0
208	70	1.0
208	88	1.0
208	85	1.0
208	216	1.0
208	11	1.0
208	9	1.0
209	7	1.0
209	11	1.0
209	9	1.0
209	70	1.0
209	88	1.0
210	67	1.0
210	7	1.0
210	126	1.0
210	75	1.0
210	316	1.0
210	140	1.0
210	9	1.0
210	894	1.0
211	24	1.0
211	7	1.0
211	98	1.0
211	324	1.0
211	105	1.0
211	9	1.0
211	1	1.0
212	7	1.0
212	9	1.0
212	11	1.0
212	88	1.0
212	70	1.0
213	5	1.0
213	9	1.0
213	40	1.0
213	7	1.0
213	1	1.0
213	443	1.0
213	51	1.0
213	56	1.0
214	38	1.0
214	171	1.0
214	7	1.0
214	116	1.0
214	9	1.0
214	88	1.0
214	93	1.0
215	216	1.0
215	7	1.0
215	9	1.0
215	88	1.0
215	85	1.0
215	70	1.0
215	11	1.0
216	70	1.0
216	85	1.0
216	9	1.0
216	7	1.0
216	11	1.0
216	88	1.0
217	1	1.0
217	206	1.0
217	98	1.0
217	24	1.0
217	105	1.0
217	7	1.0
217	9	1.0
218	7	1.0
218	9	1.0
218	40	1.0
218	5	1.0
218	1	1.0
218	51	1.0
218	56	1.0
219	70	1.0
219	88	1.0
219	9	1.0
219	85	1.0
219	11	1.0
219	7	1.0
219	159	1.0
220	11	1.0
220	70	1.0
220	9	1.0
220	216	1.0
220	88	1.0
220	85	1.0
220	7	1.0
221	159	1.0
221	11	1.0
221	85	1.0
221	88	1.0
221	70	1.0
221	9	1.0
221	7	1.0
222	7	1.0
222	105	1.0
222	9	1.0
222	1	1.0
222	24	1.0
222	98	1.0
223	43	1.0
223	7	1.0
223	9	1.0
223	281	1.0
223	26	1.0
224	9	1.0
224	85	1.0
224	159	1.0
224	7	1.0
224	88	1.0
224	11	1.0
224	70	1.0
225	88	1.0
225	70	1.0
225	7	1.0
225	498	1.0
225	9	1.0
225	85	1.0
225	11	1.0
226	9	1.0
226	7	1.0
226	759	1.0
226	173	1.0
226	340	1.0
226	26	1.0
227	116	1.0
227	88	1.0
227	7	1.0
227	9	1.0
227	171	1.0
227	439	1.0
228	24	1.0
228	7	1.0
228	1	1.0
228	754	1.0
228	9	1.0
228	105	1.0
228	467	1.0
229	197	1.0
229	9	1.0
229	198	1.0
229	7	1.0
230	9	1.0
230	7	1.0
230	11	1.0
230	70	1.0
230	703	1.0
230	88	1.0
230	129	1.0
231	1	1.0
231	5	1.0
231	506	1.0
231	40	1.0
231	7	1.0
231	51	1.0
231	9	1.0
232	233	1.0
232	9	1.0
232	7	1.0
232	1	1.0
232	98	1.0
232	24	1.0
232	105	1.0
233	24	1.0
233	105	1.0
233	1	1.0
233	9	1.0
233	7	1.0
233	98	1.0
234	11	1.0
234	209	1.0
234	88	1.0
234	9	1.0
234	70	1.0
234	7	1.0
235	1	1.0
235	7	1.0
235	24	1.0
235	98	1.0
235	9	1.0
235	105	1.0
235	206	1.0
236	237	1.0
236	21	1.0
236	180	1.0
236	422	1.0
236	7	1.0
236	9	1.0
237	21	1.0
237	180	1.0
237	9	1.0
237	422	1.0
237	7	1.0
238	7	1.0
238	181	1.0
238	75	1.0
238	9	1.0
239	7	1.0
239	51	1.0
239	40	1.0
239	1	1.0
239	5	1.0
239	9	1.0
240	1	1.0
240	105	1.0
240	9	1.0
240	206	1.0
240	98	1.0
240	24	1.0
240	7	1.0
241	116	1.0
241	9	1.0
241	38	1.0
241	7	1.0
241	171	1.0
241	88	1.0
242	243	1.0
242	7	1.0
242	63	1.0
242	9	1.0
243	9	1.0
243	63	1.0
243	7	1.0
244	24	1.0
244	98	1.0
244	7	1.0
244	105	1.0
244	1	1.0
244	9	1.0
245	246	1.0
245	40	1.0
245	51	1.0
245	5	1.0
245	162	1.0
245	7	1.0
245	1	1.0
245	385	1.0
245	9	1.0
246	40	1.0
246	7	1.0
246	9	1.0
246	51	1.0
246	1	1.0
246	385	1.0
246	162	1.0
246	5	1.0
247	5	1.0
247	162	1.0
247	9	1.0
247	51	1.0
247	1	1.0
247	7	1.0
247	40	1.0
248	7	1.0
248	9	1.0
248	70	1.0
248	88	1.0
248	11	1.0
248	703	1.0
249	26	1.0
249	7	1.0
249	1043	1.0
249	173	1.0
249	512	1.0
249	9	1.0
250	7	1.0
250	9	1.0
250	26	1.0
250	340	1.0
250	173	1.0
251	9	1.0
251	33	1.0
251	7	1.0
251	21	1.0
252	253	1.0
252	422	1.0
252	21	1.0
252	9	1.0
252	180	1.0
252	7	1.0
253	422	1.0
253	9	1.0
253	180	1.0
253	7	1.0
253	21	1.0
254	24	1.0
254	98	1.0
254	9	1.0
254	105	1.0
254	7	1.0
254	1	1.0
254	324	1.0
254	526	1.0
255	88	1.0
255	9	1.0
255	7	1.0
255	480	1.0
255	11	1.0
256	7	1.0
256	75	1.0
256	9	1.0
256	238	1.0
256	181	1.0
257	9	1.0
257	7	1.0
257	45	1.0
257	73	1.0
257	192	1.0
258	192	1.0
258	73	1.0
258	9	1.0
258	7	1.0
259	51	1.0
259	9	1.0
259	1	1.0
259	7	1.0
259	5	1.0
259	689	1.0
259	939	1.0
259	40	1.0
260	9	1.0
260	7	1.0
260	192	1.0
260	381	1.0
261	7	1.0
261	9	1.0
261	185	1.0
261	282	1.0
261	21	1.0
262	51	1.0
262	5	1.0
262	7	1.0
262	9	1.0
262	1	1.0
263	11	1.0
263	85	1.0
263	88	1.0
263	9	1.0
263	498	1.0
263	70	1.0
263	319	1.0
263	7	1.0
264	1	1.0
264	312	1.0
264	7	1.0
264	9	1.0
264	51	1.0
265	1	1.0
265	7	1.0
265	312	1.0
265	9	1.0
265	51	1.0
266	7	1.0
266	342	1.0
266	596	1.0
267	70	1.0
267	216	1.0
267	1016	1.0
267	88	1.0
267	85	1.0
267	7	1.0
267	877	1.0
267	11	1.0
267	9	1.0
268	192	1.0
268	73	1.0
268	9	1.0
268	45	1.0
268	7	1.0
269	7	1.0
269	85	1.0
269	527	1.0
269	88	1.0
269	9	1.0
269	11	1.0
269	70	1.0
269	159	1.0
270	9	1.0
270	85	1.0
270	7	1.0
270	70	1.0
270	88	1.0
270	142	1.0
270	11	1.0
271	1	1.0
271	313	1.0
271	51	1.0
271	5	1.0
271	9	1.0
271	7	1.0
272	56	1.0
272	5	1.0
272	51	1.0
272	40	1.0
272	1	1.0
272	9	1.0
272	348	1.0
272	7	1.0
273	70	1.0
273	11	1.0
273	703	1.0
273	88	1.0
273	7	1.0
273	9	1.0
274	275	1.0
274	7	1.0
274	9	1.0
274	26	1.0
275	9	1.0
275	7	1.0
275	26	1.0
276	88	1.0
276	85	1.0
276	7	1.0
276	70	1.0
276	9	1.0
276	159	1.0
276	527	1.0
276	11	1.0
277	116	1.0
277	439	1.0
277	9	1.0
277	88	1.0
277	171	1.0
277	7	1.0
278	21	1.0
278	454	1.0
278	7	1.0
278	9	1.0
279	7	1.0
279	282	1.0
279	185	1.0
279	21	1.0
279	9	1.0
280	281	1.0
280	7	1.0
280	26	1.0
280	9	1.0
281	7	1.0
281	9	1.0
281	26	1.0
282	9	1.0
282	7	1.0
282	21	1.0
282	185	1.0
283	40	1.0
283	5	1.0
283	51	1.0
283	488	1.0
283	1	1.0
283	9	1.0
283	7	1.0
284	9	1.0
284	7	1.0
284	88	1.0
284	544	1.0
284	3	1.0
285	5	1.0
285	1	1.0
285	7	1.0
285	488	1.0
285	9	1.0
285	51	1.0
285	40	1.0
286	21	1.0
286	7	1.0
286	9	1.0
287	75	1.0
287	9	1.0
287	67	1.0
287	7	1.0
287	140	1.0
287	126	1.0
288	9	1.0
288	7	1.0
288	75	1.0
288	287	1.0
288	126	1.0
288	140	1.0
288	67	1.0
289	9	1.0
289	7	1.0
289	51	1.0
289	1	1.0
289	40	1.0
289	5	1.0
289	239	1.0
290	9	1.0
290	126	1.0
290	316	1.0
290	140	1.0
290	7	1.0
290	67	1.0
290	75	1.0
290	202	1.0
291	292	1.0
291	9	1.0
291	24	1.0
291	1	1.0
291	7	1.0
291	105	1.0
291	98	1.0
292	7	1.0
292	9	1.0
292	105	1.0
292	24	1.0
292	98	1.0
292	1	1.0
293	7	1.0
293	75	1.0
293	528	1.0
293	9	1.0
294	295	1.0
294	198	1.0
294	9	1.0
294	515	1.0
294	7	1.0
295	198	1.0
295	7	1.0
295	9	1.0
295	515	1.0
296	11	1.0
296	7	1.0
296	70	1.0
296	9	1.0
296	567	1.0
296	88	1.0
296	85	1.0
296	159	1.0
297	9	1.0
297	381	1.0
297	192	1.0
297	7	1.0
298	299	1.0
298	21	1.0
298	804	1.0
298	7	1.0
298	9	1.0
299	7	1.0
299	9	1.0
299	21	1.0
300	301	1.0
300	342	1.0
300	596	1.0
300	7	1.0
301	596	1.0
301	7	1.0
301	342	1.0
302	1	1.0
302	206	1.0
302	440	1.0
302	9	1.0
302	24	1.0
302	98	1.0
302	105	1.0
302	7	1.0
303	9	1.0
303	242	1.0
303	243	1.0
303	7	1.0
303	63	1.0
304	1	1.0
304	7	1.0
304	312	1.0
304	51	1.0
304	9	1.0
305	9	1.0
305	70	1.0
305	498	1.0
305	85	1.0
305	88	1.0
305	7	1.0
305	11	1.0
305	510	1.0
306	24	1.0
306	7	1.0
306	809	1.0
306	1	1.0
306	9	1.0
307	181	1.0
307	77	1.0
307	75	1.0
307	9	1.0
307	508	1.0
307	7	1.0
308	7	1.0
308	5	1.0
308	501	1.0
308	9	1.0
308	51	1.0
308	1	1.0
309	310	1.0
309	24	1.0
309	7	1.0
309	47	1.0
309	1	1.0
309	9	1.0
309	98	1.0
309	105	1.0
310	7	1.0
310	9	1.0
310	1	1.0
310	98	1.0
310	105	1.0
310	24	1.0
310	47	1.0
311	312	1.0
311	7	1.0
311	9	1.0
311	51	1.0
311	1	1.0
312	7	1.0
312	9	1.0
312	51	1.0
312	1	1.0
313	51	1.0
313	1	1.0
313	7	1.0
313	9	1.0
313	5	1.0
314	182	1.0
314	11	1.0
314	9	1.0
314	7	1.0
314	85	1.0
314	88	1.0
314	498	1.0
314	70	1.0
315	316	1.0
315	140	1.0
315	67	1.0
315	9	1.0
315	202	1.0
315	75	1.0
315	126	1.0
315	7	1.0
316	9	1.0
316	67	1.0
316	75	1.0
316	140	1.0
316	126	1.0
316	7	1.0
317	7	1.0
317	233	1.0
317	1	1.0
317	105	1.0
317	9	1.0
317	98	1.0
317	24	1.0
318	319	1.0
318	9	1.0
318	11	1.0
318	498	1.0
318	7	1.0
318	70	1.0
318	85	1.0
318	88	1.0
319	88	1.0
319	498	1.0
319	11	1.0
319	9	1.0
319	85	1.0
319	7	1.0
319	70	1.0
320	7	1.0
320	171	1.0
320	116	1.0
320	9	1.0
320	88	1.0
320	439	1.0
321	11	1.0
321	88	1.0
321	70	1.0
321	9	1.0
321	328	1.0
321	7	1.0
322	192	1.0
322	73	1.0
322	7	1.0
322	9	1.0
323	324	1.0
323	1	1.0
323	105	1.0
323	24	1.0
323	9	1.0
323	98	1.0
323	526	1.0
323	7	1.0
324	98	1.0
324	1	1.0
324	24	1.0
324	105	1.0
324	9	1.0
324	7	1.0
325	5	1.0
325	385	1.0
325	7	1.0
325	162	1.0
325	246	1.0
325	9	1.0
325	40	1.0
325	1	1.0
325	51	1.0
326	7	1.0
326	9	1.0
326	3	1.0
326	88	1.0
326	707	1.0
327	162	1.0
327	385	1.0
327	9	1.0
327	7	1.0
327	5	1.0
327	51	1.0
327	40	1.0
327	1	1.0
327	246	1.0
328	7	1.0
328	9	1.0
328	70	1.0
328	88	1.0
328	11	1.0
329	9	1.0
329	522	1.0
329	88	1.0
329	7	1.0
330	9	1.0
330	70	1.0
330	7	1.0
330	88	1.0
330	11	1.0
330	328	1.0
331	209	1.0
331	11	1.0
331	517	1.0
331	9	1.0
331	852	1.0
331	7	1.0
331	88	1.0
331	70	1.0
332	313	1.0
332	7	1.0
332	5	1.0
332	9	1.0
332	1	1.0
332	499	1.0
332	51	1.0
333	7	1.0
333	9	1.0
334	88	1.0
334	194	1.0
334	7	1.0
334	911	1.0
334	9	1.0
335	7	1.0
335	9	1.0
335	1	1.0
335	24	1.0
335	105	1.0
335	98	1.0
335	206	1.0
336	124	1.0
336	9	1.0
336	7	1.0
336	677	1.0
336	18	1.0
337	7	1.0
337	9	1.0
337	26	1.0
337	281	1.0
338	26	1.0
338	656	1.0
338	350	1.0
338	7	1.0
338	177	1.0
338	9	1.0
338	25	1.0
339	340	1.0
339	250	1.0
339	9	1.0
339	26	1.0
339	7	1.0
339	173	1.0
340	173	1.0
340	9	1.0
340	7	1.0
340	26	1.0
341	342	1.0
341	710	1.0
341	596	1.0
341	7	1.0
341	583	1.0
342	596	1.0
342	7	1.0
343	9	1.0
343	7	1.0
343	316	1.0
343	126	1.0
343	140	1.0
343	75	1.0
343	67	1.0
344	7	1.0
344	21	1.0
344	9	1.0
344	299	1.0
344	804	1.0
345	7	1.0
345	24	1.0
345	98	1.0
345	105	1.0
345	1	1.0
345	9	1.0
346	51	1.0
346	9	1.0
346	5	1.0
346	40	1.0
346	1	1.0
346	7	1.0
346	385	1.0
346	162	1.0
347	9	1.0
347	70	1.0
347	85	1.0
347	88	1.0
347	11	1.0
347	159	1.0
347	572	1.0
347	7	1.0
348	7	1.0
348	5	1.0
348	9	1.0
348	56	1.0
348	1	1.0
348	40	1.0
348	51	1.0
349	24	1.0
349	7	1.0
349	324	1.0
349	9	1.0
349	98	1.0
349	105	1.0
349	1	1.0
350	7	1.0
350	9	1.0
350	26	1.0
351	352	1.0
351	9	1.0
351	21	1.0
351	366	1.0
351	7	1.0
352	21	1.0
352	366	1.0
352	9	1.0
352	7	1.0
353	7	1.0
353	198	1.0
353	9	1.0
353	515	1.0
354	355	1.0
354	9	1.0
354	7	1.0
354	26	1.0
355	7	1.0
355	9	1.0
355	26	1.0
356	88	1.0
356	544	1.0
356	3	1.0
356	9	1.0
356	7	1.0
357	67	1.0
357	75	1.0
357	9	1.0
357	7	1.0
357	126	1.0
358	40	1.0
358	136	1.0
358	1	1.0
358	9	1.0
358	51	1.0
358	5	1.0
358	56	1.0
358	7	1.0
359	7	1.0
359	70	1.0
359	88	1.0
359	11	1.0
359	9	1.0
359	703	1.0
360	9	1.0
360	1	1.0
360	385	1.0
360	51	1.0
360	40	1.0
360	7	1.0
360	162	1.0
360	5	1.0
361	21	1.0
361	7	1.0
361	9	1.0
361	183	1.0
362	9	1.0
362	7	1.0
362	385	1.0
362	40	1.0
362	51	1.0
362	5	1.0
362	162	1.0
362	1	1.0
363	88	1.0
363	85	1.0
363	70	1.0
363	216	1.0
363	11	1.0
363	9	1.0
363	7	1.0
364	51	1.0
364	506	1.0
364	377	1.0
364	40	1.0
364	1	1.0
364	7	1.0
364	9	1.0
364	5	1.0
365	366	1.0
365	352	1.0
365	7	1.0
365	9	1.0
365	21	1.0
366	7	1.0
366	21	1.0
366	9	1.0
367	51	1.0
367	9	1.0
367	313	1.0
367	5	1.0
367	7	1.0
367	1	1.0
368	9	1.0
368	26	1.0
368	7	1.0
368	355	1.0
369	88	1.0
369	612	1.0
369	642	1.0
369	9	1.0
369	11	1.0
369	7	1.0
370	159	1.0
370	7	1.0
370	9	1.0
370	88	1.0
370	85	1.0
370	70	1.0
370	11	1.0
371	88	1.0
371	522	1.0
371	7	1.0
371	9	1.0
371	560	1.0
372	88	1.0
372	7	1.0
372	116	1.0
372	9	1.0
372	38	1.0
372	171	1.0
373	7	1.0
373	105	1.0
373	1	1.0
373	98	1.0
373	9	1.0
373	206	1.0
373	24	1.0
374	9	1.0
374	1089	1.0
374	7	1.0
374	340	1.0
374	173	1.0
374	26	1.0
375	7	1.0
375	1	1.0
375	313	1.0
375	5	1.0
375	9	1.0
375	51	1.0
376	377	1.0
376	5	1.0
376	40	1.0
376	51	1.0
376	9	1.0
376	7	1.0
376	506	1.0
376	1	1.0
377	7	1.0
377	1	1.0
377	40	1.0
377	9	1.0
377	5	1.0
377	506	1.0
377	51	1.0
378	9	1.0
378	1	1.0
378	7	1.0
378	162	1.0
378	51	1.0
378	40	1.0
378	729	1.0
378	5	1.0
379	380	1.0
379	7	1.0
379	342	1.0
379	596	1.0
380	342	1.0
380	596	1.0
380	7	1.0
381	192	1.0
381	7	1.0
381	9	1.0
382	7	1.0
382	21	1.0
382	89	1.0
382	9	1.0
382	185	1.0
383	88	1.0
383	209	1.0
383	7	1.0
383	11	1.0
383	70	1.0
383	9	1.0
383	455	1.0
384	60	1.0
384	9	1.0
384	171	1.0
384	7	1.0
384	88	1.0
384	59	1.0
385	51	1.0
385	5	1.0
385	7	1.0
385	40	1.0
385	1	1.0
385	162	1.0
385	9	1.0
386	56	1.0
386	7	1.0
386	51	1.0
386	9	1.0
386	40	1.0
386	5	1.0
386	1	1.0
387	38	1.0
387	171	1.0
387	9	1.0
387	88	1.0
387	7	1.0
387	116	1.0
388	185	1.0
388	9	1.0
388	282	1.0
388	21	1.0
388	7	1.0
389	85	1.0
389	88	1.0
389	498	1.0
389	70	1.0
389	9	1.0
389	7	1.0
389	182	1.0
389	11	1.0
390	115	1.0
390	192	1.0
390	73	1.0
390	7	1.0
390	9	1.0
391	392	1.0
391	7	1.0
391	88	1.0
391	70	1.0
391	9	1.0
391	11	1.0
392	9	1.0
392	11	1.0
392	88	1.0
392	70	1.0
392	7	1.0
393	70	1.0
393	11	1.0
393	9	1.0
393	7	1.0
393	85	1.0
393	88	1.0
394	7	1.0
394	88	1.0
394	9	1.0
394	3	1.0
395	7	1.0
395	487	1.0
395	1	1.0
395	9	1.0
395	24	1.0
395	105	1.0
395	467	1.0
396	299	1.0
396	9	1.0
396	804	1.0
396	21	1.0
396	7	1.0
397	1	1.0
397	385	1.0
397	9	1.0
397	5	1.0
397	51	1.0
397	162	1.0
397	40	1.0
397	7	1.0
398	126	1.0
398	7	1.0
398	9	1.0
398	75	1.0
398	316	1.0
398	67	1.0
398	140	1.0
399	85	1.0
399	88	1.0
399	527	1.0
399	11	1.0
399	7	1.0
399	159	1.0
399	70	1.0
399	9	1.0
400	9	1.0
400	7	1.0
400	78	1.0
400	508	1.0
400	181	1.0
400	75	1.0
401	342	1.0
401	7	1.0
401	596	1.0
401	583	1.0
402	82	1.0
402	7	1.0
402	9	1.0
402	21	1.0
403	173	1.0
403	26	1.0
403	9	1.0
403	1043	1.0
403	622	1.0
403	512	1.0
403	7	1.0
404	342	1.0
404	7	1.0
404	583	1.0
404	596	1.0
405	162	1.0
405	1	1.0
405	5	1.0
405	51	1.0
405	7	1.0
405	40	1.0
405	360	1.0
405	9	1.0
405	385	1.0
406	9	1.0
406	98	1.0
406	7	1.0
406	105	1.0
406	1	1.0
406	324	1.0
406	24	1.0
406	526	1.0
407	7	1.0
407	11	1.0
407	216	1.0
407	9	1.0
407	70	1.0
407	88	1.0
407	794	1.0
407	85	1.0
408	85	1.0
408	11	1.0
408	70	1.0
408	88	1.0
408	7	1.0
408	9	1.0
408	216	1.0
408	588	1.0
409	98	1.0
409	206	1.0
409	7	1.0
409	9	1.0
409	105	1.0
409	24	1.0
409	1	1.0
410	21	1.0
410	7	1.0
410	422	1.0
410	180	1.0
410	9	1.0
411	9	1.0
411	85	1.0
411	70	1.0
411	88	1.0
411	216	1.0
411	7	1.0
411	588	1.0
411	11	1.0
412	7	1.0
412	9	1.0
412	906	1.0
412	21	1.0
412	185	1.0
413	7	1.0
413	281	1.0
413	26	1.0
413	337	1.0
413	9	1.0
414	9	1.0
414	7	1.0
415	192	1.0
415	45	1.0
415	9	1.0
415	7	1.0
415	73	1.0
416	385	1.0
416	162	1.0
416	397	1.0
416	5	1.0
416	40	1.0
416	51	1.0
416	7	1.0
416	9	1.0
416	1	1.0
417	7	1.0
417	9	1.0
417	612	1.0
417	11	1.0
417	88	1.0
418	9	1.0
418	366	1.0
418	352	1.0
418	7	1.0
418	21	1.0
419	9	1.0
419	115	1.0
419	192	1.0
419	7	1.0
419	73	1.0
420	1	1.0
420	40	1.0
420	5	1.0
420	51	1.0
420	175	1.0
420	9	1.0
420	7	1.0
420	162	1.0
420	385	1.0
421	422	1.0
421	253	1.0
421	9	1.0
421	21	1.0
421	180	1.0
421	7	1.0
422	9	1.0
422	21	1.0
422	7	1.0
422	180	1.0
423	7	1.0
423	9	1.0
423	88	1.0
423	1058	1.0
423	11	1.0
424	21	1.0
424	7	1.0
424	282	1.0
424	185	1.0
424	9	1.0
425	7	1.0
425	981	1.0
425	1129	1.0
426	427	1.0
426	7	1.0
426	9	1.0
426	104	1.0
426	98	1.0
426	24	1.0
426	105	1.0
426	1	1.0
427	9	1.0
427	1	1.0
427	24	1.0
427	98	1.0
427	7	1.0
427	105	1.0
428	9	1.0
428	7	1.0
428	281	1.0
428	26	1.0
428	43	1.0
429	313	1.0
429	5	1.0
429	51	1.0
429	1	1.0
429	7	1.0
429	9	1.0
430	88	1.0
430	171	1.0
430	439	1.0
430	9	1.0
430	116	1.0
430	7	1.0
431	9	1.0
431	11	1.0
431	216	1.0
431	7	1.0
431	88	1.0
431	70	1.0
431	85	1.0
432	88	1.0
432	7	1.0
432	785	1.0
432	70	1.0
432	9	1.0
432	11	1.0
433	40	1.0
433	1	1.0
433	5	1.0
433	939	1.0
433	51	1.0
433	9	1.0
433	7	1.0
434	7	1.0
434	828	1.0
435	116	1.0
435	88	1.0
435	439	1.0
435	7	1.0
435	9	1.0
435	171	1.0
436	7	1.0
436	9	1.0
436	21	1.0
436	299	1.0
437	88	1.0
437	116	1.0
437	439	1.0
437	1044	1.0
437	171	1.0
437	7	1.0
437	9	1.0
438	439	1.0
438	171	1.0
438	9	1.0
438	116	1.0
438	88	1.0
438	7	1.0
439	7	1.0
439	116	1.0
439	88	1.0
439	9	1.0
439	171	1.0
440	9	1.0
440	7	1.0
440	24	1.0
440	105	1.0
440	1	1.0
440	98	1.0
440	206	1.0
441	9	1.0
441	656	1.0
441	177	1.0
441	25	1.0
441	7	1.0
441	26	1.0
441	350	1.0
442	7	1.0
442	192	1.0
442	381	1.0
442	9	1.0
443	5	1.0
443	1	1.0
443	7	1.0
443	56	1.0
443	40	1.0
443	9	1.0
443	51	1.0
444	185	1.0
444	89	1.0
444	21	1.0
444	7	1.0
444	9	1.0
445	70	1.0
445	209	1.0
445	9	1.0
445	7	1.0
445	88	1.0
445	11	1.0
446	1	1.0
446	702	1.0
446	51	1.0
446	9	1.0
446	7	1.0
447	313	1.0
447	1	1.0
447	51	1.0
447	9	1.0
447	7	1.0
447	5	1.0
448	9	1.0
448	512	1.0
448	26	1.0
448	1043	1.0
448	7	1.0
448	622	1.0
448	173	1.0
449	385	1.0
449	1	1.0
449	162	1.0
449	7	1.0
449	246	1.0
449	51	1.0
449	40	1.0
449	5	1.0
449	9	1.0
450	11	1.0
450	88	1.0
450	9	1.0
450	7	1.0
450	392	1.0
450	70	1.0
451	40	1.0
451	7	1.0
451	9	1.0
451	1087	1.0
451	51	1.0
451	56	1.0
451	5	1.0
451	1	1.0
452	11	1.0
452	88	1.0
452	85	1.0
452	498	1.0
452	7	1.0
452	70	1.0
452	9	1.0
453	454	1.0
453	21	1.0
453	278	1.0
453	7	1.0
453	9	1.0
454	9	1.0
454	21	1.0
454	7	1.0
455	11	1.0
455	88	1.0
455	209	1.0
455	7	1.0
455	70	1.0
455	9	1.0
456	9	1.0
456	127	1.0
456	650	1.0
456	7	1.0
456	88	1.0
456	3	1.0
457	7	1.0
457	183	1.0
457	21	1.0
457	9	1.0
458	51	1.0
458	56	1.0
458	40	1.0
458	1109	1.0
458	5	1.0
458	9	1.0
458	7	1.0
458	1	1.0
459	7	1.0
459	9	1.0
459	1	1.0
459	24	1.0
459	105	1.0
460	7	1.0
460	9	1.0
460	192	1.0
460	73	1.0
460	1092	1.0
461	112	1.0
461	7	1.0
461	485	1.0
461	9	1.0
462	7	1.0
462	216	1.0
462	11	1.0
462	70	1.0
462	88	1.0
462	85	1.0
462	9	1.0
463	9	1.0
463	281	1.0
463	716	1.0
463	26	1.0
463	7	1.0
463	43	1.0
464	7	1.0
464	185	1.0
464	9	1.0
464	21	1.0
465	243	1.0
465	7	1.0
465	9	1.0
465	63	1.0
466	18	1.0
466	124	1.0
466	677	1.0
466	9	1.0
466	1158	1.0
466	7	1.0
467	1	1.0
467	24	1.0
467	7	1.0
467	105	1.0
467	9	1.0
468	7	1.0
468	5	1.0
468	1	1.0
468	385	1.0
468	40	1.0
468	162	1.0
468	51	1.0
468	397	1.0
468	9	1.0
469	26	1.0
469	173	1.0
469	7	1.0
469	9	1.0
469	512	1.0
470	1	1.0
470	9	1.0
470	40	1.0
470	51	1.0
470	5	1.0
470	506	1.0
470	7	1.0
470	647	1.0
471	192	1.0
471	45	1.0
471	7	1.0
471	73	1.0
471	9	1.0
472	40	1.0
472	7	1.0
472	5	1.0
472	51	1.0
472	1	1.0
472	689	1.0
472	939	1.0
472	9	1.0
473	40	1.0
473	51	1.0
473	9	1.0
473	5	1.0
473	176	1.0
473	7	1.0
473	1	1.0
474	1	1.0
474	40	1.0
474	7	1.0
474	5	1.0
474	51	1.0
474	56	1.0
474	9	1.0
475	9	1.0
475	70	1.0
475	703	1.0
475	7	1.0
475	88	1.0
475	11	1.0
476	239	1.0
476	1	1.0
476	7	1.0
476	9	1.0
476	51	1.0
476	5	1.0
476	40	1.0
477	60	1.0
477	59	1.0
477	88	1.0
477	9	1.0
477	171	1.0
477	7	1.0
478	1	1.0
478	9	1.0
478	7	1.0
479	9	1.0
479	7	1.0
479	926	1.0
479	26	1.0
480	9	1.0
480	7	1.0
480	11	1.0
480	88	1.0
481	7	1.0
481	9	1.0
481	903	1.0
481	21	1.0
482	40	1.0
482	51	1.0
482	162	1.0
482	1	1.0
482	5	1.0
482	385	1.0
482	9	1.0
482	7	1.0
483	1	1.0
483	7	1.0
483	9	1.0
483	244	1.0
483	24	1.0
483	105	1.0
483	98	1.0
484	485	1.0
484	112	1.0
484	7	1.0
484	9	1.0
485	112	1.0
485	9	1.0
485	7	1.0
486	7	1.0
486	88	1.0
486	9	1.0
486	85	1.0
486	216	1.0
486	70	1.0
486	11	1.0
487	1	1.0
487	467	1.0
487	9	1.0
487	7	1.0
487	105	1.0
487	24	1.0
488	51	1.0
488	9	1.0
488	40	1.0
488	1	1.0
488	7	1.0
488	5	1.0
489	7	1.0
489	5	1.0
489	9	1.0
489	506	1.0
489	51	1.0
489	40	1.0
489	1	1.0
489	377	1.0
490	324	1.0
490	105	1.0
490	98	1.0
490	7	1.0
490	576	1.0
490	9	1.0
490	24	1.0
490	1	1.0
491	9	1.0
491	501	1.0
491	1	1.0
491	51	1.0
491	7	1.0
491	5	1.0
492	51	1.0
492	7	1.0
492	1	1.0
492	9	1.0
492	40	1.0
492	562	1.0
492	5	1.0
493	1	1.0
493	105	1.0
493	98	1.0
493	9	1.0
493	7	1.0
493	998	1.0
493	24	1.0
494	495	1.0
494	7	1.0
494	242	1.0
494	243	1.0
494	63	1.0
494	9	1.0
495	243	1.0
495	9	1.0
495	242	1.0
495	7	1.0
495	63	1.0
496	7	1.0
496	526	1.0
496	105	1.0
496	1	1.0
496	9	1.0
496	324	1.0
496	24	1.0
496	98	1.0
497	250	1.0
497	26	1.0
497	173	1.0
497	340	1.0
497	9	1.0
497	7	1.0
498	88	1.0
498	85	1.0
498	9	1.0
498	70	1.0
498	11	1.0
498	7	1.0
499	9	1.0
499	313	1.0
499	51	1.0
499	1	1.0
499	5	1.0
499	7	1.0
500	21	1.0
500	9	1.0
500	180	1.0
500	422	1.0
500	7	1.0
501	5	1.0
501	1	1.0
501	7	1.0
501	9	1.0
501	51	1.0
502	7	1.0
502	88	1.0
502	3	1.0
502	544	1.0
502	9	1.0
503	171	1.0
503	38	1.0
503	9	1.0
503	88	1.0
503	7	1.0
503	116	1.0
504	1	1.0
504	98	1.0
504	206	1.0
504	105	1.0
504	9	1.0
504	7	1.0
504	24	1.0
505	70	1.0
505	510	1.0
505	88	1.0
505	7	1.0
505	9	1.0
505	85	1.0
505	11	1.0
505	498	1.0
506	9	1.0
506	7	1.0
506	40	1.0
506	5	1.0
506	51	1.0
506	1	1.0
507	508	1.0
507	181	1.0
507	7	1.0
507	75	1.0
507	9	1.0
507	77	1.0
507	681	1.0
508	7	1.0
508	181	1.0
508	75	1.0
508	9	1.0
509	7	1.0
509	88	1.0
509	522	1.0
509	9	1.0
510	88	1.0
510	70	1.0
510	498	1.0
510	9	1.0
510	85	1.0
510	7	1.0
510	11	1.0
511	7	1.0
511	9	1.0
511	21	1.0
512	26	1.0
512	173	1.0
512	9	1.0
512	7	1.0
513	1	1.0
513	51	1.0
513	9	1.0
513	5	1.0
513	488	1.0
513	40	1.0
513	7	1.0
514	173	1.0
514	26	1.0
514	9	1.0
514	934	1.0
514	7	1.0
514	340	1.0
515	7	1.0
515	198	1.0
515	9	1.0
516	11	1.0
516	9	1.0
516	7	1.0
516	88	1.0
516	70	1.0
517	7	1.0
517	209	1.0
517	11	1.0
517	70	1.0
517	88	1.0
517	9	1.0
518	88	1.0
518	216	1.0
518	70	1.0
518	7	1.0
518	9	1.0
518	11	1.0
518	85	1.0
519	350	1.0
519	26	1.0
519	52	1.0
519	25	1.0
519	7	1.0
519	9	1.0
520	24	1.0
520	1	1.0
520	98	1.0
520	244	1.0
520	7	1.0
520	105	1.0
520	9	1.0
521	522	1.0
521	88	1.0
521	1004	1.0
521	7	1.0
521	9	1.0
522	88	1.0
522	9	1.0
522	7	1.0
523	21	1.0
523	278	1.0
523	9	1.0
523	454	1.0
523	7	1.0
524	56	1.0
524	51	1.0
524	40	1.0
524	9	1.0
524	5	1.0
524	7	1.0
524	1	1.0
525	350	1.0
525	656	1.0
525	7	1.0
525	25	1.0
525	26	1.0
525	9	1.0
526	24	1.0
526	324	1.0
526	9	1.0
526	1	1.0
526	7	1.0
526	105	1.0
526	98	1.0
527	11	1.0
527	88	1.0
527	9	1.0
527	7	1.0
527	70	1.0
527	159	1.0
527	85	1.0
528	75	1.0
528	9	1.0
528	7	1.0
529	9	1.0
529	1	1.0
529	7	1.0
529	51	1.0
529	5	1.0
529	857	1.0
529	313	1.0
530	24	1.0
530	427	1.0
530	7	1.0
530	105	1.0
530	9	1.0
530	98	1.0
530	1	1.0
531	9	1.0
531	381	1.0
531	7	1.0
531	192	1.0
532	143	1.0
532	5	1.0
532	9	1.0
532	40	1.0
532	7	1.0
532	1	1.0
532	51	1.0
532	56	1.0
533	11	1.0
533	70	1.0
533	7	1.0
533	88	1.0
533	9	1.0
533	328	1.0
534	1	1.0
534	7	1.0
534	206	1.0
534	98	1.0
534	9	1.0
534	105	1.0
534	24	1.0
535	9	1.0
535	88	1.0
535	7	1.0
535	209	1.0
535	11	1.0
535	70	1.0
536	9	1.0
536	126	1.0
536	67	1.0
536	7	1.0
536	357	1.0
536	75	1.0
537	116	1.0
537	38	1.0
537	171	1.0
537	88	1.0
537	7	1.0
537	9	1.0
538	7	1.0
538	13	1.0
538	9	1.0
538	51	1.0
538	176	1.0
538	5	1.0
538	40	1.0
538	1	1.0
539	51	1.0
539	5	1.0
539	9	1.0
539	313	1.0
539	1	1.0
539	7	1.0
540	7	1.0
540	9	1.0
540	917	1.0
541	445	1.0
541	209	1.0
541	9	1.0
541	11	1.0
541	88	1.0
541	70	1.0
541	7	1.0
542	243	1.0
542	63	1.0
542	9	1.0
542	7	1.0
542	465	1.0
543	21	1.0
543	7	1.0
543	9	1.0
543	82	1.0
544	3	1.0
544	88	1.0
544	7	1.0
544	9	1.0
545	11	1.0
545	70	1.0
545	9	1.0
545	7	1.0
545	88	1.0
546	547	1.0
546	1165	1.0
546	9	1.0
546	7	1.0
547	9	1.0
547	1165	1.0
547	7	1.0
548	95	1.0
548	7	1.0
548	9	1.0
548	88	1.0
548	3	1.0
549	9	1.0
549	1083	1.0
549	7	1.0
549	112	1.0
550	88	1.0
550	567	1.0
550	11	1.0
550	9	1.0
550	159	1.0
550	7	1.0
550	70	1.0
550	85	1.0
551	7	1.0
551	216	1.0
551	85	1.0
551	11	1.0
551	70	1.0
551	88	1.0
551	9	1.0
552	51	1.0
552	5	1.0
552	7	1.0
552	40	1.0
552	9	1.0
552	56	1.0
552	1	1.0
553	67	1.0
553	316	1.0
553	126	1.0
553	9	1.0
553	7	1.0
553	140	1.0
553	75	1.0
554	9	1.0
554	1	1.0
554	51	1.0
554	7	1.0
554	5	1.0
555	556	1.0
555	7	1.0
555	9	1.0
555	21	1.0
556	9	1.0
556	7	1.0
556	21	1.0
557	209	1.0
557	9	1.0
557	70	1.0
557	88	1.0
557	7	1.0
557	11	1.0
558	24	1.0
558	105	1.0
558	9	1.0
558	244	1.0
558	1	1.0
558	7	1.0
558	98	1.0
558	483	1.0
559	560	1.0
559	7	1.0
559	9	1.0
559	88	1.0
559	522	1.0
560	9	1.0
560	7	1.0
560	88	1.0
560	522	1.0
561	21	1.0
561	9	1.0
561	7	1.0
562	9	1.0
562	7	1.0
562	5	1.0
562	40	1.0
562	1	1.0
562	51	1.0
563	181	1.0
563	508	1.0
563	75	1.0
563	9	1.0
563	7	1.0
563	78	1.0
564	9	1.0
564	3	1.0
564	7	1.0
564	88	1.0
565	9	1.0
565	18	1.0
565	677	1.0
565	17	1.0
565	7	1.0
565	124	1.0
566	9	1.0
566	7	1.0
566	26	1.0
567	70	1.0
567	7	1.0
567	85	1.0
567	159	1.0
567	9	1.0
567	88	1.0
567	11	1.0
568	9	1.0
568	11	1.0
568	629	1.0
568	88	1.0
568	7	1.0
569	7	1.0
569	562	1.0
569	40	1.0
569	9	1.0
569	1	1.0
569	5	1.0
569	51	1.0
570	1	1.0
570	625	1.0
570	7	1.0
570	24	1.0
570	9	1.0
570	105	1.0
571	198	1.0
571	9	1.0
571	7	1.0
572	9	1.0
572	7	1.0
572	159	1.0
572	88	1.0
572	70	1.0
572	85	1.0
572	11	1.0
573	234	1.0
573	70	1.0
573	88	1.0
573	11	1.0
573	9	1.0
573	7	1.0
573	209	1.0
574	88	1.0
574	498	1.0
574	85	1.0
574	7	1.0
574	182	1.0
574	11	1.0
574	9	1.0
574	70	1.0
575	5	1.0
575	51	1.0
575	9	1.0
575	1	1.0
575	40	1.0
575	7	1.0
576	24	1.0
576	105	1.0
576	98	1.0
576	324	1.0
576	1	1.0
576	7	1.0
576	9	1.0
577	233	1.0
577	1	1.0
577	7	1.0
577	24	1.0
577	98	1.0
577	9	1.0
577	105	1.0
578	51	1.0
578	7	1.0
578	9	1.0
578	1	1.0
579	7	1.0
579	522	1.0
579	560	1.0
579	88	1.0
579	9	1.0
580	9	1.0
580	7	1.0
580	11	1.0
580	70	1.0
580	703	1.0
580	88	1.0
581	216	1.0
581	85	1.0
581	70	1.0
581	9	1.0
581	588	1.0
581	88	1.0
581	11	1.0
581	7	1.0
582	583	1.0
582	596	1.0
582	342	1.0
582	7	1.0
583	342	1.0
583	7	1.0
583	596	1.0
584	9	1.0
584	7	1.0
584	88	1.0
585	7	1.0
585	9	1.0
585	11	1.0
585	88	1.0
585	612	1.0
586	51	1.0
586	40	1.0
586	5	1.0
586	1	1.0
586	562	1.0
586	569	1.0
586	9	1.0
586	7	1.0
587	60	1.0
587	88	1.0
587	171	1.0
587	9	1.0
587	7	1.0
588	11	1.0
588	7	1.0
588	85	1.0
588	88	1.0
588	70	1.0
588	216	1.0
588	9	1.0
589	9	1.0
589	21	1.0
589	1170	1.0
589	7	1.0
590	9	1.0
590	26	1.0
590	173	1.0
590	512	1.0
590	7	1.0
591	1	1.0
591	809	1.0
591	7	1.0
591	9	1.0
591	24	1.0
592	181	1.0
592	75	1.0
592	7	1.0
592	681	1.0
592	77	1.0
592	9	1.0
592	508	1.0
593	181	1.0
593	9	1.0
593	75	1.0
593	7	1.0
593	508	1.0
594	9	1.0
594	7	1.0
595	596	1.0
595	7	1.0
595	342	1.0
595	1122	1.0
596	7	1.0
597	7	1.0
597	342	1.0
597	596	1.0
598	9	1.0
598	926	1.0
598	26	1.0
598	7	1.0
599	9	1.0
599	21	1.0
599	7	1.0
600	70	1.0
600	7	1.0
600	9	1.0
600	88	1.0
600	445	1.0
600	11	1.0
600	209	1.0
601	348	1.0
601	1	1.0
601	56	1.0
601	7	1.0
601	51	1.0
601	40	1.0
601	5	1.0
601	9	1.0
602	11	1.0
602	88	1.0
602	70	1.0
602	9	1.0
602	209	1.0
602	7	1.0
603	56	1.0
603	51	1.0
603	1	1.0
603	7	1.0
603	9	1.0
603	40	1.0
603	5	1.0
603	136	1.0
604	281	1.0
604	9	1.0
604	26	1.0
604	43	1.0
604	7	1.0
604	42	1.0
605	88	1.0
605	70	1.0
605	209	1.0
605	852	1.0
605	517	1.0
605	11	1.0
605	9	1.0
605	7	1.0
606	105	1.0
606	98	1.0
606	7	1.0
606	9	1.0
606	24	1.0
606	1	1.0
607	173	1.0
607	9	1.0
607	7	1.0
607	512	1.0
607	26	1.0
608	9	1.0
608	21	1.0
608	7	1.0
608	185	1.0
609	9	1.0
609	7	1.0
609	24	1.0
609	1	1.0
610	526	1.0
610	9	1.0
610	105	1.0
610	7	1.0
610	324	1.0
610	24	1.0
610	98	1.0
610	1	1.0
611	126	1.0
611	75	1.0
611	9	1.0
611	7	1.0
611	67	1.0
612	11	1.0
612	88	1.0
612	7	1.0
612	9	1.0
613	9	1.0
613	11	1.0
613	88	1.0
613	70	1.0
613	7	1.0
614	9	1.0
614	7	1.0
615	242	1.0
615	495	1.0
615	63	1.0
615	7	1.0
615	243	1.0
615	9	1.0
616	9	1.0
616	7	1.0
616	88	1.0
616	522	1.0
616	560	1.0
617	51	1.0
617	5	1.0
617	9	1.0
617	1	1.0
617	313	1.0
617	7	1.0
618	9	1.0
618	171	1.0
618	7	1.0
618	60	1.0
618	59	1.0
618	88	1.0
619	9	1.0
619	98	1.0
619	7	1.0
619	24	1.0
619	105	1.0
619	1123	1.0
619	427	1.0
619	1	1.0
620	7	1.0
620	185	1.0
620	9	1.0
620	21	1.0
620	906	1.0
621	522	1.0
621	9	1.0
621	7	1.0
621	88	1.0
622	173	1.0
622	512	1.0
622	1043	1.0
622	9	1.0
622	26	1.0
622	7	1.0
623	192	1.0
623	7	1.0
623	73	1.0
623	9	1.0
623	909	1.0
624	366	1.0
624	21	1.0
624	7	1.0
624	9	1.0
624	352	1.0
625	1	1.0
625	105	1.0
625	9	1.0
625	7	1.0
625	24	1.0
626	9	1.0
626	115	1.0
626	73	1.0
626	7	1.0
626	192	1.0
627	115	1.0
627	9	1.0
627	192	1.0
627	73	1.0
627	7	1.0
628	21	1.0
628	7	1.0
628	9	1.0
629	7	1.0
629	88	1.0
629	11	1.0
629	9	1.0
630	24	1.0
630	1	1.0
630	625	1.0
630	105	1.0
630	7	1.0
630	9	1.0
631	1	1.0
631	40	1.0
631	9	1.0
631	51	1.0
631	5	1.0
631	162	1.0
631	7	1.0
631	729	1.0
632	9	1.0
632	242	1.0
632	243	1.0
632	7	1.0
632	63	1.0
633	56	1.0
633	5	1.0
633	7	1.0
633	1	1.0
633	40	1.0
633	9	1.0
633	51	1.0
634	7	1.0
634	38	1.0
634	9	1.0
634	171	1.0
634	116	1.0
634	88	1.0
635	7	1.0
635	56	1.0
635	51	1.0
635	5	1.0
635	9	1.0
635	1109	1.0
635	40	1.0
635	1	1.0
636	26	1.0
636	340	1.0
636	7	1.0
636	250	1.0
636	173	1.0
636	9	1.0
637	9	1.0
637	88	1.0
637	11	1.0
637	7	1.0
637	788	1.0
638	340	1.0
638	173	1.0
638	7	1.0
638	26	1.0
638	9	1.0
639	9	1.0
639	192	1.0
639	73	1.0
639	7	1.0
639	115	1.0
640	116	1.0
640	9	1.0
640	171	1.0
640	7	1.0
640	88	1.0
640	93	1.0
640	38	1.0
641	21	1.0
641	180	1.0
641	7	1.0
641	253	1.0
641	9	1.0
641	422	1.0
642	612	1.0
642	88	1.0
642	7	1.0
642	9	1.0
642	11	1.0
643	7	1.0
643	88	1.0
643	9	1.0
643	439	1.0
643	171	1.0
643	116	1.0
644	51	1.0
644	9	1.0
644	1	1.0
644	162	1.0
644	385	1.0
644	40	1.0
644	7	1.0
644	5	1.0
645	5	1.0
645	51	1.0
645	7	1.0
645	1	1.0
645	492	1.0
645	9	1.0
645	562	1.0
645	40	1.0
646	192	1.0
646	7	1.0
646	73	1.0
646	115	1.0
646	9	1.0
647	9	1.0
647	51	1.0
647	7	1.0
647	5	1.0
647	40	1.0
647	506	1.0
647	1	1.0
648	9	1.0
648	53	1.0
648	182	1.0
648	7	1.0
648	498	1.0
648	85	1.0
648	11	1.0
648	70	1.0
648	88	1.0
649	7	1.0
649	75	1.0
649	508	1.0
649	9	1.0
649	681	1.0
649	181	1.0
649	77	1.0
650	3	1.0
650	7	1.0
650	9	1.0
650	88	1.0
650	127	1.0
651	9	1.0
651	7	1.0
651	45	1.0
651	73	1.0
651	192	1.0
652	70	1.0
652	209	1.0
652	9	1.0
652	11	1.0
652	7	1.0
652	455	1.0
652	88	1.0
653	9	1.0
653	18	1.0
653	7	1.0
653	1067	1.0
654	337	1.0
654	7	1.0
654	26	1.0
654	281	1.0
654	9	1.0
655	9	1.0
655	522	1.0
655	88	1.0
655	7	1.0
655	560	1.0
656	350	1.0
656	7	1.0
656	26	1.0
656	25	1.0
656	9	1.0
657	88	1.0
657	38	1.0
657	171	1.0
657	116	1.0
657	9	1.0
657	7	1.0
658	9	1.0
658	173	1.0
658	512	1.0
658	26	1.0
658	7	1.0
659	5	1.0
659	176	1.0
659	1	1.0
659	7	1.0
659	40	1.0
659	51	1.0
659	9	1.0
660	9	1.0
660	70	1.0
660	455	1.0
660	209	1.0
660	7	1.0
660	11	1.0
660	88	1.0
661	9	1.0
661	7	1.0
661	355	1.0
661	26	1.0
662	67	1.0
662	75	1.0
662	140	1.0
662	7	1.0
662	9	1.0
662	316	1.0
662	126	1.0
663	21	1.0
663	1160	1.0
663	7	1.0
663	9	1.0
664	7	1.0
664	51	1.0
664	1	1.0
664	40	1.0
664	9	1.0
664	5	1.0
664	562	1.0
665	7	1.0
665	9	1.0
666	465	1.0
666	9	1.0
666	243	1.0
666	7	1.0
666	63	1.0
666	868	1.0
667	1	1.0
667	51	1.0
667	9	1.0
667	7	1.0
667	377	1.0
667	506	1.0
667	5	1.0
667	40	1.0
668	9	1.0
668	192	1.0
668	45	1.0
668	7	1.0
668	73	1.0
669	7	1.0
669	77	1.0
669	508	1.0
669	307	1.0
669	75	1.0
669	181	1.0
669	9	1.0
670	51	1.0
670	5	1.0
670	40	1.0
670	9	1.0
670	1	1.0
670	56	1.0
670	7	1.0
671	40	1.0
671	1	1.0
671	7	1.0
671	9	1.0
671	162	1.0
671	246	1.0
671	5	1.0
671	385	1.0
671	51	1.0
672	436	1.0
672	9	1.0
672	7	1.0
672	299	1.0
672	21	1.0
673	7	1.0
673	9	1.0
673	198	1.0
673	1013	1.0
674	9	1.0
674	352	1.0
674	21	1.0
674	7	1.0
674	366	1.0
675	439	1.0
675	7	1.0
675	116	1.0
675	9	1.0
675	171	1.0
675	88	1.0
676	677	1.0
676	18	1.0
676	124	1.0
676	7	1.0
676	9	1.0
677	9	1.0
677	7	1.0
678	679	1.0
678	758	1.0
678	342	1.0
678	7	1.0
678	596	1.0
679	7	1.0
679	758	1.0
679	342	1.0
679	596	1.0
680	1	1.0
680	105	1.0
680	7	1.0
680	9	1.0
680	98	1.0
680	24	1.0
681	77	1.0
681	75	1.0
681	508	1.0
681	7	1.0
681	9	1.0
681	181	1.0
682	21	1.0
682	7	1.0
682	299	1.0
682	9	1.0
683	9	1.0
683	21	1.0
683	7	1.0
684	60	1.0
684	7	1.0
684	9	1.0
684	1079	1.0
684	171	1.0
684	88	1.0
685	40	1.0
685	397	1.0
685	5	1.0
685	385	1.0
685	9	1.0
685	162	1.0
685	51	1.0
685	1	1.0
685	7	1.0
686	63	1.0
686	495	1.0
686	7	1.0
686	243	1.0
686	242	1.0
686	9	1.0
687	9	1.0
687	21	1.0
687	1160	1.0
687	7	1.0
688	105	1.0
688	1	1.0
688	9	1.0
688	7	1.0
688	24	1.0
688	324	1.0
688	98	1.0
689	5	1.0
689	51	1.0
689	40	1.0
689	7	1.0
689	9	1.0
689	939	1.0
689	1	1.0
690	173	1.0
690	340	1.0
690	759	1.0
690	7	1.0
690	26	1.0
690	9	1.0
691	455	1.0
691	209	1.0
691	9	1.0
691	11	1.0
691	7	1.0
691	70	1.0
691	88	1.0
692	9	1.0
692	7	1.0
692	51	1.0
692	1	1.0
692	56	1.0
692	5	1.0
692	40	1.0
693	499	1.0
693	51	1.0
693	9	1.0
693	7	1.0
693	1	1.0
693	313	1.0
693	5	1.0
694	5	1.0
694	1	1.0
694	40	1.0
694	9	1.0
694	7	1.0
694	51	1.0
695	9	1.0
695	7	1.0
696	88	1.0
696	3	1.0
696	7	1.0
696	127	1.0
696	9	1.0
697	487	1.0
697	105	1.0
697	395	1.0
697	9	1.0
697	1	1.0
697	467	1.0
697	24	1.0
697	7	1.0
698	7	1.0
698	98	1.0
698	105	1.0
698	9	1.0
698	440	1.0
698	206	1.0
698	1	1.0
698	24	1.0
699	7	1.0
699	70	1.0
699	9	1.0
699	216	1.0
699	11	1.0
699	85	1.0
699	88	1.0
700	206	1.0
700	105	1.0
700	7	1.0
700	9	1.0
700	1	1.0
700	98	1.0
700	24	1.0
701	702	1.0
701	51	1.0
701	9	1.0
701	1	1.0
701	7	1.0
702	1	1.0
702	7	1.0
702	51	1.0
702	9	1.0
703	9	1.0
703	11	1.0
703	70	1.0
703	7	1.0
703	88	1.0
704	7	1.0
704	209	1.0
704	88	1.0
704	9	1.0
704	11	1.0
704	70	1.0
704	445	1.0
705	242	1.0
705	7	1.0
705	63	1.0
705	243	1.0
705	9	1.0
706	209	1.0
706	7	1.0
706	88	1.0
706	70	1.0
706	9	1.0
706	11	1.0
707	7	1.0
707	3	1.0
707	88	1.0
707	9	1.0
708	525	1.0
708	26	1.0
708	25	1.0
708	9	1.0
708	350	1.0
708	7	1.0
708	656	1.0
709	88	1.0
709	946	1.0
709	9	1.0
709	7	1.0
709	60	1.0
709	171	1.0
710	7	1.0
710	596	1.0
710	583	1.0
710	342	1.0
711	3	1.0
711	7	1.0
711	88	1.0
711	9	1.0
711	544	1.0
712	522	1.0
712	509	1.0
712	9	1.0
712	88	1.0
712	7	1.0
713	9	1.0
713	70	1.0
713	498	1.0
713	88	1.0
713	85	1.0
713	7	1.0
713	11	1.0
714	89	1.0
714	9	1.0
714	7	1.0
714	185	1.0
714	21	1.0
715	7	1.0
715	480	1.0
715	11	1.0
715	88	1.0
715	184	1.0
715	9	1.0
716	43	1.0
716	281	1.0
716	9	1.0
716	26	1.0
716	7	1.0
717	9	1.0
717	21	1.0
717	7	1.0
718	7	1.0
718	299	1.0
718	21	1.0
718	804	1.0
718	9	1.0
719	9	1.0
719	3	1.0
719	7	1.0
719	88	1.0
719	127	1.0
719	650	1.0
720	9	1.0
720	21	1.0
720	28	1.0
720	7	1.0
721	173	1.0
721	7	1.0
721	26	1.0
721	934	1.0
721	9	1.0
721	340	1.0
722	192	1.0
722	9	1.0
722	115	1.0
722	7	1.0
722	73	1.0
723	26	1.0
723	7	1.0
723	281	1.0
723	43	1.0
723	716	1.0
723	9	1.0
724	5	1.0
724	247	1.0
724	9	1.0
724	7	1.0
724	40	1.0
724	162	1.0
724	51	1.0
724	1	1.0
725	1	1.0
725	51	1.0
725	9	1.0
725	5	1.0
725	7	1.0
725	313	1.0
726	584	1.0
726	88	1.0
726	9	1.0
726	7	1.0
727	1	1.0
727	9	1.0
727	292	1.0
727	7	1.0
727	98	1.0
727	24	1.0
727	105	1.0
728	1	1.0
728	56	1.0
728	5	1.0
728	40	1.0
728	9	1.0
728	51	1.0
728	7	1.0
729	7	1.0
729	40	1.0
729	5	1.0
729	9	1.0
729	51	1.0
729	1	1.0
729	162	1.0
730	7	1.0
730	342	1.0
730	864	1.0
730	596	1.0
730	758	1.0
731	88	1.0
731	70	1.0
731	7	1.0
731	209	1.0
731	9	1.0
731	11	1.0
731	517	1.0
732	596	1.0
732	864	1.0
732	342	1.0
732	758	1.0
732	7	1.0
733	9	1.0
733	98	1.0
733	105	1.0
733	7	1.0
733	24	1.0
733	324	1.0
733	1	1.0
734	9	1.0
734	5	1.0
734	51	1.0
734	562	1.0
734	569	1.0
734	40	1.0
734	1	1.0
734	7	1.0
735	9	1.0
735	7	1.0
735	665	1.0
736	7	1.0
736	88	1.0
736	9	1.0
736	11	1.0
736	70	1.0
737	355	1.0
737	7	1.0
737	9	1.0
737	26	1.0
738	1	1.0
738	51	1.0
738	7	1.0
738	9	1.0
738	1052	1.0
739	3	1.0
739	95	1.0
739	88	1.0
739	7	1.0
739	9	1.0
740	85	1.0
740	88	1.0
740	11	1.0
740	7	1.0
740	216	1.0
740	70	1.0
740	9	1.0
741	439	1.0
741	116	1.0
741	9	1.0
741	171	1.0
741	7	1.0
741	88	1.0
742	7	1.0
742	70	1.0
742	88	1.0
742	159	1.0
742	85	1.0
742	11	1.0
742	9	1.0
743	51	1.0
743	56	1.0
743	40	1.0
743	5	1.0
743	9	1.0
743	7	1.0
743	1	1.0
743	443	1.0
744	88	1.0
744	9	1.0
744	11	1.0
744	7	1.0
744	480	1.0
745	45	1.0
745	7	1.0
745	73	1.0
745	9	1.0
745	192	1.0
746	51	1.0
746	1	1.0
746	119	1.0
746	9	1.0
746	7	1.0
747	7	1.0
747	9	1.0
747	105	1.0
747	1	1.0
747	98	1.0
747	24	1.0
748	498	1.0
748	319	1.0
748	70	1.0
748	85	1.0
748	7	1.0
748	9	1.0
748	11	1.0
748	88	1.0
749	7	1.0
749	11	1.0
749	788	1.0
749	9	1.0
749	88	1.0
750	21	1.0
750	9	1.0
750	7	1.0
750	1170	1.0
751	104	1.0
751	427	1.0
751	1	1.0
751	24	1.0
751	7	1.0
751	9	1.0
751	105	1.0
751	98	1.0
752	7	1.0
752	9	1.0
752	70	1.0
752	11	1.0
752	88	1.0
752	703	1.0
753	1	1.0
753	506	1.0
753	7	1.0
753	5	1.0
753	377	1.0
753	51	1.0
753	9	1.0
753	40	1.0
754	24	1.0
754	1	1.0
754	9	1.0
754	7	1.0
754	467	1.0
754	105	1.0
755	11	1.0
755	70	1.0
755	7	1.0
755	9	1.0
755	209	1.0
755	455	1.0
755	88	1.0
756	9	1.0
756	7	1.0
756	281	1.0
756	337	1.0
756	26	1.0
757	758	1.0
757	679	1.0
757	7	1.0
757	342	1.0
757	596	1.0
758	342	1.0
758	7	1.0
758	596	1.0
759	7	1.0
759	173	1.0
759	26	1.0
759	340	1.0
759	9	1.0
760	5	1.0
760	40	1.0
760	51	1.0
760	7	1.0
760	1	1.0
760	562	1.0
760	9	1.0
761	9	1.0
761	3	1.0
761	7	1.0
761	88	1.0
761	95	1.0
762	763	1.0
762	51	1.0
762	1	1.0
762	7	1.0
762	5	1.0
762	729	1.0
762	9	1.0
762	40	1.0
762	162	1.0
763	7	1.0
763	51	1.0
763	9	1.0
763	729	1.0
763	1	1.0
763	162	1.0
763	5	1.0
763	40	1.0
764	9	1.0
764	337	1.0
764	7	1.0
764	281	1.0
764	26	1.0
765	85	1.0
765	7	1.0
765	70	1.0
765	11	1.0
765	159	1.0
765	9	1.0
765	88	1.0
766	9	1.0
766	128	1.0
766	7	1.0
766	11	1.0
766	703	1.0
766	88	1.0
766	70	1.0
766	129	1.0
767	216	1.0
767	88	1.0
767	7	1.0
767	9	1.0
767	134	1.0
767	85	1.0
767	70	1.0
767	11	1.0
768	9	1.0
768	98	1.0
768	24	1.0
768	105	1.0
768	526	1.0
768	324	1.0
768	1	1.0
768	7	1.0
769	9	1.0
769	198	1.0
769	7	1.0
769	854	1.0
769	197	1.0
770	9	1.0
770	7	1.0
770	26	1.0
770	512	1.0
770	173	1.0
771	629	1.0
771	7	1.0
771	9	1.0
771	11	1.0
771	88	1.0
772	506	1.0
772	1	1.0
772	40	1.0
772	5	1.0
772	51	1.0
772	7	1.0
772	9	1.0
773	40	1.0
773	5	1.0
773	562	1.0
773	51	1.0
773	9	1.0
773	1	1.0
773	7	1.0
773	569	1.0
774	9	1.0
774	1	1.0
774	311	1.0
774	51	1.0
774	312	1.0
774	7	1.0
775	656	1.0
775	7	1.0
775	9	1.0
775	26	1.0
775	25	1.0
775	350	1.0
776	9	1.0
776	7	1.0
776	21	1.0
777	21	1.0
777	180	1.0
777	7	1.0
777	237	1.0
777	422	1.0
777	9	1.0
778	560	1.0
778	88	1.0
778	522	1.0
778	9	1.0
778	7	1.0
779	9	1.0
779	969	1.0
779	7	1.0
779	3	1.0
779	88	1.0
780	192	1.0
780	45	1.0
780	9	1.0
780	7	1.0
780	73	1.0
781	60	1.0
781	171	1.0
781	88	1.0
781	7	1.0
781	1079	1.0
781	9	1.0
782	162	1.0
782	40	1.0
782	385	1.0
782	9	1.0
782	7	1.0
782	246	1.0
782	5	1.0
782	51	1.0
782	1	1.0
783	124	1.0
783	7	1.0
783	18	1.0
783	9	1.0
783	1158	1.0
783	677	1.0
784	785	1.0
784	70	1.0
784	11	1.0
784	7	1.0
784	88	1.0
784	9	1.0
785	88	1.0
785	70	1.0
785	7	1.0
785	11	1.0
785	9	1.0
786	488	1.0
786	9	1.0
786	40	1.0
786	51	1.0
786	1	1.0
786	7	1.0
786	5	1.0
787	185	1.0
787	7	1.0
787	9	1.0
787	89	1.0
787	21	1.0
788	9	1.0
788	7	1.0
788	88	1.0
788	11	1.0
789	192	1.0
789	73	1.0
789	7	1.0
789	115	1.0
789	9	1.0
790	20	1.0
790	21	1.0
790	180	1.0
790	9	1.0
790	7	1.0
791	9	1.0
791	88	1.0
791	11	1.0
791	788	1.0
791	7	1.0
792	98	1.0
792	24	1.0
792	9	1.0
792	105	1.0
792	1	1.0
792	206	1.0
792	7	1.0
793	7	1.0
793	5	1.0
793	9	1.0
793	51	1.0
793	162	1.0
793	385	1.0
793	40	1.0
793	397	1.0
793	1	1.0
794	88	1.0
794	216	1.0
794	85	1.0
794	9	1.0
794	11	1.0
794	7	1.0
794	70	1.0
795	281	1.0
795	7	1.0
795	9	1.0
795	26	1.0
796	180	1.0
796	422	1.0
796	9	1.0
796	237	1.0
796	21	1.0
796	7	1.0
797	9	1.0
797	7	1.0
798	88	1.0
798	7	1.0
798	9	1.0
798	171	1.0
798	60	1.0
799	70	1.0
799	11	1.0
799	9	1.0
799	516	1.0
799	7	1.0
799	88	1.0
800	788	1.0
800	88	1.0
800	9	1.0
800	7	1.0
800	11	1.0
801	194	1.0
801	7	1.0
801	9	1.0
801	88	1.0
801	1082	1.0
802	88	1.0
802	85	1.0
802	7	1.0
802	9	1.0
802	70	1.0
802	159	1.0
802	11	1.0
803	89	1.0
803	7	1.0
803	21	1.0
803	185	1.0
803	9	1.0
804	7	1.0
804	299	1.0
804	21	1.0
804	9	1.0
805	198	1.0
805	7	1.0
805	515	1.0
805	9	1.0
806	24	1.0
806	98	1.0
806	9	1.0
806	7	1.0
806	104	1.0
806	427	1.0
806	1	1.0
806	105	1.0
807	70	1.0
807	9	1.0
807	445	1.0
807	7	1.0
807	11	1.0
807	88	1.0
807	209	1.0
808	596	1.0
808	342	1.0
808	7	1.0
808	583	1.0
809	9	1.0
809	24	1.0
809	7	1.0
809	1	1.0
810	9	1.0
810	7	1.0
810	286	1.0
810	21	1.0
811	7	1.0
811	24	1.0
811	98	1.0
811	105	1.0
811	1	1.0
811	9	1.0
812	366	1.0
812	7	1.0
812	21	1.0
812	9	1.0
813	62	1.0
813	63	1.0
813	9	1.0
813	7	1.0
814	70	1.0
814	11	1.0
814	890	1.0
814	88	1.0
814	9	1.0
814	159	1.0
814	85	1.0
814	7	1.0
815	11	1.0
815	7	1.0
815	9	1.0
815	85	1.0
815	88	1.0
815	70	1.0
815	182	1.0
815	498	1.0
816	40	1.0
816	7	1.0
816	9	1.0
816	51	1.0
816	1	1.0
816	246	1.0
816	385	1.0
816	162	1.0
816	5	1.0
817	1	1.0
817	51	1.0
817	56	1.0
817	7	1.0
817	9	1.0
817	40	1.0
817	5	1.0
818	7	1.0
818	485	1.0
818	9	1.0
818	112	1.0
819	70	1.0
819	7	1.0
819	88	1.0
819	11	1.0
819	9	1.0
820	11	1.0
820	88	1.0
820	480	1.0
820	9	1.0
820	7	1.0
821	9	1.0
821	612	1.0
821	7	1.0
821	11	1.0
821	88	1.0
822	7	1.0
822	40	1.0
822	1	1.0
822	9	1.0
822	939	1.0
822	51	1.0
822	5	1.0
823	88	1.0
823	3	1.0
823	7	1.0
823	9	1.0
823	969	1.0
824	9	1.0
824	7	1.0
824	1015	1.0
824	26	1.0
824	281	1.0
825	88	1.0
825	171	1.0
825	439	1.0
825	116	1.0
825	7	1.0
825	9	1.0
826	9	1.0
826	480	1.0
826	7	1.0
826	11	1.0
826	88	1.0
827	828	1.0
827	7	1.0
828	7	1.0
829	480	1.0
829	9	1.0
829	11	1.0
829	7	1.0
829	88	1.0
830	9	1.0
830	843	1.0
830	7	1.0
830	21	1.0
830	454	1.0
831	185	1.0
831	282	1.0
831	7	1.0
831	9	1.0
831	21	1.0
832	9	1.0
832	7	1.0
833	126	1.0
833	316	1.0
833	9	1.0
833	140	1.0
833	7	1.0
833	75	1.0
833	67	1.0
834	88	1.0
834	7	1.0
834	9	1.0
834	3	1.0
834	544	1.0
835	9	1.0
835	7	1.0
835	21	1.0
835	82	1.0
836	185	1.0
836	21	1.0
836	7	1.0
836	9	1.0
836	282	1.0
837	9	1.0
837	88	1.0
837	70	1.0
837	216	1.0
837	7	1.0
837	11	1.0
837	85	1.0
838	88	1.0
838	70	1.0
838	455	1.0
838	7	1.0
838	9	1.0
838	209	1.0
838	11	1.0
839	638	1.0
839	340	1.0
839	9	1.0
839	173	1.0
839	7	1.0
839	26	1.0
840	7	1.0
840	26	1.0
840	173	1.0
840	340	1.0
840	9	1.0
841	9	1.0
841	7	1.0
841	206	1.0
841	1	1.0
841	98	1.0
841	24	1.0
841	105	1.0
842	9	1.0
842	173	1.0
842	512	1.0
842	7	1.0
842	26	1.0
843	7	1.0
843	9	1.0
843	454	1.0
843	21	1.0
844	42	1.0
844	281	1.0
844	26	1.0
844	9	1.0
844	43	1.0
844	7	1.0
845	9	1.0
845	237	1.0
845	422	1.0
845	180	1.0
845	7	1.0
845	21	1.0
846	596	1.0
846	342	1.0
846	7	1.0
846	301	1.0
847	510	1.0
847	9	1.0
847	7	1.0
847	70	1.0
847	498	1.0
847	85	1.0
847	88	1.0
847	11	1.0
848	105	1.0
848	1	1.0
848	98	1.0
848	324	1.0
848	24	1.0
848	7	1.0
848	9	1.0
849	1	1.0
849	5	1.0
849	7	1.0
849	9	1.0
849	40	1.0
849	51	1.0
849	385	1.0
849	162	1.0
850	313	1.0
850	9	1.0
850	5	1.0
850	51	1.0
850	7	1.0
850	1	1.0
851	9	1.0
851	171	1.0
851	38	1.0
851	7	1.0
851	116	1.0
851	88	1.0
852	88	1.0
852	7	1.0
852	209	1.0
852	70	1.0
852	11	1.0
852	517	1.0
852	9	1.0
853	854	1.0
853	9	1.0
853	198	1.0
853	197	1.0
853	7	1.0
854	7	1.0
854	9	1.0
854	197	1.0
854	198	1.0
855	21	1.0
855	9	1.0
855	7	1.0
856	21	1.0
856	9	1.0
856	7	1.0
856	180	1.0
857	51	1.0
857	313	1.0
857	7	1.0
857	1	1.0
857	9	1.0
857	5	1.0
858	7	1.0
858	51	1.0
858	1	1.0
858	9	1.0
858	1052	1.0
859	88	1.0
859	480	1.0
859	11	1.0
859	7	1.0
859	9	1.0
860	7	1.0
860	26	1.0
860	42	1.0
860	9	1.0
860	281	1.0
860	43	1.0
861	1	1.0
861	24	1.0
861	324	1.0
861	98	1.0
861	9	1.0
861	105	1.0
861	7	1.0
862	7	1.0
862	528	1.0
862	75	1.0
862	9	1.0
863	864	1.0
863	7	1.0
863	342	1.0
863	596	1.0
863	758	1.0
864	758	1.0
864	342	1.0
864	7	1.0
864	596	1.0
865	25	1.0
865	525	1.0
865	26	1.0
865	350	1.0
865	7	1.0
865	9	1.0
865	656	1.0
866	88	1.0
866	3	1.0
866	9	1.0
866	7	1.0
867	7	1.0
867	785	1.0
867	88	1.0
867	70	1.0
867	9	1.0
867	11	1.0
868	7	1.0
868	465	1.0
868	9	1.0
868	243	1.0
868	63	1.0
869	9	1.0
869	7	1.0
869	21	1.0
869	180	1.0
870	51	1.0
870	40	1.0
870	9	1.0
870	1	1.0
870	7	1.0
870	56	1.0
870	5	1.0
871	21	1.0
871	7	1.0
871	180	1.0
871	9	1.0
872	3	1.0
872	88	1.0
872	984	1.0
872	9	1.0
872	7	1.0
873	24	1.0
873	9	1.0
873	1	1.0
873	324	1.0
873	98	1.0
873	105	1.0
873	7	1.0
874	506	1.0
874	5	1.0
874	377	1.0
874	40	1.0
874	1	1.0
874	9	1.0
874	51	1.0
874	7	1.0
875	439	1.0
875	171	1.0
875	9	1.0
875	116	1.0
875	7	1.0
875	88	1.0
876	9	1.0
876	126	1.0
876	67	1.0
876	75	1.0
876	7	1.0
876	140	1.0
877	11	1.0
877	216	1.0
877	7	1.0
877	70	1.0
877	1016	1.0
877	9	1.0
877	85	1.0
877	88	1.0
878	9	1.0
878	88	1.0
878	7	1.0
878	3	1.0
879	75	1.0
879	9	1.0
879	7	1.0
879	1106	1.0
879	357	1.0
879	67	1.0
879	126	1.0
880	7	1.0
880	107	1.0
880	88	1.0
880	9	1.0
880	480	1.0
880	11	1.0
881	88	1.0
881	194	1.0
881	911	1.0
881	7	1.0
881	9	1.0
882	7	1.0
882	350	1.0
882	25	1.0
882	26	1.0
882	9	1.0
882	52	1.0
883	1	1.0
883	51	1.0
883	119	1.0
883	9	1.0
883	7	1.0
884	1	1.0
884	377	1.0
884	9	1.0
884	506	1.0
884	40	1.0
884	51	1.0
884	7	1.0
884	5	1.0
885	24	1.0
885	7	1.0
885	98	1.0
885	1	1.0
885	747	1.0
885	9	1.0
885	105	1.0
886	7	1.0
886	88	1.0
886	9	1.0
886	70	1.0
886	785	1.0
886	11	1.0
887	192	1.0
887	73	1.0
887	45	1.0
887	7	1.0
887	9	1.0
888	85	1.0
888	11	1.0
888	9	1.0
888	7	1.0
888	88	1.0
888	159	1.0
888	70	1.0
889	7	1.0
889	9	1.0
889	1	1.0
889	24	1.0
889	98	1.0
889	105	1.0
890	159	1.0
890	9	1.0
890	85	1.0
890	88	1.0
890	70	1.0
890	11	1.0
890	7	1.0
891	1	1.0
891	105	1.0
891	9	1.0
891	7	1.0
891	104	1.0
891	98	1.0
891	24	1.0
891	427	1.0
892	7	1.0
892	9	1.0
892	82	1.0
892	21	1.0
892	402	1.0
893	515	1.0
893	7	1.0
893	295	1.0
893	9	1.0
893	198	1.0
894	140	1.0
894	75	1.0
894	9	1.0
894	316	1.0
894	67	1.0
894	7	1.0
894	126	1.0
895	24	1.0
895	98	1.0
895	7	1.0
895	1	1.0
895	526	1.0
895	324	1.0
895	105	1.0
895	9	1.0
896	517	1.0
896	11	1.0
896	88	1.0
896	209	1.0
896	9	1.0
896	70	1.0
896	7	1.0
897	7	1.0
897	509	1.0
897	9	1.0
897	522	1.0
897	88	1.0
898	804	1.0
898	21	1.0
898	9	1.0
898	7	1.0
898	299	1.0
899	11	1.0
899	88	1.0
899	7	1.0
899	498	1.0
899	9	1.0
899	85	1.0
899	70	1.0
899	319	1.0
900	51	1.0
900	7	1.0
900	9	1.0
900	5	1.0
900	1	1.0
900	313	1.0
901	7	1.0
901	21	1.0
901	9	1.0
902	903	1.0
902	9	1.0
902	7	1.0
902	21	1.0
903	9	1.0
903	21	1.0
903	7	1.0
904	206	1.0
904	7	1.0
904	440	1.0
904	105	1.0
904	9	1.0
904	1	1.0
904	24	1.0
904	98	1.0
905	9	1.0
905	11	1.0
905	629	1.0
905	7	1.0
905	88	1.0
906	7	1.0
906	9	1.0
906	21	1.0
906	185	1.0
907	24	1.0
907	1	1.0
907	105	1.0
907	9	1.0
907	7	1.0
907	98	1.0
907	206	1.0
908	105	1.0
908	98	1.0
908	9	1.0
908	24	1.0
908	1	1.0
908	747	1.0
908	7	1.0
909	192	1.0
909	9	1.0
909	7	1.0
909	73	1.0
910	7	1.0
910	11	1.0
910	9	1.0
910	209	1.0
910	88	1.0
910	70	1.0
910	455	1.0
911	7	1.0
911	194	1.0
911	9	1.0
911	88	1.0
912	88	1.0
912	7	1.0
912	70	1.0
912	9	1.0
912	11	1.0
912	209	1.0
913	7	1.0
913	11	1.0
913	9	1.0
913	88	1.0
913	70	1.0
914	73	1.0
914	192	1.0
914	9	1.0
914	7	1.0
915	9	1.0
915	98	1.0
915	24	1.0
915	324	1.0
915	7	1.0
915	105	1.0
915	1	1.0
915	526	1.0
916	7	1.0
916	9	1.0
916	455	1.0
916	88	1.0
916	11	1.0
916	209	1.0
916	70	1.0
917	7	1.0
917	9	1.0
918	9	1.0
918	26	1.0
918	7	1.0
918	355	1.0
919	7	1.0
919	73	1.0
919	192	1.0
919	9	1.0
919	45	1.0
920	70	1.0
920	9	1.0
920	88	1.0
920	11	1.0
920	7	1.0
920	328	1.0
921	78	1.0
921	508	1.0
921	9	1.0
921	75	1.0
921	181	1.0
921	7	1.0
922	7	1.0
922	1	1.0
922	40	1.0
922	5	1.0
922	51	1.0
922	9	1.0
922	56	1.0
923	88	1.0
923	9	1.0
923	194	1.0
923	7	1.0
923	911	1.0
924	9	1.0
924	105	1.0
924	7	1.0
924	1	1.0
924	98	1.0
924	24	1.0
925	7	1.0
925	198	1.0
925	9	1.0
925	197	1.0
926	9	1.0
926	7	1.0
926	26	1.0
927	7	1.0
927	299	1.0
927	9	1.0
927	21	1.0
927	804	1.0
928	9	1.0
928	485	1.0
928	7	1.0
928	112	1.0
929	194	1.0
929	7	1.0
929	9	1.0
929	88	1.0
930	313	1.0
930	850	1.0
930	1	1.0
930	7	1.0
930	9	1.0
930	51	1.0
930	5	1.0
931	134	1.0
931	9	1.0
931	7	1.0
931	216	1.0
931	88	1.0
931	70	1.0
931	85	1.0
931	11	1.0
932	7	1.0
932	185	1.0
932	21	1.0
932	9	1.0
932	89	1.0
933	62	1.0
933	9	1.0
933	63	1.0
933	7	1.0
934	9	1.0
934	26	1.0
934	7	1.0
934	340	1.0
934	173	1.0
935	9	1.0
935	7	1.0
935	26	1.0
935	926	1.0
936	7	1.0
936	342	1.0
936	596	1.0
936	301	1.0
937	98	1.0
937	1	1.0
937	324	1.0
937	24	1.0
937	105	1.0
937	7	1.0
937	9	1.0
938	9	1.0
938	105	1.0
938	1	1.0
938	467	1.0
938	24	1.0
938	7	1.0
939	40	1.0
939	1	1.0
939	51	1.0
939	9	1.0
939	5	1.0
939	7	1.0
940	51	1.0
940	9	1.0
940	1	1.0
940	7	1.0
940	119	1.0
941	9	1.0
941	357	1.0
941	75	1.0
941	1106	1.0
941	126	1.0
941	7	1.0
941	67	1.0
942	1	1.0
942	7	1.0
942	625	1.0
942	105	1.0
942	24	1.0
942	9	1.0
943	7	1.0
943	545	1.0
943	9	1.0
943	11	1.0
943	70	1.0
943	88	1.0
944	73	1.0
944	9	1.0
944	7	1.0
944	115	1.0
944	192	1.0
944	722	1.0
945	9	1.0
945	7	1.0
945	75	1.0
945	78	1.0
945	508	1.0
945	181	1.0
946	88	1.0
946	7	1.0
946	171	1.0
946	60	1.0
946	9	1.0
947	75	1.0
947	7	1.0
947	126	1.0
947	357	1.0
947	9	1.0
947	67	1.0
947	1106	1.0
948	7	1.0
948	11	1.0
948	9	1.0
948	216	1.0
948	85	1.0
948	88	1.0
948	1136	1.0
948	70	1.0
949	7	1.0
949	67	1.0
949	316	1.0
949	894	1.0
949	75	1.0
949	9	1.0
949	140	1.0
949	126	1.0
950	7	1.0
950	1	1.0
950	40	1.0
950	5	1.0
950	9	1.0
950	176	1.0
950	51	1.0
951	7	1.0
951	173	1.0
951	340	1.0
951	26	1.0
951	250	1.0
951	9	1.0
952	9	1.0
952	21	1.0
952	7	1.0
953	21	1.0
953	185	1.0
953	9	1.0
953	7	1.0
954	316	1.0
954	9	1.0
954	126	1.0
954	67	1.0
954	75	1.0
954	140	1.0
954	7	1.0
955	342	1.0
955	583	1.0
955	596	1.0
955	710	1.0
955	7	1.0
956	9	1.0
956	281	1.0
956	26	1.0
956	7	1.0
956	43	1.0
957	342	1.0
957	758	1.0
957	596	1.0
957	7	1.0
958	85	1.0
958	159	1.0
958	11	1.0
958	9	1.0
958	70	1.0
958	7	1.0
958	88	1.0
959	9	1.0
959	21	1.0
959	33	1.0
959	7	1.0
960	155	1.0
960	209	1.0
960	7	1.0
960	88	1.0
960	11	1.0
960	70	1.0
960	9	1.0
961	173	1.0
961	9	1.0
961	512	1.0
961	7	1.0
961	26	1.0
962	88	1.0
962	9	1.0
962	209	1.0
962	70	1.0
962	11	1.0
962	455	1.0
962	7	1.0
963	827	1.0
963	7	1.0
963	828	1.0
964	7	1.0
964	9	1.0
964	26	1.0
964	281	1.0
964	43	1.0
965	628	1.0
965	7	1.0
965	9	1.0
965	21	1.0
966	9	1.0
966	26	1.0
966	173	1.0
966	7	1.0
966	340	1.0
967	9	1.0
967	26	1.0
967	7	1.0
968	26	1.0
968	7	1.0
968	281	1.0
968	9	1.0
969	7	1.0
969	88	1.0
969	9	1.0
969	3	1.0
970	9	1.0
970	216	1.0
970	7	1.0
970	88	1.0
970	11	1.0
970	70	1.0
970	85	1.0
971	127	1.0
971	88	1.0
971	7	1.0
971	9	1.0
971	3	1.0
972	11	1.0
972	88	1.0
972	70	1.0
972	9	1.0
972	7	1.0
973	124	1.0
973	9	1.0
973	677	1.0
973	7	1.0
973	18	1.0
974	85	1.0
974	70	1.0
974	216	1.0
974	88	1.0
974	11	1.0
974	1016	1.0
974	7	1.0
974	9	1.0
975	7	1.0
975	105	1.0
975	9	1.0
975	1	1.0
975	24	1.0
976	70	1.0
976	209	1.0
976	88	1.0
976	9	1.0
976	517	1.0
976	11	1.0
976	7	1.0
977	7	1.0
977	70	1.0
977	11	1.0
977	9	1.0
977	209	1.0
977	88	1.0
978	9	1.0
978	7	1.0
978	21	1.0
979	9	1.0
979	21	1.0
979	7	1.0
980	981	1.0
980	1129	1.0
980	7	1.0
981	1129	1.0
981	7	1.0
982	340	1.0
982	173	1.0
982	7	1.0
982	934	1.0
982	9	1.0
982	26	1.0
983	984	1.0
983	9	1.0
983	88	1.0
983	3	1.0
983	7	1.0
984	3	1.0
984	7	1.0
984	88	1.0
984	9	1.0
985	21	1.0
985	7	1.0
985	9	1.0
986	7	1.0
986	11	1.0
986	9	1.0
986	88	1.0
986	70	1.0
987	1	1.0
987	506	1.0
987	7	1.0
987	9	1.0
987	377	1.0
987	40	1.0
987	51	1.0
987	5	1.0
988	7	1.0
988	112	1.0
988	1126	1.0
988	9	1.0
989	21	1.0
989	9	1.0
989	7	1.0
989	804	1.0
989	299	1.0
990	478	1.0
990	9	1.0
990	1	1.0
990	7	1.0
991	124	1.0
991	9	1.0
991	7	1.0
991	677	1.0
991	1158	1.0
991	18	1.0
992	515	1.0
992	9	1.0
992	198	1.0
992	7	1.0
993	7	1.0
993	243	1.0
993	465	1.0
993	63	1.0
993	9	1.0
994	355	1.0
994	9	1.0
994	7	1.0
994	26	1.0
995	60	1.0
995	171	1.0
995	9	1.0
995	88	1.0
995	7	1.0
996	1	1.0
996	98	1.0
996	24	1.0
996	7	1.0
996	105	1.0
996	9	1.0
997	7	1.0
997	88	1.0
997	407	1.0
997	11	1.0
997	70	1.0
997	794	1.0
997	9	1.0
997	216	1.0
997	85	1.0
998	1	1.0
998	9	1.0
998	7	1.0
998	98	1.0
998	24	1.0
998	105	1.0
999	75	1.0
999	9	1.0
999	357	1.0
999	126	1.0
999	7	1.0
999	67	1.0
1000	5	1.0
1000	7	1.0
1000	40	1.0
1000	506	1.0
1000	1	1.0
1000	51	1.0
1000	9	1.0
1001	51	1.0
1001	1	1.0
1001	5	1.0
1001	7	1.0
1001	56	1.0
1001	9	1.0
1001	40	1.0
1002	51	1.0
1002	5	1.0
1002	900	1.0
1002	313	1.0
1002	9	1.0
1002	1	1.0
1002	7	1.0
1003	609	1.0
1003	7	1.0
1003	9	1.0
1003	1	1.0
1003	24	1.0
1004	9	1.0
1004	88	1.0
1004	522	1.0
1004	7	1.0
1005	173	1.0
1005	26	1.0
1005	9	1.0
1005	7	1.0
1005	512	1.0
1006	212	1.0
1006	70	1.0
1006	7	1.0
1006	88	1.0
1006	11	1.0
1006	9	1.0
1007	1	1.0
1007	51	1.0
1007	9	1.0
1007	312	1.0
1007	7	1.0
1008	385	1.0
1008	40	1.0
1008	9	1.0
1008	7	1.0
1008	51	1.0
1008	5	1.0
1008	1	1.0
1008	162	1.0
1008	397	1.0
1009	88	1.0
1009	439	1.0
1009	171	1.0
1009	9	1.0
1009	7	1.0
1009	116	1.0
1010	7	1.0
1010	809	1.0
1010	24	1.0
1010	9	1.0
1010	1	1.0
1011	7	1.0
1011	1	1.0
1011	9	1.0
1011	467	1.0
1011	24	1.0
1011	105	1.0
1012	9	1.0
1012	1052	1.0
1012	1	1.0
1012	51	1.0
1012	7	1.0
1013	7	1.0
1013	198	1.0
1013	9	1.0
1014	9	1.0
1014	5	1.0
1014	40	1.0
1014	51	1.0
1014	7	1.0
1014	176	1.0
1014	1	1.0
1015	9	1.0
1015	281	1.0
1015	7	1.0
1015	26	1.0
1016	88	1.0
1016	11	1.0
1016	216	1.0
1016	85	1.0
1016	7	1.0
1016	70	1.0
1016	9	1.0
1017	275	1.0
1017	7	1.0
1017	26	1.0
1017	9	1.0
1018	9	1.0
1018	890	1.0
1018	11	1.0
1018	88	1.0
1018	85	1.0
1018	70	1.0
1018	159	1.0
1018	7	1.0
1019	51	1.0
1019	1110	1.0
1019	1	1.0
1019	9	1.0
1019	7	1.0
1019	5	1.0
1020	7	1.0
1020	9	1.0
1020	584	1.0
1020	88	1.0
1021	7	1.0
1021	21	1.0
1021	9	1.0
1021	82	1.0
1022	40	1.0
1022	7	1.0
1022	51	1.0
1022	9	1.0
1022	1	1.0
1022	506	1.0
1022	5	1.0
1022	377	1.0
1023	9	1.0
1023	11	1.0
1023	209	1.0
1023	70	1.0
1023	7	1.0
1023	88	1.0
1024	7	1.0
1024	112	1.0
1024	9	1.0
1025	151	1.0
1025	9	1.0
1025	7	1.0
1025	21	1.0
1026	21	1.0
1026	1080	1.0
1026	9	1.0
1026	7	1.0
1026	366	1.0
1027	7	1.0
1027	342	1.0
1027	301	1.0
1027	1146	1.0
1027	596	1.0
1028	596	1.0
1028	342	1.0
1028	758	1.0
1028	7	1.0
1029	9	1.0
1029	1	1.0
1029	7	1.0
1029	51	1.0
1030	1	1.0
1030	9	1.0
1030	7	1.0
1030	98	1.0
1030	105	1.0
1030	747	1.0
1030	24	1.0
1031	112	1.0
1031	9	1.0
1031	485	1.0
1031	7	1.0
1032	9	1.0
1032	73	1.0
1032	45	1.0
1032	192	1.0
1032	919	1.0
1032	7	1.0
1033	21	1.0
1033	299	1.0
1033	9	1.0
1033	7	1.0
1034	7	1.0
1034	9	1.0
1034	194	1.0
1034	88	1.0
1035	171	1.0
1035	9	1.0
1035	7	1.0
1035	88	1.0
1035	946	1.0
1035	60	1.0
1036	9	1.0
1036	1024	1.0
1036	7	1.0
1036	112	1.0
1037	342	1.0
1037	7	1.0
1037	596	1.0
1037	679	1.0
1037	758	1.0
1038	9	1.0
1038	7	1.0
1038	977	1.0
1038	70	1.0
1038	209	1.0
1038	88	1.0
1038	11	1.0
1039	7	1.0
1039	9	1.0
1039	24	1.0
1039	1	1.0
1039	609	1.0
1040	88	1.0
1040	7	1.0
1040	116	1.0
1040	38	1.0
1040	9	1.0
1040	171	1.0
1041	9	1.0
1041	63	1.0
1041	243	1.0
1041	7	1.0
1041	465	1.0
1042	1	1.0
1042	7	1.0
1042	24	1.0
1042	105	1.0
1042	98	1.0
1042	9	1.0
1043	7	1.0
1043	26	1.0
1043	173	1.0
1043	9	1.0
1043	512	1.0
1044	116	1.0
1044	7	1.0
1044	439	1.0
1044	9	1.0
1044	171	1.0
1044	88	1.0
1045	105	1.0
1045	1	1.0
1045	9	1.0
1045	98	1.0
1045	24	1.0
1045	7	1.0
1046	88	1.0
1046	70	1.0
1046	9	1.0
1046	11	1.0
1046	7	1.0
1046	216	1.0
1046	85	1.0
1047	7	1.0
1047	9	1.0
1047	21	1.0
1048	26	1.0
1048	7	1.0
1048	9	1.0
1049	9	1.0
1049	7	1.0
1049	112	1.0
1050	385	1.0
1050	5	1.0
1050	162	1.0
1050	7	1.0
1050	51	1.0
1050	9	1.0
1050	1	1.0
1050	40	1.0
1051	9	1.0
1051	146	1.0
1051	498	1.0
1051	88	1.0
1051	7	1.0
1051	70	1.0
1051	11	1.0
1051	85	1.0
1052	9	1.0
1052	7	1.0
1052	1	1.0
1052	51	1.0
1053	45	1.0
1053	9	1.0
1053	192	1.0
1053	7	1.0
1053	73	1.0
1054	9	1.0
1054	198	1.0
1054	197	1.0
1054	7	1.0
1055	21	1.0
1055	804	1.0
1055	9	1.0
1055	7	1.0
1055	299	1.0
1056	126	1.0
1056	9	1.0
1056	67	1.0
1056	75	1.0
1056	7	1.0
1057	88	1.0
1057	984	1.0
1057	3	1.0
1057	7	1.0
1057	9	1.0
1058	7	1.0
1058	9	1.0
1058	88	1.0
1058	11	1.0
1059	385	1.0
1059	7	1.0
1059	1	1.0
1059	9	1.0
1059	51	1.0
1059	162	1.0
1059	5	1.0
1059	40	1.0
1060	7	1.0
1060	9	1.0
1060	63	1.0
1060	243	1.0
1060	242	1.0
1061	7	1.0
1061	9	1.0
1062	7	1.0
1062	70	1.0
1062	11	1.0
1062	88	1.0
1062	216	1.0
1062	9	1.0
1062	85	1.0
1063	9	1.0
1063	63	1.0
1063	7	1.0
1064	112	1.0
1064	9	1.0
1064	1083	1.0
1064	7	1.0
1065	7	1.0
1065	9	1.0
1065	112	1.0
1065	1083	1.0
1066	7	1.0
1066	340	1.0
1066	9	1.0
1066	26	1.0
1066	173	1.0
1067	7	1.0
1067	18	1.0
1067	9	1.0
1068	11	1.0
1068	545	1.0
1068	9	1.0
1068	70	1.0
1068	88	1.0
1068	7	1.0
1069	7	1.0
1069	26	1.0
1069	25	1.0
1069	9	1.0
1069	350	1.0
1069	656	1.0
1069	177	1.0
1070	9	1.0
1070	105	1.0
1070	7	1.0
1070	98	1.0
1070	24	1.0
1070	1	1.0
1071	498	1.0
1071	70	1.0
1071	146	1.0
1071	85	1.0
1071	88	1.0
1071	11	1.0
1071	7	1.0
1071	9	1.0
1072	355	1.0
1072	7	1.0
1072	9	1.0
1072	26	1.0
1073	1004	1.0
1073	522	1.0
1073	9	1.0
1073	7	1.0
1073	88	1.0
1074	7	1.0
1074	9	1.0
1075	3	1.0
1075	88	1.0
1075	7	1.0
1075	9	1.0
1076	7	1.0
1076	24	1.0
1076	1	1.0
1076	9	1.0
1076	105	1.0
1077	180	1.0
1077	7	1.0
1077	9	1.0
1077	21	1.0
1078	171	1.0
1078	9	1.0
1078	7	1.0
1078	60	1.0
1078	1079	1.0
1078	88	1.0
1079	171	1.0
1079	7	1.0
1079	60	1.0
1079	9	1.0
1079	88	1.0
1080	9	1.0
1080	366	1.0
1080	21	1.0
1080	7	1.0
1081	9	1.0
1081	7	1.0
1081	1	1.0
1081	51	1.0
1081	313	1.0
1081	900	1.0
1081	5	1.0
1082	88	1.0
1082	194	1.0
1082	7	1.0
1082	9	1.0
1083	9	1.0
1083	7	1.0
1083	112	1.0
1084	324	1.0
1084	24	1.0
1084	98	1.0
1084	7	1.0
1084	526	1.0
1084	105	1.0
1084	1	1.0
1084	9	1.0
1085	88	1.0
1085	584	1.0
1085	7	1.0
1085	9	1.0
1086	7	1.0
1086	366	1.0
1086	9	1.0
1086	21	1.0
1087	51	1.0
1087	5	1.0
1087	9	1.0
1087	1	1.0
1087	40	1.0
1087	7	1.0
1087	56	1.0
1088	3	1.0
1088	7	1.0
1088	88	1.0
1088	127	1.0
1088	9	1.0
1089	173	1.0
1089	340	1.0
1089	9	1.0
1089	7	1.0
1089	26	1.0
1090	40	1.0
1090	9	1.0
1090	1	1.0
1090	51	1.0
1090	5	1.0
1090	488	1.0
1090	7	1.0
1091	9	1.0
1091	209	1.0
1091	70	1.0
1091	7	1.0
1091	11	1.0
1091	88	1.0
1092	9	1.0
1092	192	1.0
1092	7	1.0
1092	73	1.0
1093	88	1.0
1093	7	1.0
1093	116	1.0
1093	439	1.0
1093	9	1.0
1093	171	1.0
1094	70	1.0
1094	155	1.0
1094	11	1.0
1094	9	1.0
1094	7	1.0
1094	209	1.0
1094	88	1.0
1095	754	1.0
1095	1	1.0
1095	7	1.0
1095	467	1.0
1095	105	1.0
1095	24	1.0
1095	9	1.0
1096	105	1.0
1096	98	1.0
1096	1	1.0
1096	9	1.0
1096	24	1.0
1096	7	1.0
1097	596	1.0
1097	758	1.0
1097	342	1.0
1097	7	1.0
1097	679	1.0
1098	313	1.0
1098	51	1.0
1098	5	1.0
1098	1	1.0
1098	9	1.0
1098	7	1.0
1099	9	1.0
1099	1	1.0
1099	24	1.0
1099	105	1.0
1099	98	1.0
1099	7	1.0
1100	696	1.0
1100	88	1.0
1100	3	1.0
1100	127	1.0
1100	9	1.0
1100	7	1.0
1101	9	1.0
1101	852	1.0
1101	88	1.0
1101	70	1.0
1101	11	1.0
1101	209	1.0
1101	517	1.0
1101	7	1.0
1102	487	1.0
1102	467	1.0
1102	7	1.0
1102	24	1.0
1102	1	1.0
1102	9	1.0
1102	105	1.0
1103	63	1.0
1103	243	1.0
1103	7	1.0
1103	9	1.0
1103	242	1.0
1104	9	1.0
1104	85	1.0
1104	84	1.0
1104	88	1.0
1104	216	1.0
1104	70	1.0
1104	11	1.0
1104	7	1.0
1105	7	1.0
1105	21	1.0
1105	903	1.0
1105	9	1.0
1106	7	1.0
1106	357	1.0
1106	9	1.0
1106	67	1.0
1106	126	1.0
1106	75	1.0
1107	7	1.0
1107	455	1.0
1107	88	1.0
1107	9	1.0
1107	11	1.0
1107	209	1.0
1107	70	1.0
1108	9	1.0
1108	70	1.0
1108	7	1.0
1108	88	1.0
1108	11	1.0
1109	5	1.0
1109	9	1.0
1109	40	1.0
1109	7	1.0
1109	56	1.0
1109	51	1.0
1109	1	1.0
1110	5	1.0
1110	1	1.0
1110	9	1.0
1110	51	1.0
1110	7	1.0
1111	342	1.0
1111	679	1.0
1111	758	1.0
1111	7	1.0
1111	596	1.0
1112	173	1.0
1112	7	1.0
1112	9	1.0
1112	512	1.0
1112	26	1.0
1113	194	1.0
1113	9	1.0
1113	7	1.0
1113	88	1.0
1114	171	1.0
1114	9	1.0
1114	7	1.0
1114	60	1.0
1114	88	1.0
1115	9	1.0
1115	88	1.0
1115	194	1.0
1115	7	1.0
1116	7	1.0
1116	1122	1.0
1116	596	1.0
1116	342	1.0
1117	7	1.0
1117	21	1.0
1117	9	1.0
1117	556	1.0
1118	51	1.0
1118	7	1.0
1118	5	1.0
1118	9	1.0
1118	900	1.0
1118	313	1.0
1118	1	1.0
1119	313	1.0
1119	1	1.0
1119	5	1.0
1119	7	1.0
1119	9	1.0
1119	51	1.0
1120	238	1.0
1120	9	1.0
1120	7	1.0
1120	181	1.0
1120	75	1.0
1121	7	1.0
1121	9	1.0
1121	88	1.0
1121	70	1.0
1121	129	1.0
1121	703	1.0
1121	11	1.0
1122	7	1.0
1122	342	1.0
1122	596	1.0
1124	21	1.0
1124	9	1.0
1124	180	1.0
1124	1077	1.0
1124	7	1.0
1125	24	1.0
1125	1	1.0
1125	7	1.0
1125	206	1.0
1125	105	1.0
1125	98	1.0
1125	9	1.0
1126	9	1.0
1126	112	1.0
1126	7	1.0
1127	3	1.0
1127	9	1.0
1127	88	1.0
1127	7	1.0
1128	9	1.0
1128	51	1.0
1128	5	1.0
1128	1	1.0
1128	7	1.0
1128	313	1.0
1129	7	1.0
1130	11	1.0
1130	1136	1.0
1130	85	1.0
1130	9	1.0
1130	88	1.0
1130	7	1.0
1130	216	1.0
1130	70	1.0
1131	88	1.0
1131	560	1.0
1131	522	1.0
1131	7	1.0
1131	9	1.0
1132	70	1.0
1132	11	1.0
1132	9	1.0
1132	85	1.0
1132	88	1.0
1132	7	1.0
1133	9	1.0
1133	151	1.0
1133	7	1.0
1133	21	1.0
1134	7	1.0
1134	70	1.0
1134	209	1.0
1134	88	1.0
1134	9	1.0
1134	11	1.0
1135	7	1.0
1135	9	1.0
1135	355	1.0
1135	26	1.0
1136	216	1.0
1136	7	1.0
1136	11	1.0
1136	85	1.0
1136	70	1.0
1136	9	1.0
1136	88	1.0
1137	9	1.0
1137	528	1.0
1137	75	1.0
1137	7	1.0
1138	465	1.0
1138	63	1.0
1138	243	1.0
1138	7	1.0
1138	9	1.0
1139	7	1.0
1139	21	1.0
1139	9	1.0
1140	70	1.0
1140	572	1.0
1140	9	1.0
1140	159	1.0
1140	11	1.0
1140	88	1.0
1140	7	1.0
1140	85	1.0
1141	26	1.0
1141	7	1.0
1141	355	1.0
1141	9	1.0
1142	776	1.0
1142	7	1.0
1142	21	1.0
1142	9	1.0
1143	75	1.0
1143	357	1.0
1143	7	1.0
1143	67	1.0
1143	9	1.0
1143	126	1.0
1144	11	1.0
1144	9	1.0
1144	88	1.0
1144	612	1.0
1144	7	1.0
1145	7	1.0
1145	185	1.0
1145	9	1.0
1145	282	1.0
1145	21	1.0
1146	301	1.0
1146	596	1.0
1146	7	1.0
1146	342	1.0
1147	7	1.0
1147	9	1.0
1147	286	1.0
1147	21	1.0
1148	1	1.0
1148	105	1.0
1148	9	1.0
1148	24	1.0
1148	98	1.0
1148	7	1.0
1149	9	1.0
1149	337	1.0
1149	26	1.0
1149	7	1.0
1149	281	1.0
1150	11	1.0
1150	7	1.0
1150	85	1.0
1150	9	1.0
1150	159	1.0
1150	88	1.0
1150	70	1.0
1151	7	1.0
1151	9	1.0
1152	7	1.0
1152	596	1.0
1152	342	1.0
1153	88	1.0
1153	798	1.0
1153	60	1.0
1153	7	1.0
1153	171	1.0
1153	9	1.0
1154	88	1.0
1154	3	1.0
1154	564	1.0
1154	7	1.0
1154	9	1.0
1155	9	1.0
1155	88	1.0
1155	168	1.0
1155	7	1.0
1155	584	1.0
1156	1	1.0
1156	51	1.0
1156	9	1.0
1156	312	1.0
1156	7	1.0
1157	7	1.0
1157	9	1.0
1157	88	1.0
1158	677	1.0
1158	124	1.0
1158	18	1.0
1158	7	1.0
1158	9	1.0
1159	9	1.0
1159	7	1.0
1160	7	1.0
1160	9	1.0
1160	21	1.0
1161	112	1.0
1161	9	1.0
1161	7	1.0
1161	114	1.0
1162	9	1.0
1162	88	1.0
1162	127	1.0
1162	7	1.0
1162	3	1.0
1163	759	1.0
1163	340	1.0
1163	9	1.0
1163	173	1.0
1163	7	1.0
1163	26	1.0
1164	7	1.0
1164	21	1.0
1164	9	1.0
1165	7	1.0
1165	9	1.0
1166	140	1.0
1166	67	1.0
1166	7	1.0
1166	9	1.0
1166	75	1.0
1166	126	1.0
1167	7	1.0
1167	1129	1.0
1167	981	1.0
1168	7	1.0
1168	596	1.0
1168	758	1.0
1168	342	1.0
1168	679	1.0
1169	984	1.0
1169	3	1.0
1169	7	1.0
1169	88	1.0
1169	9	1.0
1170	9	1.0
1170	21	1.0
1170	7	1.0
1171	9	1.0
1171	7	1.0
1172	7	1.0
1172	242	1.0
1172	63	1.0
1172	9	1.0
1172	243	1.0
1173	9	1.0
1173	209	1.0
1173	88	1.0
1173	11	1.0
1173	517	1.0
1173	70	1.0
1173	7	1.0
1174	9	1.0
1174	82	1.0
1174	7	1.0
1174	21	1.0
1175	7	1.0
1175	9	1.0
1176	88	1.0
1176	60	1.0
1176	9	1.0
1176	7	1.0
1176	171	1.0
1177	7	1.0
1177	198	1.0
1177	9	1.0
1178	21	1.0
1178	9	1.0
1178	20	1.0
1178	180	1.0
1178	7	1.0
1179	9	1.0
1179	7	1.0
1179	21	1.0
1180	7	1.0
1180	9	1.0
