,0
0,49
1,87
2,82
3,87
4,-1
5,88
6,87
7,87
8,-1
9,87
10,87
11,-1
12,93
13,83
14,82
15,87
16,87
17,78
18,-1
19,-1
20,78
21,87
22,87
23,77
24,88
25,87
26,87
27,-1
28,95
29,72
30,-1
31,87
32,78
33,91
34,88
35,78
36,87
37,88
38,87
39,87
40,87
41,78
42,82
43,-1
44,91
45,87
46,79
47,87
48,88
49,87
50,87
51,75
52,78
53,-1
54,72
55,76
56,87
57,88
58,49
59,76
60,87
61,72
62,87
63,87
64,87
65,87
66,83
67,87
68,85
69,76
70,83
71,72
72,87
73,81
74,81
75,-1
76,83
77,87
78,-1
79,87
80,88
81,72
82,87
83,75
84,76
85,88
86,85
87,87
88,-1
89,87
90,89
91,-1
92,88
93,78
94,88
95,87
96,87
97,72
98,87
99,74
100,-1
101,88
102,-1
103,87
104,87
105,87
106,-1
107,63
108,87
109,87
110,72
111,78
112,-1
113,83
114,87
115,78
116,74
117,87
118,83
119,87
120,-1
121,87
122,76
123,87
124,87
125,76
126,89
127,87
128,87
129,87
130,-1
131,85
132,72
133,87
134,83
135,87
136,87
137,78
138,85
139,87
140,74
141,87
142,87
143,85
144,74
145,89
146,81
147,74
148,87
149,95
150,74
151,83
152,87
153,-1
154,81
155,74
156,76
157,87
158,83
159,-1
160,-1
161,83
162,95
163,72
164,81
165,83
166,-1
167,-1
168,87
169,87
170,87
171,56
172,87
173,73
174,92
175,86
176,87
177,90
178,-1
179,89
180,88
181,-1
182,-1
183,72
184,-1
185,87
186,87
187,88
188,87
189,87
190,87
191,-1
192,78
193,72
194,88
195,-1
196,87
197,87
198,87
199,83
200,87
201,-1
202,88
203,83
204,81
205,-1
206,81
207,87
208,87
209,78
210,89
211,83
212,83
213,87
214,78
215,72
216,82
217,-1
218,83
219,87
220,92
221,-1
222,72
223,76
224,87
225,79
226,-1
227,86
228,-1
229,72
230,-1
231,-1
232,-1
233,87
234,-1
235,83
236,76
237,75
238,83
239,76
240,83
241,-1
242,87
243,-1
244,92
245,72
246,87
247,87
248,87
249,88
250,76
251,87
252,83
253,72
254,88
255,87
256,87
257,76
258,76
259,72
260,-1
261,87
262,92
263,-1
264,72
265,83
266,88
267,94
268,76
269,87
270,74
271,87
272,-1
273,-1
274,87
275,-1
276,87
277,87
278,84
279,81
280,76
281,87
282,80
283,-1
284,-1
285,87
286,87
287,-1
288,87
289,78
290,87
291,87
292,81
293,92
294,87
295,76
296,-1
297,87
298,72
299,88
300,-1
301,87
302,-1
303,87
304,87
305,-1
306,-1
307,-1
308,83
309,87
310,78
311,83
312,78
313,83
314,87
315,87
316,87
317,87
318,87
319,87
320,-1
321,78
322,87
323,87
324,83
325,87
326,78
327,74
328,87
329,-1
330,88
331,83
332,83
333,91
334,72
335,-1
336,81
337,78
338,87
339,87
340,87
341,87
342,87
343,78
344,76
345,87
346,-1
347,87
348,49
349,180
350,180
351,185
352,180
353,180
354,180
355,180
356,180
357,180
358,185
359,180
360,180
361,180
362,180
363,49
364,185
365,190
366,49
367,180
368,180
369,180
370,114
371,180
372,180
373,113
374,114
375,180
376,113
377,180
378,114
379,180
380,180
381,180
382,180
383,180
384,-1
385,180
386,-1
387,179
388,179
389,47
390,180
391,113
392,180
393,185
394,114
395,114
396,180
397,180
398,180
399,185
400,114
401,-1
402,180
403,180
404,180
405,180
406,180
407,180
408,179
409,180
410,180
411,189
412,114
413,180
414,52
415,180
416,180
417,180
418,180
419,180
420,49
421,180
422,119
423,114
424,180
425,180
426,180
427,115
428,49
429,180
430,180
431,114
432,180
433,180
434,114
435,180
436,113
437,180
438,114
439,180
440,180
441,185
442,180
443,-1
444,180
445,180
446,180
447,185
448,180
449,180
450,179
451,180
452,179
453,180
454,185
455,180
456,180
457,180
458,180
459,180
460,180
461,113
462,180
463,179
464,-1
465,114
466,180
467,180
468,189
469,180
470,180
471,180
472,180
473,180
474,180
475,113
476,180
477,180
478,180
479,180
480,180
481,180
482,180
483,114
484,180
485,180
486,180
487,180
488,180
489,180
490,180
491,180
492,114
493,180
494,180
495,180
496,114
497,180
498,189
499,180
500,114
501,185
502,180
503,180
504,180
505,180
506,114
507,180
508,180
509,180
510,180
511,180
512,180
513,114
514,114
515,114
516,180
517,49
518,180
519,180
520,180
521,180
522,180
523,180
524,113
525,179
526,52
527,180
528,180
529,180
530,180
531,180
532,180
533,180
534,180
535,180
536,180
537,180
538,180
539,180
540,180
541,180
542,114
543,180
544,114
545,180
546,180
547,180
548,180
549,183
550,-1
551,180
552,-1
553,114
554,180
555,180
556,114
557,180
558,114
559,114
560,180
561,114
562,180
563,47
564,185
565,180
566,49
567,114
568,180
569,180
570,180
571,180
572,180
573,119
574,119
575,119
576,117
577,117
578,117
579,116
580,114
581,-1
582,117
583,117
584,118
585,-1
586,-1
587,-1
588,119
589,119
590,114
591,114
592,116
593,-1
594,102
595,117
596,119
597,116
598,119
599,117
600,117
601,114
602,118
603,116
604,114
605,119
606,49
607,114
608,-1
609,119
610,-1
611,116
612,119
613,-1
614,114
615,117
616,118
617,119
618,119
619,119
620,119
621,119
622,119
623,119
624,-1
625,119
626,119
627,117
628,117
629,119
630,119
631,118
632,117
633,119
634,-1
635,117
636,119
637,114
638,119
639,118
640,117
641,114
642,-1
643,117
644,119
645,-1
646,-1
647,117
648,-1
649,115
650,117
651,49
652,-1
653,119
654,119
655,119
656,-1
657,119
658,117
659,117
660,118
661,117
662,117
663,119
664,119
665,117
666,119
667,115
668,114
669,114
670,117
671,-1
672,119
673,-1
674,114
675,117
676,114
677,116
678,118
679,118
680,119
681,117
682,118
683,114
684,116
685,119
686,-1
687,0
688,4
689,2
690,9
691,1
692,3
693,4
694,4
695,4
696,4
697,0
698,0
699,2
700,0
701,4
702,2
703,0
704,8
705,0
706,4
707,2
708,0
709,0
710,3
711,9
712,2
713,4
714,2
715,3
716,0
717,0
718,0
719,0
720,0
721,6
722,1
723,9
724,4
725,2
726,4
727,9
728,0
729,3
730,0
731,4
732,2
733,1
734,9
735,3
736,1
737,0
738,9
739,0
740,8
741,0
742,1
743,1
744,7
745,0
746,1
747,0
748,0
749,7
750,8
751,9
752,4
753,3
754,0
755,0
756,9
757,1
758,0
759,0
760,4
761,3
762,3
763,0
764,0
765,0
766,4
767,2
768,1
769,0
770,0
771,1
772,4
773,4
774,0
775,0
776,2
777,4
778,4
779,0
780,0
781,0
782,0
783,0
784,9
785,7
786,1
787,0
788,2
789,1
790,0
791,2
792,0
793,0
794,9
795,9
796,2
797,0
798,0
799,9
800,4
801,7
802,2
803,0
804,0
805,0
806,1
807,0
808,0
809,0
810,2
811,3
812,0
813,1
814,0
815,0
816,1
817,0
818,2
819,0
820,0
821,4
822,2
823,0
824,0
825,3
826,9
827,0
828,0
829,9
830,0
831,0
832,0
833,1
834,4
835,0
836,0
837,0
838,0
839,2
840,0
841,0
842,9
843,0
844,4
845,4
846,7
847,4
848,9
849,0
850,1
851,5
852,0
853,4
854,1
855,10
856,0
857,126
858,125
859,-1
860,56
861,-1
862,126
863,121
864,121
865,130
866,125
867,128
868,130
869,-1
870,125
871,125
872,128
873,128
874,128
875,121
876,121
877,128
878,121
879,125
880,122
881,125
882,121
883,132
884,121
885,128
886,121
887,128
888,121
889,121
890,-1
891,-1
892,-1
893,121
894,-1
895,125
896,-1
897,-1
898,-1
899,53
900,-1
901,54
902,-1
903,54
904,-1
905,-1
906,52
907,-1
908,52
909,-1
910,54
911,-1
912,53
913,48
914,49
915,49
916,52
917,-1
918,-1
919,-1
920,52
921,52
922,52
923,52
924,-1
925,52
926,52
927,52
928,-1
929,52
930,-1
931,-1
932,-1
933,-1
934,52
935,-1
936,-1
937,-1
938,54
939,-1
940,-1
941,-1
942,-1
943,-1
944,-1
945,-1
946,52
947,52
948,-1
949,-1
950,47
951,52
952,52
953,-1
954,-1
955,46
956,-1
957,-1
958,54
959,-1
960,-1
961,52
962,-1
963,54
964,-1
965,-1
966,52
967,52
968,53
969,-1
970,-1
971,51
972,-1
973,-1
974,-1
975,-1
976,49
977,-1
978,52
979,50
980,52
981,-1
982,52
983,52
984,-1
985,-1
986,-1
987,48
988,-1
989,-1
990,52
991,52
992,54
993,-1
994,-1
995,-1
996,52
997,-1
998,-1
999,-1
1000,-1
1001,53
1002,-1
1003,52
1004,-1
1005,-1
1006,52
1007,-1
1008,52
1009,-1
1010,-1
1011,-1
1012,53
1013,47
1014,-1
1015,51
1016,50
1017,52
1018,51
1019,-1
1020,-1
1021,-1
1022,-1
1023,-1
1024,-1
1025,49
1026,52
1027,-1
1028,52
1029,52
1030,46
1031,47
1032,-1
1033,-1
1034,52
1035,48
1036,51
1037,-1
1038,53
1039,52
1040,-1
1041,-1
1042,-1
1043,46
1044,-1
1045,46
1046,-1
1047,-1
1048,52
1049,52
1050,52
1051,-1
1052,48
1053,50
1054,52
1055,52
1056,52
1057,50
1058,52
1059,52
1060,51
1061,-1
1062,53
1063,-1
1064,-1
1065,-1
1066,-1
1067,-1
1068,52
1069,52
1070,-1
1071,-1
1072,-1
1073,52
1074,52
1075,52
1076,52
1077,52
1078,-1
1079,52
1080,49
1081,-1
1082,-1
1083,-1
1084,52
1085,17
1086,52
1087,47
1088,52
1089,52
1090,-1
1091,-1
1092,52
1093,-1
1094,-1
1095,-1
1096,-1
1097,54
1098,52
1099,51
1100,-1
1101,52
1102,-1
1103,-1
1104,-1
1105,-1
1106,-1
1107,52
1108,-1
1109,-1
1110,52
1111,46
1112,52
1113,49
1114,49
1115,51
1116,52
1117,-1
1118,54
1119,-1
1120,51
1121,-1
1122,-1
1123,52
1124,52
1125,-1
1126,52
1127,-1
1128,52
1129,-1
1130,-1
1131,-1
1132,52
1133,53
1134,-1
1135,52
1136,-1
1137,54
1138,50
1139,-1
1140,52
1141,-1
1142,49
1143,51
1144,47
1145,52
1146,52
1147,-1
1148,-1
1149,52
1150,-1
1151,52
1152,-1
1153,-1
1154,-1
1155,49
1156,-1
1157,-1
1158,51
1159,-1
1160,-1
1161,52
1162,-1
1163,-1
1164,-1
1165,52
1166,-1
1167,-1
1168,-1
1169,-1
1170,-1
1171,70
1172,52
1173,-1
1174,47
1175,-1
1176,-1
1177,50
1178,52
1179,49
1180,-1
1181,52
1182,52
1183,48
1184,52
1185,-1
1186,54
1187,-1
1188,-1
1189,-1
1190,-1
1191,52
1192,-1
1193,52
1194,-1
1195,52
1196,-1
1197,46
1198,52
1199,-1
1200,-1
1201,52
1202,-1
1203,-1
1204,-1
1205,-1
1206,-1
1207,-1
1208,-1
1209,52
1210,-1
1211,52
1212,-1
1213,-1
1214,52
1215,51
1216,54
1217,-1
1218,-1
1219,52
1220,-1
1221,-1
1222,-1
1223,49
1224,-1
1225,-1
1226,-1
1227,51
1228,-1
1229,-1
1230,-1
1231,51
1232,54
1233,-1
1234,-1
1235,-1
1236,-1
1237,49
1238,52
1239,-1
1240,-1
1241,-1
1242,52
1243,52
1244,-1
1245,-1
1246,-1
1247,-1
1248,-1
1249,-1
1250,52
1251,47
1252,46
1253,-1
1254,46
1255,-1
1256,-1
1257,51
1258,-1
1259,-1
1260,-1
1261,51
1262,53
1263,48
1264,-1
1265,52
1266,-1
1267,52
1268,-1
1269,52
1270,-1
1271,52
1272,52
1273,-1
1274,-1
1275,-1
1276,-1
1277,-1
1278,52
1279,-1
1280,-1
1281,-1
1282,-1
1283,52
1284,-1
1285,-1
1286,-1
1287,-1
1288,52
1289,-1
1290,52
1291,52
1292,-1
1293,52
1294,-1
1295,-1
1296,-1
1297,-1
1298,-1
1299,-1
1300,-1
1301,52
1302,-1
1303,-1
1304,-1
1305,52
1306,-1
1307,-1
1308,-1
1309,-1
1310,-1
1311,-1
1312,52
1313,-1
1314,54
1315,-1
1316,-1
1317,52
1318,-1
1319,54
1320,49
1321,52
1322,-1
1323,-1
1324,-1
1325,-1
1326,-1
1327,52
1328,52
1329,52
1330,52
1331,-1
1332,49
1333,54
1334,52
1335,-1
1336,-1
1337,53
1338,-1
1339,52
1340,-1
1341,-1
1342,-1
1343,-1
1344,52
1345,-1
1346,-1
1347,-1
1348,-1
1349,-1
1350,-1
1351,52
1352,52
1353,-1
1354,-1
1355,-1
1356,-1
1357,-1
1358,-1
1359,-1
1360,52
1361,52
1362,-1
1363,54
1364,-1
1365,52
1366,-1
1367,52
1368,46
1369,52
1370,-1
1371,54
1372,-1
1373,-1
1374,-1
1375,52
1376,52
1377,52
1378,54
1379,51
1380,52
1381,51
1382,-1
1383,-1
1384,46
1385,47
1386,-1
1387,49
1388,-1
1389,-1
1390,52
1391,52
1392,-1
1393,-1
1394,-1
1395,53
1396,-1
1397,-1
1398,52
1399,-1
1400,-1
1401,-1
1402,52
1403,50
1404,-1
1405,52
1406,-1
1407,-1
1408,49
1409,-1
1410,47
1411,52
1412,-1
1413,51
1414,-1
1415,-1
1416,52
1417,-1
1418,51
1419,63
1420,52
1421,47
1422,52
1423,51
1424,54
1425,-1
1426,-1
1427,-1
1428,-1
1429,48
1430,-1
1431,52
1432,-1
1433,-1
1434,-1
1435,52
1436,51
1437,-1
1438,-1
1439,53
1440,-1
1441,52
1442,53
1443,-1
1444,48
1445,52
1446,-1
1447,52
1448,51
1449,52
1450,52
1451,-1
1452,54
1453,-1
1454,-1
1455,-1
1456,-1
1457,-1
1458,52
1459,-1
1460,52
1461,-1
1462,-1
1463,-1
1464,-1
1465,143
1466,-1
1467,52
1468,54
1469,48
1470,52
1471,52
1472,-1
1473,-1
1474,-1
1475,-1
1476,-1
1477,52
1478,-1
1479,-1
1480,52
1481,-1
1482,-1
1483,-1
1484,52
1485,52
1486,-1
1487,49
1488,-1
1489,-1
1490,-1
1491,52
1492,-1
1493,-1
1494,52
1495,-1
1496,-1
1497,-1
1498,-1
1499,-1
1500,-1
1501,-1
1502,-1
1503,-1
1504,48
1505,52
1506,-1
1507,-1
1508,-1
1509,52
1510,-1
1511,-1
1512,-1
1513,52
1514,-1
1515,51
1516,52
1517,52
1518,-1
1519,52
1520,52
1521,52
1522,52
1523,52
1524,52
1525,-1
1526,-1
1527,-1
1528,52
1529,-1
1530,-1
1531,48
1532,52
1533,54
1534,52
1535,52
1536,-1
1537,52
1538,-1
1539,52
1540,52
1541,-1
1542,48
1543,-1
1544,52
1545,-1
1546,-1
1547,52
1548,54
1549,47
1550,-1
1551,52
1552,-1
1553,52
1554,52
1555,47
1556,-1
1557,52
1558,52
1559,52
1560,-1
1561,52
1562,53
1563,52
1564,52
1565,-1
1566,-1
1567,-1
1568,54
1569,-1
1570,-1
1571,-1
1572,52
1573,-1
1574,49
1575,-1
1576,-1
1577,168
1578,-1
1579,52
1580,52
1581,-1
1582,-1
1583,-1
1584,52
1585,52
1586,-1
1587,-1
1588,52
1589,52
1590,-1
1591,51
1592,-1
1593,52
1594,52
1595,-1
1596,-1
1597,52
1598,-1
1599,-1
1600,52
1601,54
1602,-1
1603,52
1604,-1
1605,-1
1606,-1
1607,50
1608,52
1609,-1
1610,52
1611,-1
1612,52
1613,52
1614,52
1615,-1
1616,49
1617,52
1618,53
1619,52
1620,52
1621,52
1622,52
1623,52
1624,-1
1625,-1
1626,52
1627,-1
1628,-1
1629,54
1630,-1
1631,-1
1632,-1
1633,-1
1634,-1
1635,51
1636,51
1637,52
1638,-1
1639,52
1640,-1
1641,52
1642,52
1643,52
1644,52
1645,-1
1646,-1
1647,-1
1648,-1
1649,-1
1650,-1
1651,-1
1652,52
1653,52
1654,-1
1655,-1
1656,63
1657,53
1658,53
1659,52
1660,-1
1661,-1
1662,-1
1663,52
1664,50
1665,-1
1666,52
1667,-1
1668,52
1669,52
1670,-1
1671,-1
1672,-1
1673,-1
1674,-1
1675,52
1676,47
1677,-1
1678,52
1679,49
1680,-1
1681,-1
1682,51
1683,52
1684,47
1685,-1
1686,-1
1687,-1
1688,52
1689,52
1690,48
1691,51
1692,49
1693,-1
1694,-1
1695,-1
1696,-1
1697,52
1698,52
1699,48
1700,52
1701,52
1702,52
1703,-1
1704,-1
1705,-1
1706,-1
1707,-1
1708,52
1709,-1
1710,52
1711,-1
1712,-1
1713,-1
1714,52
1715,-1
1716,-1
1717,52
1718,171
1719,52
1720,-1
1721,52
1722,52
1723,52
1724,52
1725,-1
1726,52
1727,48
1728,-1
1729,-1
1730,52
1731,-1
1732,-1
1733,54
1734,-1
1735,52
1736,52
1737,52
1738,48
1739,-1
1740,-1
1741,-1
1742,-1
1743,-1
1744,-1
1745,48
1746,52
1747,54
1748,-1
1749,-1
1750,52
1751,-1
1752,52
1753,52
1754,-1
1755,-1
1756,-1
1757,52
1758,52
1759,-1
1760,48
1761,52
1762,-1
1763,-1
1764,-1
1765,52
1766,49
1767,49
1768,-1
1769,52
1770,-1
1771,-1
1772,-1
1773,-1
1774,52
1775,-1
1776,-1
1777,-1
1778,-1
1779,52
1780,53
1781,-1
1782,-1
1783,-1
1784,54
1785,-1
1786,-1
1787,54
1788,-1
1789,52
1790,-1
1791,52
1792,52
1793,52
1794,-1
1795,52
1796,52
1797,-1
1798,54
1799,52
1800,52
1801,-1
1802,-1
1803,52
1804,-1
1805,52
1806,-1
1807,48
1808,51
1809,52
1810,-1
1811,52
1812,-1
1813,52
1814,53
1815,-1
1816,52
1817,52
1818,53
1819,52
1820,-1
1821,53
1822,-1
1823,52
1824,-1
1825,-1
1826,-1
1827,52
1828,51
1829,-1
1830,-1
1831,-1
1832,-1
1833,52
1834,-1
1835,52
1836,52
1837,54
1838,52
1839,-1
1840,-1
1841,-1
1842,52
1843,52
1844,-1
1845,52
1846,52
1847,-1
1848,51
1849,-1
1850,-1
1851,52
1852,52
1853,-1
1854,-1
1855,-1
1856,-1
1857,-1
1858,-1
1859,51
1860,-1
1861,52
1862,-1
1863,52
1864,-1
1865,52
1866,-1
1867,52
1868,-1
1869,-1
1870,-1
1871,-1
1872,51
1873,-1
1874,-1
1875,51
1876,-1
1877,52
1878,-1
1879,-1
1880,54
1881,49
1882,49
1883,52
1884,-1
1885,53
1886,52
1887,-1
1888,52
1889,-1
1890,-1
1891,51
1892,-1
1893,-1
1894,-1
1895,54
1896,50
1897,53
1898,-1
1899,51
1900,52
1901,-1
1902,52
1903,-1
1904,-1
1905,-1
1906,-1
1907,-1
1908,-1
1909,-1
1910,-1
1911,-1
1912,-1
1913,169
1914,134
1915,148
1916,-1
1917,153
1918,153
1919,134
1920,171
1921,134
1922,148
1923,139
1924,-1
1925,153
1926,174
1927,134
1928,134
1929,153
1930,174
1931,134
1932,171
1933,174
1934,174
1935,134
1936,174
1937,174
1938,153
1939,154
1940,-1
1941,133
1942,153
1943,153
1944,174
1945,171
1946,153
1947,139
1948,171
1949,148
1950,134
1951,134
1952,156
1953,153
1954,134
1955,171
1956,146
1957,164
1958,164
1959,138
1960,174
1961,167
1962,153
1963,153
1964,144
1965,174
1966,153
1967,154
1968,134
1969,153
1970,154
1971,153
1972,164
1973,164
1974,178
1975,174
1976,134
1977,169
1978,174
1979,153
1980,164
1981,154
1982,-1
1983,153
1984,153
1985,143
1986,153
1987,162
1988,160
1989,153
1990,174
1991,134
1992,160
1993,153
1994,171
1995,134
1996,148
1997,153
1998,134
1999,134
2000,134
2001,134
2002,154
2003,154
2004,134
2005,153
2006,134
2007,153
2008,174
2009,134
2010,169
2011,134
2012,134
2013,174
2014,134
2015,134
2016,134
2017,148
2018,134
2019,153
2020,134
2021,153
2022,134
2023,148
2024,134
2025,134
2026,138
2027,134
2028,171
2029,174
2030,153
2031,144
2032,171
2033,153
2034,143
2035,174
2036,169
2037,153
2038,144
2039,171
2040,153
2041,148
2042,143
2043,153
2044,-1
2045,153
2046,136
2047,133
2048,153
2049,174
2050,-1
2051,169
2052,141
2053,154
2054,154
2055,153
2056,153
2057,162
2058,-1
2059,136
2060,153
2061,164
2062,148
2063,153
2064,153
2065,169
2066,169
2067,153
2068,171
2069,153
2070,174
2071,171
2072,154
2073,153
2074,153
2075,154
2076,160
2077,153
2078,153
2079,-1
2080,174
2081,150
2082,169
2083,153
2084,153
2085,174
2086,153
2087,171
2088,153
2089,174
2090,153
2091,174
2092,153
2093,153
2094,133
2095,153
2096,143
2097,134
2098,145
2099,141
2100,149
2101,154
2102,171
2103,153
2104,153
2105,174
2106,157
2107,-1
2108,136
2109,153
2110,154
2111,143
2112,153
2113,149
2114,148
2115,153
2116,134
2117,171
2118,153
2119,174
2120,148
2121,153
2122,153
2123,153
2124,153
2125,140
2126,167
2127,171
2128,166
2129,169
2130,169
2131,153
2132,154
2133,144
2134,139
2135,171
2136,153
2137,145
2138,171
2139,153
2140,153
2141,174
2142,143
2143,134
2144,173
2145,174
2146,174
2147,153
2148,171
2149,168
2150,153
2151,171
2152,174
2153,138
2154,153
2155,174
2156,148
2157,134
2158,174
2159,134
2160,174
2161,154
2162,174
2163,140
2164,153
2165,153
2166,-1
2167,167
2168,148
2169,169
2170,160
2171,134
2172,153
2173,174
2174,143
2175,174
2176,144
2177,154
2178,174
2179,153
2180,-1
2181,174
2182,150
2183,133
2184,153
2185,137
2186,144
2187,171
2188,153
2189,153
2190,153
2191,138
2192,134
2193,174
2194,171
2195,-1
2196,171
2197,174
2198,-1
2199,154
2200,153
2201,153
2202,-1
2203,171
2204,143
2205,-1
2206,153
2207,-1
2208,178
2209,144
2210,153
2211,144
2212,153
2213,-1
2214,169
2215,162
2216,153
2217,137
2218,153
2219,137
2220,153
2221,148
2222,154
2223,171
2224,140
2225,164
2226,-1
2227,169
2228,174
2229,153
2230,141
2231,148
2232,148
2233,153
2234,153
2235,154
2236,174
2237,153
2238,174
2239,-1
2240,153
2241,143
2242,174
2243,148
2244,153
2245,167
2246,141
2247,141
2248,174
2249,169
2250,171
2251,169
2252,154
2253,153
2254,137
2255,160
2256,169
2257,153
2258,153
2259,160
2260,156
2261,153
2262,153
2263,169
2264,-1
2265,169
2266,143
2267,153
2268,134
2269,-1
2270,169
2271,153
2272,174
2273,171
2274,154
2275,153
2276,153
2277,174
2278,153
2279,171
2280,154
2281,-1
2282,154
2283,141
2284,134
2285,-1
2286,174
2287,153
2288,153
2289,171
2290,153
2291,169
2292,166
2293,153
2294,154
2295,140
2296,144
2297,134
2298,140
2299,153
2300,153
2301,154
2302,166
2303,-1
2304,141
2305,-1
2306,153
2307,153
2308,153
2309,153
2310,144
2311,153
2312,169
2313,174
2314,174
2315,171
2316,148
2317,174
2318,144
2319,171
2320,160
2321,156
2322,174
2323,153
2324,153
2325,144
2326,153
2327,154
2328,148
2329,153
2330,-1
2331,174
2332,133
2333,154
2334,153
2335,174
2336,148
2337,134
2338,171
2339,153
2340,153
2341,134
2342,174
2343,171
2344,143
2345,169
2346,134
2347,153
2348,145
2349,160
2350,153
2351,171
2352,153
2353,153
2354,153
2355,169
2356,153
2357,174
2358,141
2359,153
2360,174
2361,174
2362,174
2363,153
2364,134
2365,164
2366,174
2367,171
2368,-1
2369,136
2370,153
2371,169
2372,171
2373,174
2374,153
2375,137
2376,153
2377,154
2378,134
2379,174
2380,-1
2381,153
2382,143
2383,-1
2384,154
2385,162
2386,153
2387,153
2388,174
2389,169
2390,154
2391,153
2392,153
2393,153
2394,154
2395,153
2396,154
2397,174
2398,160
2399,154
2400,169
2401,160
2402,169
2403,174
2404,153
2405,174
2406,174
2407,153
2408,153
2409,153
2410,153
2411,174
2412,174
2413,169
2414,153
2415,154
2416,144
2417,-1
2418,153
2419,144
2420,171
2421,143
2422,169
2423,153
2424,148
2425,146
2426,145
2427,-1
2428,153
2429,-1
2430,153
2431,156
2432,154
2433,153
2434,154
2435,-1
2436,166
2437,143
2438,154
2439,137
2440,174
2441,169
2442,153
2443,153
2444,160
2445,169
2446,153
2447,134
2448,169
2449,153
2450,169
2451,154
2452,174
2453,178
2454,169
2455,143
2456,135
2457,165
2458,148
2459,134
2460,153
2461,137
2462,153
2463,166
2464,153
2465,173
2466,160
2467,-1
2468,143
2469,153
2470,143
2471,171
2472,134
2473,171
2474,174
2475,171
2476,153
2477,153
2478,153
2479,154
2480,174
2481,167
2482,153
2483,165
2484,153
2485,153
2486,160
2487,167
2488,169
2489,153
2490,-1
2491,168
2492,153
2493,-1
2494,134
2495,153
2496,171
2497,169
2498,138
2499,153
2500,153
2501,148
2502,140
2503,174
2504,153
2505,178
2506,145
2507,153
2508,-1
2509,154
2510,-1
2511,154
2512,147
2513,160
2514,169
2515,160
2516,140
2517,169
2518,164
2519,140
2520,153
2521,150
2522,-1
2523,142
2524,169
2525,144
2526,153
2527,165
2528,146
2529,169
2530,169
2531,137
2532,153
2533,171
2534,169
2535,167
2536,153
2537,154
2538,134
2539,153
2540,133
2541,143
2542,148
2543,133
2544,166
2545,-1
2546,153
2547,-1
2548,137
2549,153
2550,153
2551,153
2552,-1
2553,153
2554,-1
2555,141
2556,153
2557,144
2558,137
2559,153
2560,147
2561,145
2562,174
2563,153
2564,153
2565,148
2566,174
2567,138
2568,154
2569,174
2570,167
2571,134
2572,153
2573,145
2574,153
2575,153
2576,153
2577,148
2578,153
2579,153
2580,174
2581,148
2582,140
2583,134
2584,153
2585,134
2586,153
2587,148
2588,165
2589,171
2590,153
2591,153
2592,171
2593,153
2594,171
2595,165
2596,-1
2597,171
2598,148
2599,173
2600,153
2601,153
2602,153
2603,154
2604,153
2605,148
2606,153
2607,153
2608,171
2609,173
2610,144
2611,153
2612,174
2613,153
2614,169
2615,153
2616,171
2617,154
2618,174
2619,153
2620,134
2621,137
2622,160
2623,153
2624,153
2625,153
2626,134
2627,134
2628,169
2629,166
2630,153
2631,153
2632,169
2633,134
2634,174
2635,166
2636,134
2637,174
2638,153
2639,134
2640,134
2641,144
2642,148
2643,140
2644,-1
2645,134
2646,153
2647,134
2648,134
2649,140
2650,160
2651,178
2652,154
2653,173
2654,153
2655,153
2656,174
2657,134
2658,134
2659,134
2660,134
2661,57
2662,55
2663,69
2664,69
2665,62
2666,69
2667,63
2668,62
2669,69
2670,66
2671,55
2672,57
2673,69
2674,57
2675,62
2676,69
2677,63
2678,63
2679,69
2680,69
2681,69
2682,55
2683,69
2684,57
2685,68
2686,62
2687,57
2688,63
2689,69
2690,63
2691,71
2692,-1
2693,63
2694,58
2695,69
2696,55
2697,55
2698,69
2699,66
2700,63
2701,57
2702,62
2703,66
2704,56
2705,69
2706,69
2707,59
2708,57
2709,-1
2710,69
2711,55
2712,-1
2713,55
2714,61
2715,62
2716,57
2717,56
2718,62
2719,57
2720,57
2721,-1
2722,59
2723,62
2724,55
2725,-1
2726,69
2727,63
2728,55
2729,69
2730,62
2731,69
2732,64
2733,57
2734,63
2735,63
2736,60
2737,55
2738,69
2739,55
2740,56
2741,69
2742,57
2743,69
2744,62
2745,69
2746,69
2747,62
2748,57
2749,69
2750,69
2751,62
2752,63
2753,57
2754,69
2755,69
2756,69
2757,69
2758,62
2759,69
2760,63
2761,69
2762,60
2763,69
2764,63
2765,57
2766,69
2767,59
2768,62
2769,69
2770,57
2771,60
2772,62
2773,69
2774,71
2775,55
2776,64
2777,69
2778,57
2779,55
2780,57
2781,60
2782,69
2783,57
2784,63
2785,57
2786,69
2787,58
2788,64
2789,69
2790,63
2791,63
2792,71
2793,57
2794,69
2795,62
2796,57
2797,57
2798,69
2799,64
2800,69
2801,62
2802,63
2803,63
2804,60
2805,61
2806,69
2807,69
2808,59
2809,69
2810,69
2811,-1
2812,63
2813,63
2814,56
2815,69
2816,62
2817,71
2818,63
2819,63
2820,55
2821,69
2822,63
2823,-1
2824,-1
2825,62
2826,63
2827,69
2828,57
2829,55
2830,55
2831,62
2832,69
2833,57
2834,66
2835,69
2836,60
2837,69
2838,56
2839,69
2840,57
2841,60
2842,59
2843,62
2844,62
2845,55
2846,57
2847,63
2848,63
2849,57
2850,69
2851,69
2852,69
2853,69
2854,69
2855,-1
2856,63
2857,59
2858,60
2859,63
2860,55
2861,64
2862,69
2863,57
2864,69
2865,62
2866,65
2867,69
2868,63
2869,57
2870,55
2871,62
2872,69
2873,69
2874,69
2875,57
2876,63
2877,69
2878,62
2879,66
2880,69
2881,57
2882,63
2883,63
2884,69
2885,56
2886,70
2887,69
2888,69
2889,66
2890,69
2891,69
2892,55
2893,60
2894,57
2895,63
2896,69
2897,69
2898,60
2899,69
2900,55
2901,57
2902,64
2903,63
2904,57
2905,69
2906,69
2907,69
2908,69
2909,69
2910,69
2911,69
2912,69
2913,69
2914,62
2915,65
2916,69
2917,69
2918,62
2919,69
2920,69
2921,62
2922,61
2923,63
2924,69
2925,69
2926,59
2927,69
2928,69
2929,69
2930,64
2931,69
2932,62
2933,61
2934,55
2935,61
2936,57
2937,57
2938,-1
2939,57
2940,69
2941,63
2942,-1
2943,69
2944,69
2945,69
2946,69
2947,55
2948,69
2949,70
2950,62
2951,55
2952,69
2953,69
2954,60
2955,62
2956,69
2957,68
2958,63
2959,66
2960,69
2961,69
2962,55
2963,69
2964,59
2965,57
2966,69
2967,69
2968,63
2969,69
2970,57
2971,63
2972,66
2973,57
2974,69
2975,59
2976,57
2977,-1
2978,69
2979,67
2980,59
2981,69
2982,66
2983,61
2984,62
2985,69
2986,69
2987,69
2988,69
2989,57
2990,55
2991,57
2992,57
2993,69
2994,69
2995,55
2996,62
2997,61
2998,63
2999,63
3000,69
3001,55
3002,55
3003,56
3004,69
3005,57
3006,59
3007,55
3008,66
3009,63
3010,69
3011,57
3012,61
3013,57
3014,69
3015,63
3016,57
3017,57
3018,55
3019,55
3020,63
3021,57
3022,69
3023,69
3024,63
3025,69
3026,69
3027,62
3028,61
3029,69
3030,69
3031,59
3032,62
3033,69
3034,-1
3035,57
3036,69
3037,71
3038,57
3039,57
3040,69
3041,57
3042,69
3043,62
3044,69
3045,69
3046,57
3047,69
3048,62
3049,57
3050,62
3051,57
3052,69
3053,64
3054,69
3055,69
3056,69
3057,63
3058,57
3059,69
3060,57
3061,68
3062,55
3063,61
3064,69
3065,69
3066,70
3067,62
3068,55
3069,55
3070,57
3071,67
3072,63
3073,69
3074,71
3075,62
3076,57
3077,55
3078,69
3079,57
3080,69
3081,68
3082,57
3083,70
3084,69
3085,69
3086,55
3087,62
3088,63
3089,57
3090,69
3091,-1
3092,69
3093,62
3094,59
3095,69
3096,69
3097,63
3098,69
3099,63
3100,55
3101,57
3102,57
3103,55
3104,69
3105,64
3106,57
3107,62
3108,69
3109,57
3110,63
3111,57
3112,57
3113,57
3114,69
3115,57
3116,57
3117,69
3118,55
3119,69
3120,57
3121,59
3122,64
3123,69
3124,62
3125,-1
3126,70
3127,71
3128,70
3129,69
3130,69
3131,64
3132,57
3133,59
3134,62
3135,69
3136,62
3137,69
3138,63
3139,69
3140,62
3141,64
3142,69
3143,69
3144,62
3145,57
3146,57
3147,71
3148,57
3149,-1
3150,57
3151,62
3152,57
3153,69
3154,55
3155,61
3156,62
3157,59
3158,69
3159,59
3160,62
3161,63
3162,55
3163,69
3164,63
3165,63
3166,69
3167,62
3168,55
3169,57
3170,57
3171,62
3172,57
3173,65
3174,69
3175,57
3176,55
3177,55
3178,63
3179,57
3180,64
3181,64
3182,57
3183,69
3184,69
3185,57
3186,55
3187,62
3188,57
3189,62
3190,60
3191,55
3192,57
3193,69
3194,57
3195,69
3196,62
3197,57
3198,57
3199,62
3200,64
3201,57
3202,69
3203,55
3204,57
3205,63
3206,57
3207,55
3208,-1
3209,57
3210,55
3211,63
3212,57
3213,69
3214,60
3215,63
3216,64
3217,-1
3218,64
3219,62
3220,69
3221,60
3222,63
3223,55
3224,57
3225,57
3226,69
3227,69
3228,69
3229,69
3230,63
3231,69
3232,69
3233,55
3234,69
3235,-1
3236,62
3237,69
3238,69
3239,57
3240,57
3241,55
3242,63
3243,69
3244,55
3245,63
3246,55
3247,57
3248,60
3249,62
3250,69
3251,64
3252,57
3253,62
3254,57
3255,62
3256,62
3257,69
3258,63
3259,-1
3260,57
3261,57
3262,57
3263,63
3264,62
3265,57
3266,68
3267,57
3268,-1
3269,69
3270,59
3271,64
3272,57
3273,55
3274,57
3275,60
3276,62
3277,57
3278,63
3279,62
3280,57
3281,57
3282,71
3283,66
3284,69
3285,55
3286,69
3287,57
3288,57
3289,-1
3290,56
3291,57
3292,63
3293,69
3294,69
3295,55
3296,57
3297,57
3298,57
3299,57
3300,69
3301,69
3302,63
3303,69
3304,69
3305,63
3306,57
3307,62
3308,68
3309,66
3310,70
3311,66
3312,62
3313,57
3314,66
3315,69
3316,57
3317,69
3318,66
3319,63
3320,57
3321,57
3322,70
3323,62
3324,69
3325,66
3326,62
3327,60
3328,59
3329,63
3330,63
3331,63
3332,57
3333,69
3334,55
3335,63
3336,70
3337,62
3338,59
3339,69
3340,63
3341,-1
3342,63
3343,63
3344,57
3345,57
3346,55
3347,57
3348,69
3349,63
3350,57
3351,57
3352,57
3353,57
3354,64
3355,57
3356,55
3357,57
3358,62
3359,55
3360,57
3361,63
3362,69
3363,69
3364,69
3365,62
3366,55
3367,57
3368,61
3369,62
3370,59
3371,55
3372,64
3373,63
3374,63
3375,63
3376,59
3377,57
3378,57
3379,55
3380,62
3381,57
3382,66
3383,60
3384,69
3385,62
3386,57
3387,69
3388,69
3389,60
3390,69
3391,57
3392,69
3393,62
3394,69
3395,62
3396,57
3397,57
3398,68
3399,69
3400,69
3401,59
3402,59
3403,57
3404,62
3405,68
3406,57
3407,63
3408,59
3409,62
3410,55
3411,57
3412,55
3413,69
3414,69
3415,55
3416,57
3417,69
3418,62
3419,57
3420,55
3421,59
3422,57
3423,66
3424,60
3425,59
3426,69
3427,59
3428,69
3429,59
3430,69
3431,63
3432,63
3433,69
3434,57
3435,69
3436,69
3437,-1
3438,-1
3439,-1
3440,-1
3441,-1
3442,-1
3443,-1
3444,-1
3445,-1
3446,-1
3447,-1
3448,-1
3449,-1
3450,-1
3451,-1
3452,-1
3453,-1
3454,18
3455,-1
3456,17
3457,-1
3458,-1
3459,-1
3460,-1
3461,-1
3462,-1
3463,-1
3464,-1
3465,-1
3466,-1
3467,-1
3468,-1
3469,-1
3470,29
3471,-1
3472,-1
3473,-1
3474,-1
3475,-1
3476,25
3477,31
3478,-1
3479,-1
3480,-1
3481,-1
3482,29
3483,-1
3484,-1
3485,-1
3486,-1
3487,-1
3488,14
3489,-1
3490,-1
3491,-1
3492,-1
3493,-1
3494,26
3495,-1
3496,-1
3497,-1
3498,-1
3499,-1
3500,-1
3501,-1
3502,-1
3503,-1
3504,-1
3505,-1
3506,27
3507,-1
3508,-1
3509,-1
3510,-1
3511,-1
3512,-1
3513,-1
3514,-1
3515,-1
3516,-1
3517,-1
3518,14
3519,-1
3520,-1
3521,17
3522,-1
3523,-1
3524,-1
3525,-1
3526,-1
3527,-1
3528,-1
3529,-1
3530,-1
3531,-1
3532,-1
3533,-1
3534,28
3535,-1
3536,-1
3537,-1
3538,-1
3539,28
3540,-1
3541,-1
3542,-1
3543,-1
3544,21
3545,-1
3546,-1
3547,-1
3548,39
3549,-1
3550,-1
3551,19
3552,-1
3553,29
3554,28
3555,28
3556,-1
3557,-1
3558,27
3559,-1
3560,-1
3561,-1
3562,-1
3563,-1
3564,28
3565,-1
3566,19
3567,30
3568,28
3569,-1
3570,-1
3571,-1
3572,-1
3573,-1
3574,14
3575,-1
3576,-1
3577,-1
3578,-1
3579,-1
3580,-1
3581,-1
3582,-1
3583,-1
3584,-1
3585,-1
3586,17
3587,-1
3588,-1
3589,-1
3590,-1
3591,-1
3592,18
3593,27
3594,-1
3595,-1
3596,-1
3597,-1
3598,-1
3599,-1
3600,-1
3601,-1
3602,-1
3603,-1
3604,14
3605,14
3606,-1
3607,-1
3608,-1
3609,-1
3610,-1
3611,-1
3612,25
3613,-1
3614,-1
3615,29
3616,-1
3617,22
3618,-1
3619,-1
3620,-1
3621,-1
3622,-1
3623,15
3624,16
3625,-1
3626,-1
3627,-1
3628,-1
3629,-1
3630,-1
3631,-1
3632,-1
3633,17
3634,-1
3635,-1
3636,-1
3637,-1
3638,-1
3639,-1
3640,14
3641,-1
3642,-1
3643,-1
3644,-1
3645,28
3646,-1
3647,-1
3648,-1
3649,-1
3650,-1
3651,17
3652,-1
3653,-1
3654,-1
3655,-1
3656,17
3657,-1
3658,-1
3659,-1
3660,39
3661,-1
3662,-1
3663,-1
3664,-1
3665,-1
3666,-1
3667,-1
3668,-1
3669,-1
3670,-1
3671,-1
3672,-1
3673,-1
3674,17
3675,25
3676,-1
3677,17
3678,-1
3679,-1
3680,28
3681,-1
3682,16
3683,-1
3684,-1
3685,-1
3686,-1
3687,-1
3688,-1
3689,18
3690,22
3691,-1
3692,-1
3693,-1
3694,-1
3695,-1
3696,-1
3697,-1
3698,-1
3699,-1
3700,-1
3701,-1
3702,-1
3703,-1
3704,-1
3705,28
3706,-1
3707,-1
3708,-1
3709,-1
3710,-1
3711,-1
3712,-1
3713,-1
3714,-1
3715,-1
3716,-1
3717,-1
3718,28
3719,28
3720,-1
3721,18
3722,-1
3723,-1
3724,-1
3725,-1
3726,-1
3727,-1
3728,-1
3729,-1
3730,-1
3731,-1
3732,-1
3733,-1
3734,-1
3735,-1
3736,-1
3737,-1
3738,-1
3739,-1
3740,-1
3741,-1
3742,-1
3743,-1
3744,-1
3745,-1
3746,-1
3747,-1
3748,-1
3749,-1
3750,-1
3751,-1
3752,-1
3753,17
3754,-1
3755,-1
3756,-1
3757,-1
3758,27
3759,25
3760,-1
3761,-1
3762,-1
3763,24
3764,-1
3765,-1
3766,28
3767,-1
3768,-1
3769,-1
3770,28
3771,16
3772,45
3773,-1
3774,-1
3775,21
3776,-1
3777,28
3778,-1
3779,45
3780,-1
3781,-1
3782,15
3783,-1
3784,-1
3785,-1
3786,15
3787,-1
3788,-1
3789,-1
3790,-1
3791,28
3792,-1
3793,-1
3794,-1
3795,-1
3796,-1
3797,-1
3798,-1
3799,25
3800,-1
3801,-1
3802,-1
3803,28
3804,-1
3805,-1
3806,-1
3807,-1
3808,-1
3809,-1
3810,27
3811,-1
3812,-1
3813,-1
3814,-1
3815,-1
3816,-1
3817,-1
3818,-1
3819,28
3820,-1
3821,-1
3822,-1
3823,28
3824,-1
3825,28
3826,-1
3827,-1
3828,-1
3829,-1
3830,17
3831,-1
3832,14
3833,-1
3834,22
3835,-1
3836,25
3837,25
3838,-1
3839,-1
3840,-1
3841,-1
3842,-1
3843,28
3844,25
3845,-1
3846,-1
3847,-1
3848,-1
3849,-1
3850,-1
3851,-1
3852,-1
3853,-1
3854,-1
3855,-1
3856,-1
3857,-1
3858,-1
3859,-1
3860,14
3861,28
3862,-1
3863,-1
3864,-1
3865,-1
3866,-1
3867,-1
3868,-1
3869,-1
3870,-1
3871,-1
3872,-1
3873,-1
3874,-1
3875,-1
3876,-1
3877,-1
3878,-1
3879,-1
3880,17
3881,-1
3882,-1
3883,-1
3884,-1
3885,-1
3886,-1
3887,-1
3888,-1
3889,-1
3890,-1
3891,-1
3892,-1
3893,25
3894,16
3895,20
3896,-1
3897,-1
3898,-1
3899,-1
3900,-1
3901,-1
3902,-1
3903,-1
3904,-1
3905,-1
3906,-1
3907,17
3908,-1
3909,-1
3910,-1
3911,-1
3912,30
3913,-1
3914,-1
3915,-1
3916,-1
3917,-1
3918,-1
3919,-1
3920,-1
3921,-1
3922,-1
3923,-1
3924,-1
3925,-1
3926,-1
3927,-1
3928,-1
3929,-1
3930,-1
3931,-1
3932,-1
3933,-1
3934,-1
3935,-1
3936,-1
3937,-1
3938,14
3939,16
3940,-1
3941,-1
3942,-1
3943,-1
3944,-1
3945,28
3946,-1
3947,15
3948,17
3949,16
3950,-1
3951,-1
3952,-1
3953,-1
3954,-1
3955,-1
3956,-1
3957,-1
3958,-1
3959,-1
3960,-1
3961,-1
3962,17
3963,16
3964,-1
3965,-1
3966,-1
3967,-1
3968,-1
3969,-1
3970,-1
3971,-1
3972,-1
3973,-1
3974,-1
3975,-1
3976,-1
3977,-1
3978,-1
3979,39
3980,-1
3981,102
3982,111
3983,105
3984,103
3985,112
3986,105
3987,99
3988,104
3989,96
3990,106
3991,102
3992,105
3993,112
3994,102
3995,112
3996,102
3997,102
3998,102
3999,102
4000,105
4001,107
4002,102
4003,112
4004,112
4005,102
4006,100
4007,106
4008,102
4009,96
4010,97
4011,102
4012,108
4013,98
4014,110
4015,99
4016,106
4017,105
4018,102
4019,102
4020,102
4021,104
4022,-1
4023,102
4024,99
4025,106
4026,104
4027,102
4028,102
4029,107
4030,104
4031,102
4032,102
4033,105
4034,102
4035,101
4036,102
4037,97
4038,109
