3	0	1.0
3	1	1.0
3	2	1.0
7	4	1.0
7	5	1.0
7	6	1.0
9	8	1.0
18	10	1.0
18	11	1.0
18	12	1.0
18	13	1.0
18	14	1.0
18	15	1.0
18	16	1.0
18	17	1.0
31	28	1.0
31	29	1.0
31	30	1.0
33	20	1.0
33	21	1.0
33	22	1.0
33	23	1.0
33	24	1.0
33	25	1.0
33	26	1.0
33	27	1.0
33	31	1.0
33	32	1.0
35	34	1.0
41	36	1.0
41	37	1.0
41	38	1.0
41	39	1.0
41	40	1.0
52	42	1.0
52	43	1.0
52	44	1.0
52	45	1.0
52	46	1.0
52	47	1.0
52	48	1.0
52	49	1.0
52	50	1.0
52	51	1.0
63	53	1.0
63	54	1.0
63	55	1.0
63	56	1.0
63	57	1.0
63	58	1.0
63	59	1.0
63	60	1.0
63	61	1.0
63	62	1.0
84	82	1.0
84	83	1.0
98	93	1.0
98	94	1.0
98	95	1.0
98	96	1.0
98	97	1.0
177	100	1.0
177	101	1.0
177	102	1.0
177	104	1.0
177	105	1.0
177	164	1.0
177	174	1.0
177	175	1.0
177	176	1.0
177	103	1.0
214	211	1.0
214	210	1.0
214	209	1.0
214	208	1.0
214	212	1.0
214	206	1.0
214	205	1.0
214	204	1.0
214	203	1.0
214	213	1.0
214	207	1.0
232	226	1.0
232	227	1.0
232	228	1.0
232	229	1.0
232	230	1.0
232	155	1.0
232	231	1.0
264	245	1.0
264	248	1.0
264	249	1.0
264	250	1.0
264	251	1.0
264	252	1.0
264	253	1.0
264	254	1.0
264	255	1.0
264	256	1.0
264	257	1.0
264	258	1.0
264	259	1.0
264	260	1.0
264	261	1.0
264	212	1.0
264	213	1.0
264	262	1.0
264	263	1.0
264	203	1.0
264	204	1.0
264	205	1.0
264	206	1.0
264	207	1.0
264	208	1.0
264	209	1.0
264	210	1.0
264	214	1.0
264	211	1.0
311	230	1.0
311	229	1.0
311	228	1.0
311	227	1.0
311	226	1.0
311	50	1.0
311	49	1.0
311	48	1.0
311	47	1.0
311	46	1.0
311	45	1.0
311	280	1.0
311	281	1.0
311	282	1.0
311	283	1.0
311	284	1.0
311	285	1.0
311	286	1.0
311	287	1.0
311	288	1.0
311	289	1.0
311	290	1.0
311	291	1.0
311	292	1.0
311	293	1.0
311	294	1.0
311	295	1.0
311	296	1.0
311	297	1.0
311	98	1.0
311	112	1.0
311	113	1.0
311	114	1.0
311	298	1.0
311	299	1.0
311	300	1.0
311	301	1.0
311	302	1.0
311	303	1.0
311	304	1.0
311	305	1.0
311	306	1.0
311	117	1.0
311	118	1.0
311	119	1.0
311	120	1.0
311	121	1.0
311	122	1.0
311	124	1.0
311	125	1.0
311	126	1.0
311	127	1.0
311	128	1.0
311	129	1.0
311	130	1.0
311	131	1.0
311	132	1.0
311	133	1.0
311	134	1.0
311	135	1.0
311	136	1.0
311	93	1.0
311	97	1.0
311	95	1.0
311	96	1.0
311	94	1.0
311	137	1.0
311	138	1.0
311	139	1.0
311	140	1.0
311	141	1.0
311	142	1.0
311	143	1.0
311	144	1.0
311	145	1.0
311	146	1.0
311	147	1.0
311	152	1.0
311	153	1.0
311	307	1.0
311	163	1.0
311	177	1.0
311	180	1.0
311	181	1.0
311	190	1.0
311	191	1.0
311	192	1.0
311	193	1.0
311	194	1.0
311	195	1.0
311	196	1.0
311	197	1.0
311	198	1.0
311	199	1.0
311	200	1.0
311	308	1.0
311	309	1.0
311	215	1.0
311	310	1.0
311	232	1.0
311	233	1.0
311	234	1.0
311	155	1.0
311	156	1.0
311	78	1.0
311	81	1.0
311	89	1.0
311	64	1.0
311	90	1.0
311	91	1.0
311	239	1.0
311	240	1.0
311	245	1.0
340	332	1.0
340	331	1.0
340	334	1.0
340	335	1.0
340	333	1.0
340	336	1.0
340	337	1.0
340	338	1.0
340	339	1.0
397	346	1.0
397	347	1.0
397	348	1.0
397	349	1.0
397	350	1.0
397	351	1.0
397	352	1.0
397	353	1.0
397	354	1.0
397	201	1.0
397	355	1.0
397	356	1.0
397	267	1.0
397	268	1.0
397	269	1.0
397	357	1.0
397	358	1.0
397	359	1.0
397	360	1.0
397	361	1.0
397	362	1.0
397	363	1.0
397	364	1.0
397	365	1.0
397	366	1.0
397	367	1.0
397	368	1.0
397	369	1.0
397	370	1.0
397	371	1.0
397	372	1.0
397	262	1.0
397	263	1.0
397	373	1.0
397	374	1.0
397	114	1.0
397	117	1.0
397	118	1.0
397	119	1.0
397	120	1.0
397	121	1.0
397	122	1.0
397	375	1.0
397	376	1.0
397	377	1.0
397	124	1.0
397	125	1.0
397	126	1.0
397	127	1.0
397	128	1.0
397	129	1.0
397	130	1.0
397	131	1.0
397	132	1.0
397	133	1.0
397	134	1.0
397	135	1.0
397	136	1.0
397	378	1.0
397	152	1.0
397	153	1.0
397	379	1.0
397	380	1.0
397	381	1.0
397	382	1.0
397	383	1.0
397	384	1.0
397	385	1.0
397	386	1.0
397	387	1.0
397	388	1.0
397	389	1.0
397	390	1.0
397	391	1.0
397	392	1.0
397	393	1.0
397	394	1.0
397	395	1.0
397	396	1.0
398	379	1.0
398	380	1.0
398	381	1.0
398	382	1.0
398	383	1.0
398	384	1.0
398	385	1.0
398	386	1.0
398	387	1.0
398	388	1.0
398	389	1.0
398	390	1.0
398	391	1.0
398	392	1.0
398	393	1.0
398	346	1.0
398	347	1.0
398	348	1.0
398	349	1.0
398	350	1.0
398	351	1.0
398	352	1.0
398	353	1.0
398	354	1.0
398	201	1.0
398	355	1.0
398	356	1.0
398	394	1.0
398	395	1.0
398	396	1.0
398	267	1.0
398	268	1.0
398	269	1.0
398	357	1.0
398	358	1.0
398	359	1.0
398	360	1.0
398	361	1.0
398	362	1.0
398	363	1.0
398	364	1.0
398	365	1.0
398	366	1.0
398	367	1.0
398	368	1.0
398	369	1.0
398	370	1.0
398	371	1.0
398	372	1.0
398	262	1.0
398	263	1.0
398	373	1.0
398	374	1.0
398	114	1.0
398	117	1.0
398	118	1.0
398	119	1.0
398	120	1.0
398	121	1.0
398	122	1.0
398	375	1.0
398	376	1.0
398	377	1.0
398	124	1.0
398	125	1.0
398	126	1.0
398	127	1.0
398	128	1.0
398	129	1.0
398	130	1.0
398	131	1.0
398	132	1.0
398	133	1.0
398	134	1.0
398	135	1.0
398	136	1.0
398	378	1.0
398	152	1.0
398	153	1.0
400	321	1.0
400	322	1.0
400	323	1.0
400	324	1.0
400	325	1.0
400	326	1.0
400	327	1.0
400	328	1.0
400	329	1.0
400	330	1.0
400	331	1.0
400	332	1.0
400	333	1.0
400	340	1.0
400	341	1.0
400	342	1.0
400	343	1.0
400	344	1.0
400	345	1.0
400	397	1.0
400	398	1.0
400	399	1.0
480	472	1.0
480	278	1.0
480	473	1.0
480	474	1.0
480	475	1.0
480	476	1.0
480	477	1.0
480	279	1.0
480	478	1.0
480	479	1.0
503	500	1.0
503	501	1.0
503	502	1.0
506	413	1.0
506	414	1.0
506	415	1.0
506	416	1.0
506	417	1.0
506	418	1.0
506	419	1.0
506	420	1.0
506	421	1.0
506	422	1.0
506	423	1.0
506	2	1.0
506	424	1.0
506	425	1.0
506	426	1.0
506	427	1.0
506	428	1.0
506	429	1.0
506	430	1.0
506	431	1.0
506	432	1.0
506	433	1.0
506	434	1.0
506	435	1.0
506	436	1.0
506	437	1.0
506	438	1.0
506	439	1.0
506	440	1.0
506	441	1.0
506	442	1.0
506	443	1.0
506	444	1.0
506	445	1.0
506	446	1.0
506	447	1.0
506	448	1.0
506	78	1.0
506	449	1.0
506	450	1.0
506	451	1.0
506	452	1.0
506	453	1.0
506	454	1.0
506	455	1.0
506	456	1.0
506	457	1.0
506	266	1.0
506	272	1.0
506	273	1.0
506	458	1.0
506	459	1.0
506	460	1.0
506	461	1.0
506	462	1.0
506	463	1.0
506	464	1.0
506	465	1.0
506	466	1.0
506	467	1.0
506	468	1.0
506	469	1.0
506	470	1.0
506	471	1.0
506	480	1.0
506	481	1.0
506	482	1.0
506	483	1.0
506	484	1.0
506	485	1.0
506	486	1.0
506	487	1.0
506	324	1.0
506	488	1.0
506	489	1.0
506	490	1.0
506	491	1.0
506	492	1.0
506	493	1.0
506	494	1.0
506	495	1.0
506	496	1.0
506	402	1.0
506	403	1.0
506	404	1.0
506	497	1.0
506	498	1.0
506	499	1.0
506	92	1.0
506	503	1.0
506	116	1.0
506	6	1.0
506	504	1.0
506	123	1.0
506	505	1.0
535	502	1.0
535	501	1.0
535	500	1.0
542	500	1.0
542	535	1.0
542	501	1.0
542	502	1.0
542	84	1.0
542	536	1.0
542	537	1.0
542	538	1.0
542	539	1.0
542	540	1.0
542	541	1.0
557	553	1.0
557	554	1.0
557	555	1.0
557	556	1.0
557	552	1.0
562	558	1.0
562	559	1.0
562	545	1.0
562	560	1.0
562	561	1.0
562	324	1.0
573	571	1.0
573	572	1.0
583	405	1.0
583	404	1.0
583	403	1.0
583	402	1.0
583	574	1.0
583	575	1.0
583	407	1.0
583	406	1.0
583	82	1.0
583	83	1.0
583	576	1.0
583	577	1.0
583	578	1.0
583	317	1.0
583	579	1.0
583	318	1.0
583	319	1.0
583	580	1.0
583	581	1.0
583	582	1.0
583	173	1.0
583	320	1.0
583	400	1.0
583	401	1.0
583	92	1.0
583	67	1.0
583	68	1.0
583	69	1.0
583	70	1.0
583	71	1.0
583	408	1.0
583	409	1.0
583	272	1.0
583	273	1.0
583	410	1.0
583	411	1.0
583	412	1.0
583	506	1.0
583	507	1.0
583	508	1.0
583	509	1.0
583	510	1.0
583	511	1.0
583	512	1.0
583	513	1.0
583	494	1.0
583	495	1.0
583	369	1.0
583	370	1.0
583	514	1.0
583	515	1.0
583	8	1.0
583	503	1.0
583	516	1.0
583	504	1.0
583	517	1.0
583	518	1.0
583	519	1.0
583	520	1.0
583	413	1.0
583	170	1.0
583	415	1.0
583	65	1.0
583	66	1.0
583	521	1.0
583	90	1.0
583	522	1.0
583	523	1.0
583	524	1.0
583	525	1.0
583	242	1.0
583	243	1.0
583	244	1.0
583	246	1.0
583	247	1.0
583	450	1.0
583	526	1.0
583	451	1.0
583	452	1.0
583	453	1.0
583	454	1.0
583	455	1.0
583	456	1.0
583	398	1.0
583	397	1.0
583	457	1.0
583	527	1.0
583	528	1.0
583	529	1.0
583	530	1.0
583	531	1.0
583	461	1.0
583	462	1.0
583	532	1.0
583	533	1.0
583	534	1.0
583	542	1.0
583	543	1.0
583	544	1.0
583	545	1.0
583	285	1.0
583	286	1.0
583	287	1.0
583	324	1.0
583	546	1.0
583	547	1.0
583	548	1.0
583	549	1.0
583	550	1.0
583	551	1.0
583	552	1.0
583	553	1.0
583	554	1.0
583	557	1.0
583	555	1.0
583	562	1.0
583	563	1.0
583	564	1.0
583	565	1.0
583	416	1.0
583	417	1.0
583	418	1.0
583	420	1.0
583	422	1.0
583	423	1.0
583	2	1.0
583	172	1.0
583	425	1.0
583	426	1.0
583	427	1.0
583	429	1.0
583	430	1.0
583	432	1.0
583	433	1.0
583	434	1.0
583	436	1.0
583	437	1.0
583	439	1.0
583	440	1.0
583	441	1.0
583	443	1.0
583	444	1.0
583	445	1.0
583	446	1.0
583	177	1.0
583	187	1.0
583	566	1.0
583	355	1.0
583	567	1.0
583	568	1.0
583	447	1.0
583	569	1.0
583	541	1.0
583	535	1.0
583	556	1.0
583	238	1.0
583	570	1.0
583	157	1.0
583	52	1.0
583	500	1.0
583	501	1.0
583	502	1.0
583	573	1.0
621	617	1.0
621	618	1.0
621	619	1.0
621	223	1.0
621	224	1.0
621	620	1.0
631	75	1.0
631	623	1.0
631	67	1.0
631	68	1.0
631	69	1.0
631	70	1.0
631	71	1.0
631	624	1.0
631	625	1.0
631	626	1.0
631	627	1.0
631	628	1.0
631	629	1.0
631	630	1.0
631	277	1.0
631	313	1.0
631	115	1.0
631	76	1.0
658	655	1.0
658	656	1.0
658	657	1.0
658	61	1.0
658	58	1.0
682	681	1.0
682	680	1.0
682	679	1.0
692	690	1.0
692	691	1.0
693	64	1.0
693	65	1.0
693	66	1.0
693	67	1.0
693	68	1.0
693	69	1.0
693	70	1.0
693	71	1.0
693	72	1.0
693	73	1.0
693	74	1.0
693	265	1.0
693	226	1.0
693	642	1.0
693	267	1.0
693	268	1.0
693	269	1.0
693	643	1.0
693	644	1.0
693	274	1.0
693	50	1.0
693	49	1.0
693	48	1.0
693	47	1.0
693	46	1.0
693	45	1.0
693	645	1.0
693	575	1.0
693	277	1.0
693	357	1.0
693	313	1.0
693	483	1.0
693	484	1.0
693	485	1.0
693	486	1.0
693	487	1.0
693	289	1.0
693	316	1.0
693	142	1.0
693	143	1.0
693	144	1.0
693	145	1.0
693	146	1.0
693	147	1.0
693	646	1.0
693	583	1.0
693	647	1.0
693	648	1.0
693	649	1.0
693	650	1.0
693	651	1.0
693	652	1.0
693	162	1.0
693	653	1.0
693	164	1.0
693	231	1.0
693	654	1.0
693	658	1.0
693	173	1.0
693	659	1.0
693	660	1.0
693	178	1.0
693	179	1.0
693	661	1.0
693	662	1.0
693	663	1.0
693	664	1.0
693	665	1.0
693	666	1.0
693	667	1.0
693	186	1.0
693	188	1.0
693	668	1.0
693	189	1.0
693	669	1.0
693	670	1.0
693	671	1.0
693	672	1.0
693	673	1.0
693	674	1.0
693	675	1.0
693	310	1.0
693	43	1.0
693	156	1.0
693	676	1.0
693	677	1.0
693	75	1.0
693	76	1.0
693	678	1.0
693	77	1.0
693	79	1.0
693	51	1.0
693	679	1.0
693	680	1.0
693	682	1.0
693	681	1.0
693	83	1.0
693	82	1.0
693	89	1.0
693	683	1.0
693	590	1.0
693	591	1.0
693	592	1.0
693	594	1.0
693	597	1.0
693	598	1.0
693	599	1.0
693	600	1.0
693	602	1.0
693	604	1.0
693	605	1.0
693	606	1.0
693	607	1.0
693	608	1.0
693	609	1.0
693	610	1.0
693	684	1.0
693	611	1.0
693	612	1.0
693	613	1.0
693	614	1.0
693	685	1.0
693	294	1.0
693	686	1.0
693	637	1.0
693	295	1.0
693	296	1.0
693	44	1.0
693	42	1.0
693	687	1.0
693	297	1.0
693	688	1.0
693	176	1.0
693	175	1.0
693	174	1.0
693	100	1.0
693	101	1.0
693	689	1.0
693	112	1.0
693	113	1.0
693	115	1.0
693	298	1.0
693	299	1.0
693	300	1.0
693	301	1.0
693	302	1.0
693	303	1.0
693	304	1.0
693	690	1.0
693	692	1.0
693	691	1.0
693	137	1.0
693	138	1.0
693	139	1.0
693	140	1.0
693	141	1.0
693	78	1.0
693	80	1.0
693	81	1.0
693	84	1.0
693	85	1.0
693	86	1.0
693	87	1.0
693	88	1.0
693	90	1.0
693	91	1.0
693	92	1.0
693	98	1.0
693	99	1.0
693	102	1.0
693	103	1.0
693	104	1.0
693	105	1.0
693	106	1.0
693	107	1.0
693	108	1.0
693	109	1.0
693	110	1.0
693	111	1.0
693	114	1.0
693	116	1.0
693	117	1.0
693	118	1.0
693	119	1.0
693	120	1.0
693	121	1.0
693	122	1.0
693	123	1.0
693	124	1.0
693	125	1.0
693	126	1.0
693	127	1.0
693	128	1.0
693	129	1.0
693	130	1.0
693	131	1.0
693	132	1.0
693	133	1.0
693	134	1.0
693	135	1.0
693	136	1.0
693	93	1.0
693	97	1.0
693	95	1.0
693	96	1.0
693	94	1.0
693	148	1.0
693	149	1.0
693	150	1.0
693	151	1.0
693	152	1.0
693	153	1.0
693	154	1.0
693	155	1.0
693	157	1.0
693	158	1.0
693	159	1.0
693	160	1.0
693	161	1.0
693	163	1.0
693	165	1.0
693	166	1.0
693	167	1.0
693	168	1.0
693	169	1.0
693	170	1.0
693	171	1.0
693	172	1.0
693	177	1.0
693	180	1.0
693	181	1.0
693	182	1.0
693	183	1.0
693	184	1.0
693	185	1.0
693	187	1.0
693	190	1.0
693	191	1.0
693	192	1.0
693	193	1.0
693	194	1.0
693	195	1.0
693	196	1.0
693	197	1.0
693	198	1.0
693	199	1.0
693	200	1.0
693	201	1.0
693	202	1.0
693	203	1.0
693	204	1.0
693	205	1.0
693	206	1.0
693	207	1.0
693	208	1.0
693	209	1.0
693	210	1.0
693	214	1.0
693	211	1.0
693	215	1.0
693	216	1.0
693	217	1.0
693	218	1.0
693	219	1.0
693	220	1.0
693	221	1.0
693	222	1.0
693	223	1.0
693	224	1.0
693	225	1.0
693	232	1.0
693	233	1.0
693	234	1.0
693	235	1.0
693	236	1.0
693	237	1.0
693	238	1.0
693	239	1.0
693	240	1.0
693	241	1.0
693	242	1.0
693	243	1.0
693	244	1.0
693	245	1.0
693	246	1.0
693	247	1.0
693	264	1.0
693	230	1.0
693	229	1.0
693	228	1.0
693	227	1.0
693	266	1.0
693	270	1.0
693	271	1.0
693	272	1.0
693	273	1.0
693	275	1.0
693	258	1.0
693	259	1.0
693	260	1.0
693	261	1.0
693	276	1.0
693	278	1.0
693	279	1.0
693	280	1.0
693	281	1.0
693	282	1.0
693	283	1.0
693	284	1.0
693	311	1.0
693	312	1.0
693	285	1.0
693	286	1.0
693	287	1.0
693	314	1.0
693	315	1.0
693	584	1.0
693	585	1.0
693	586	1.0
693	587	1.0
693	588	1.0
693	589	1.0
693	593	1.0
693	595	1.0
693	596	1.0
693	601	1.0
693	603	1.0
693	615	1.0
693	616	1.0
693	621	1.0
693	620	1.0
693	617	1.0
693	622	1.0
693	631	1.0
693	632	1.0
693	212	1.0
693	633	1.0
693	618	1.0
693	508	1.0
693	509	1.0
693	290	1.0
693	291	1.0
693	292	1.0
693	293	1.0
693	634	1.0
693	635	1.0
693	213	1.0
693	636	1.0
693	638	1.0
693	639	1.0
693	499	1.0
693	640	1.0
693	641	1.0
693	619	1.0
703	698	1.0
703	699	1.0
703	694	1.0
703	700	1.0
703	695	1.0
703	696	1.0
703	701	1.0
703	702	1.0
703	79	1.0
703	697	1.0
705	694	1.0
705	695	1.0
705	696	1.0
705	697	1.0
705	703	1.0
705	704	1.0
705	492	1.0
735	706	1.0
735	92	1.0
735	707	1.0
735	708	1.0
735	709	1.0
735	710	1.0
735	711	1.0
735	712	1.0
735	713	1.0
735	714	1.0
735	715	1.0
735	530	1.0
735	273	1.0
735	272	1.0
735	716	1.0
735	717	1.0
735	718	1.0
735	719	1.0
735	720	1.0
735	721	1.0
735	517	1.0
735	518	1.0
735	722	1.0
735	723	1.0
735	724	1.0
735	725	1.0
735	726	1.0
735	727	1.0
735	570	1.0
735	728	1.0
735	729	1.0
735	730	1.0
735	731	1.0
735	732	1.0
735	733	1.0
735	734	1.0
738	736	1.0
738	737	1.0
746	742	1.0
746	743	1.0
746	744	1.0
746	745	1.0
747	739	1.0
747	740	1.0
747	741	1.0
747	746	1.0
751	748	1.0
751	749	1.0
751	750	1.0
756	752	1.0
756	753	1.0
756	754	1.0
756	755	1.0
764	757	1.0
764	758	1.0
764	759	1.0
764	760	1.0
764	761	1.0
764	762	1.0
764	763	1.0
764	634	1.0
770	765	1.0
770	766	1.0
770	767	1.0
770	768	1.0
770	769	1.0
775	160	1.0
775	771	1.0
775	772	1.0
775	773	1.0
775	185	1.0
775	182	1.0
775	183	1.0
775	184	1.0
775	774	1.0
780	157	1.0
780	508	1.0
780	509	1.0
780	776	1.0
780	170	1.0
780	172	1.0
780	777	1.0
780	778	1.0
780	779	1.0
786	781	1.0
786	782	1.0
786	783	1.0
786	784	1.0
786	785	1.0
817	787	1.0
817	788	1.0
817	789	1.0
817	790	1.0
817	791	1.0
817	792	1.0
817	408	1.0
817	630	1.0
817	411	1.0
817	531	1.0
817	412	1.0
817	793	1.0
817	794	1.0
817	481	1.0
817	482	1.0
817	795	1.0
817	796	1.0
817	699	1.0
817	797	1.0
817	798	1.0
817	799	1.0
817	800	1.0
817	801	1.0
817	401	1.0
817	802	1.0
817	336	1.0
817	762	1.0
817	764	1.0
817	803	1.0
817	804	1.0
817	805	1.0
817	806	1.0
817	807	1.0
817	808	1.0
817	761	1.0
817	809	1.0
817	623	1.0
817	810	1.0
817	331	1.0
817	332	1.0
817	333	1.0
817	340	1.0
817	334	1.0
817	335	1.0
817	811	1.0
817	760	1.0
817	812	1.0
817	759	1.0
817	758	1.0
817	757	1.0
817	813	1.0
817	814	1.0
817	815	1.0
817	816	1.0
817	763	1.0
819	818	1.0
821	675	1.0
821	674	1.0
821	673	1.0
821	659	1.0
821	654	1.0
821	672	1.0
841	835	1.0
841	836	1.0
841	837	1.0
841	838	1.0
841	839	1.0
841	840	1.0
861	857	1.0
861	858	1.0
861	859	1.0
861	853	1.0
861	856	1.0
861	860	1.0
868	867	1.0
889	882	1.0
889	883	1.0
889	881	1.0
889	884	1.0
889	885	1.0
889	886	1.0
889	887	1.0
889	888	1.0
897	891	1.0
897	890	1.0
897	892	1.0
897	480	1.0
897	893	1.0
897	894	1.0
897	683	1.0
897	895	1.0
897	896	1.0
905	901	1.0
905	902	1.0
905	903	1.0
905	900	1.0
905	904	1.0
909	686	1.0
909	906	1.0
909	907	1.0
909	908	1.0
927	913	1.0
927	919	1.0
927	920	1.0
927	921	1.0
927	922	1.0
927	923	1.0
927	699	1.0
927	795	1.0
927	924	1.0
927	925	1.0
927	926	1.0
934	930	1.0
934	931	1.0
934	516	1.0
934	932	1.0
934	933	1.0
934	529	1.0
934	528	1.0
934	527	1.0
934	2	1.0
936	935	1.0
936	911	1.0
941	939	1.0
941	940	1.0
954	781	1.0
954	843	1.0
954	785	1.0
954	786	1.0
954	784	1.0
954	526	1.0
954	951	1.0
954	893	1.0
954	894	1.0
954	896	1.0
954	947	1.0
954	948	1.0
954	949	1.0
954	950	1.0
954	952	1.0
954	953	1.0
954	783	1.0
954	842	1.0
954	782	1.0
961	340	1.0
961	957	1.0
961	332	1.0
961	331	1.0
961	958	1.0
961	959	1.0
961	960	1.0
961	2	1.0
961	325	1.0
961	482	1.0
961	481	1.0
961	397	1.0
961	398	1.0
961	74	1.0
961	573	1.0
961	333	1.0
1004	1001	1.0
1004	275	1.0
1004	1002	1.0
1004	998	1.0
1004	1003	1.0
1012	999	1.0
1012	944	1.0
1012	1000	1.0
1012	1004	1.0
1012	1005	1.0
1012	1006	1.0
1012	974	1.0
1012	973	1.0
1012	1007	1.0
1012	1008	1.0
1012	1009	1.0
1012	1003	1.0
1012	1010	1.0
1012	1011	1.0
1012	1002	1.0
1032	1013	1.0
1032	1014	1.0
1032	499	1.0
1032	116	1.0
1032	734	1.0
1032	716	1.0
1032	1015	1.0
1032	266	1.0
1032	1016	1.0
1032	1001	1.0
1032	701	1.0
1032	702	1.0
1032	1017	1.0
1032	320	1.0
1032	1018	1.0
1032	1019	1.0
1032	1020	1.0
1032	1021	1.0
1032	1022	1.0
1032	1023	1.0
1032	1024	1.0
1032	1025	1.0
1032	1026	1.0
1032	1027	1.0
1032	1028	1.0
1032	589	1.0
1032	588	1.0
1032	1029	1.0
1032	1030	1.0
1032	1031	1.0
1046	1045	1.0
1050	69	1.0
1050	70	1.0
1050	71	1.0
1050	978	1.0
1050	979	1.0
1050	980	1.0
1050	981	1.0
1050	982	1.0
1050	242	1.0
1050	983	1.0
1050	984	1.0
1050	246	1.0
1050	985	1.0
1050	247	1.0
1050	986	1.0
1050	987	1.0
1050	988	1.0
1050	989	1.0
1050	990	1.0
1050	398	1.0
1050	397	1.0
1050	624	1.0
1050	625	1.0
1050	626	1.0
1050	627	1.0
1050	628	1.0
1050	991	1.0
1050	992	1.0
1050	993	1.0
1050	994	1.0
1050	995	1.0
1050	996	1.0
1050	226	1.0
1050	275	1.0
1050	997	1.0
1050	575	1.0
1050	276	1.0
1050	998	1.0
1050	1012	1.0
1050	482	1.0
1050	1032	1.0
1050	550	1.0
1050	606	1.0
1050	607	1.0
1050	608	1.0
1050	609	1.0
1050	610	1.0
1050	551	1.0
1050	611	1.0
1050	612	1.0
1050	613	1.0
1050	614	1.0
1050	1033	1.0
1050	1034	1.0
1050	1035	1.0
1050	975	1.0
1050	1036	1.0
1050	1037	1.0
1050	148	1.0
1050	149	1.0
1050	1038	1.0
1050	1039	1.0
1050	1040	1.0
1050	1041	1.0
1050	866	1.0
1050	1042	1.0
1050	1043	1.0
1050	970	1.0
1050	969	1.0
1050	968	1.0
1050	967	1.0
1050	962	1.0
1050	1044	1.0
1050	1046	1.0
1050	1045	1.0
1050	964	1.0
1050	1047	1.0
1050	1048	1.0
1050	1049	1.0
1050	965	1.0
1050	238	1.0
1050	915	1.0
1050	67	1.0
1050	68	1.0
1052	962	1.0
1052	963	1.0
1052	964	1.0
1052	965	1.0
1052	966	1.0
1052	967	1.0
1052	968	1.0
1052	969	1.0
1052	970	1.0
1052	971	1.0
1052	584	1.0
1052	972	1.0
1052	515	1.0
1052	973	1.0
1052	974	1.0
1052	975	1.0
1052	276	1.0
1052	976	1.0
1052	977	1.0
1052	1050	1.0
1052	1051	1.0
1062	945	1.0
1062	946	1.0
1074	1065	1.0
1074	1066	1.0
1074	1067	1.0
1074	1068	1.0
1074	1069	1.0
1074	1070	1.0
1074	1071	1.0
1074	1072	1.0
1074	1073	1.0
1082	1081	1.0
1082	271	1.0
1082	270	1.0
1082	1080	1.0
1082	1078	1.0
1082	643	1.0
1082	269	1.0
1082	267	1.0
1082	268	1.0
1085	933	1.0
1085	2	1.0
1085	930	1.0
1085	527	1.0
1085	528	1.0
1085	529	1.0
1085	932	1.0
1085	516	1.0
1085	931	1.0
1101	942	1.0
1101	943	1.0
1125	1055	1.0
1126	1107	1.0
1126	1108	1.0
1126	1109	1.0
1126	1110	1.0
1126	2	1.0
1126	317	1.0
1126	578	1.0
1126	1	1.0
1126	0	1.0
1126	1056	1.0
1126	1111	1.0
1126	1112	1.0
1126	1113	1.0
1126	404	1.0
1126	403	1.0
1126	402	1.0
1126	1120	1.0
1126	642	1.0
1126	1123	1.0
1126	1115	1.0
1126	1124	1.0
1126	320	1.0
1126	1125	1.0
1126	610	1.0
1126	1116	1.0
1126	1117	1.0
1126	1118	1.0
1126	1119	1.0
1126	1114	1.0
1126	1121	1.0
1126	1122	1.0
1162	751	1.0
1162	1161	1.0
1162	749	1.0
1162	272	1.0
1162	273	1.0
1162	489	1.0
1162	750	1.0
1162	1022	1.0
1162	1013	1.0
1162	494	1.0
1162	495	1.0
1162	92	1.0
1162	921	1.0
1162	457	1.0
1164	570	1.0
1164	1140	1.0
1164	1139	1.0
1164	1141	1.0
1164	1142	1.0
1164	1143	1.0
1164	1144	1.0
1164	530	1.0
1164	1145	1.0
1164	1146	1.0
1164	1147	1.0
1164	1148	1.0
1164	577	1.0
1164	517	1.0
1164	518	1.0
1164	579	1.0
1164	1149	1.0
1164	1150	1.0
1164	1151	1.0
1164	1152	1.0
1164	661	1.0
1164	662	1.0
1164	663	1.0
1164	664	1.0
1164	665	1.0
1164	666	1.0
1164	667	1.0
1164	1153	1.0
1164	1154	1.0
1164	1155	1.0
1164	1156	1.0
1164	1157	1.0
1164	1158	1.0
1164	723	1.0
1164	724	1.0
1164	725	1.0
1164	726	1.0
1164	727	1.0
1164	1159	1.0
1164	1160	1.0
1164	775	1.0
1164	1162	1.0
1164	1163	1.0
1220	1214	1.0
1220	1215	1.0
1220	1216	1.0
1220	1219	1.0
1220	1218	1.0
1220	1217	1.0
1221	953	1.0
1221	516	1.0
1221	360	1.0
1221	359	1.0
1221	358	1.0
1221	529	1.0
1221	527	1.0
1221	528	1.0
1234	820	1.0
1234	203	1.0
1234	204	1.0
1234	205	1.0
1234	206	1.0
1234	207	1.0
1234	208	1.0
1234	209	1.0
1234	210	1.0
1234	214	1.0
1234	211	1.0
1234	568	1.0
1234	447	1.0
1234	821	1.0
1234	222	1.0
1234	619	1.0
1234	223	1.0
1234	224	1.0
1234	17	1.0
1234	13	1.0
1234	822	1.0
1234	823	1.0
1234	824	1.0
1234	825	1.0
1234	826	1.0
1234	827	1.0
1234	828	1.0
1234	829	1.0
1234	830	1.0
1234	232	1.0
1234	831	1.0
1234	832	1.0
1234	833	1.0
1234	834	1.0
1234	841	1.0
1234	836	1.0
1234	837	1.0
1234	842	1.0
1234	843	1.0
1234	236	1.0
1234	556	1.0
1234	844	1.0
1234	845	1.0
1234	846	1.0
1234	847	1.0
1234	848	1.0
1234	849	1.0
1234	850	1.0
1234	851	1.0
1234	852	1.0
1234	838	1.0
1234	853	1.0
1234	164	1.0
1234	840	1.0
1234	835	1.0
1234	169	1.0
1234	854	1.0
1234	231	1.0
1234	855	1.0
1234	856	1.0
1234	861	1.0
1234	657	1.0
1234	658	1.0
1234	722	1.0
1234	862	1.0
1234	173	1.0
1234	863	1.0
1234	864	1.0
1234	177	1.0
1234	746	1.0
1234	743	1.0
1234	744	1.0
1234	742	1.0
1234	745	1.0
1234	865	1.0
1234	866	1.0
1234	331	1.0
1234	332	1.0
1234	333	1.0
1234	340	1.0
1234	187	1.0
1234	868	1.0
1234	869	1.0
1234	870	1.0
1234	871	1.0
1234	872	1.0
1234	873	1.0
1234	874	1.0
1234	875	1.0
1234	876	1.0
1234	877	1.0
1234	878	1.0
1234	879	1.0
1234	880	1.0
1234	407	1.0
1234	881	1.0
1234	889	1.0
1234	884	1.0
1234	882	1.0
1234	886	1.0
1234	887	1.0
1234	888	1.0
1234	883	1.0
1234	885	1.0
1234	890	1.0
1234	897	1.0
1234	860	1.0
1234	669	1.0
1234	898	1.0
1234	899	1.0
1234	900	1.0
1234	905	1.0
1234	549	1.0
1234	909	1.0
1234	910	1.0
1234	155	1.0
1234	911	1.0
1234	676	1.0
1234	677	1.0
1234	75	1.0
1234	76	1.0
1234	678	1.0
1234	912	1.0
1234	79	1.0
1234	80	1.0
1234	54	1.0
1234	53	1.0
1234	63	1.0
1234	55	1.0
1234	56	1.0
1234	57	1.0
1234	62	1.0
1234	59	1.0
1234	60	1.0
1234	732	1.0
1234	449	1.0
1234	739	1.0
1234	740	1.0
1234	81	1.0
1234	500	1.0
1234	501	1.0
1234	502	1.0
1234	913	1.0
1234	781	1.0
1234	782	1.0
1234	785	1.0
1234	786	1.0
1234	784	1.0
1234	914	1.0
1234	915	1.0
1234	916	1.0
1234	892	1.0
1234	917	1.0
1234	918	1.0
1234	67	1.0
1234	68	1.0
1234	69	1.0
1234	70	1.0
1234	71	1.0
1234	90	1.0
1234	927	1.0
1234	919	1.0
1234	920	1.0
1234	650	1.0
1234	651	1.0
1234	652	1.0
1234	928	1.0
1234	929	1.0
1234	934	1.0
1234	936	1.0
1234	937	1.0
1234	938	1.0
1234	715	1.0
1234	575	1.0
1234	532	1.0
1234	533	1.0
1234	534	1.0
1234	472	1.0
1234	277	1.0
1234	477	1.0
1234	476	1.0
1234	475	1.0
1234	941	1.0
1234	474	1.0
1234	473	1.0
1234	480	1.0
1234	940	1.0
1234	939	1.0
1234	893	1.0
1234	894	1.0
1234	896	1.0
1234	543	1.0
1234	357	1.0
1234	942	1.0
1234	943	1.0
1234	944	1.0
1234	358	1.0
1234	359	1.0
1234	360	1.0
1234	945	1.0
1234	946	1.0
1234	947	1.0
1234	948	1.0
1234	949	1.0
1234	950	1.0
1234	954	1.0
1234	955	1.0
1234	285	1.0
1234	286	1.0
1234	287	1.0
1234	696	1.0
1234	695	1.0
1234	924	1.0
1234	714	1.0
1234	956	1.0
1234	482	1.0
1234	961	1.0
1234	1052	1.0
1234	289	1.0
1234	1053	1.0
1234	1054	1.0
1234	713	1.0
1234	795	1.0
1234	683	1.0
1234	895	1.0
1234	891	1.0
1234	1055	1.0
1234	901	1.0
1234	902	1.0
1234	904	1.0
1234	903	1.0
1234	174	1.0
1234	100	1.0
1234	101	1.0
1234	102	1.0
1234	103	1.0
1234	104	1.0
1234	105	1.0
1234	1056	1.0
1234	1057	1.0
1234	859	1.0
1234	516	1.0
1234	115	1.0
1234	1058	1.0
1234	908	1.0
1234	906	1.0
1234	907	1.0
1234	1059	1.0
1234	1060	1.0
1234	1061	1.0
1234	1062	1.0
1234	921	1.0
1234	1063	1.0
1234	1064	1.0
1234	646	1.0
1234	953	1.0
1234	839	1.0
1234	783	1.0
1234	318	1.0
1234	319	1.0
1234	583	1.0
1234	655	1.0
1234	656	1.0
1234	1074	1.0
1234	1068	1.0
1234	1067	1.0
1234	1066	1.0
1234	1065	1.0
1234	1069	1.0
1234	1073	1.0
1234	1072	1.0
1234	1071	1.0
1234	1070	1.0
1234	1075	1.0
1234	647	1.0
1234	1076	1.0
1234	413	1.0
1234	648	1.0
1234	649	1.0
1234	643	1.0
1234	1077	1.0
1234	1078	1.0
1234	1079	1.0
1234	1080	1.0
1234	270	1.0
1234	1082	1.0
1234	271	1.0
1234	644	1.0
1234	272	1.0
1234	273	1.0
1234	1083	1.0
1234	701	1.0
1234	702	1.0
1234	1084	1.0
1234	1085	1.0
1234	612	1.0
1234	613	1.0
1234	614	1.0
1234	621	1.0
1234	620	1.0
1234	617	1.0
1234	1086	1.0
1234	1087	1.0
1234	1088	1.0
1234	1089	1.0
1234	923	1.0
1234	926	1.0
1234	1090	1.0
1234	1091	1.0
1234	1092	1.0
1234	1093	1.0
1234	1094	1.0
1234	1095	1.0
1234	857	1.0
1234	1096	1.0
1234	858	1.0
1234	1097	1.0
1234	61	1.0
1234	58	1.0
1234	631	1.0
1234	1035	1.0
1234	1098	1.0
1234	212	1.0
1234	618	1.0
1234	711	1.0
1234	710	1.0
1234	709	1.0
1234	1099	1.0
1234	1100	1.0
1234	290	1.0
1234	1101	1.0
1234	511	1.0
1234	294	1.0
1234	1102	1.0
1234	1103	1.0
1234	213	1.0
1234	1104	1.0
1234	1105	1.0
1234	686	1.0
1234	479	1.0
1234	637	1.0
1234	494	1.0
1234	495	1.0
1234	1106	1.0
1234	496	1.0
1234	687	1.0
1234	497	1.0
1234	498	1.0
1234	1126	1.0
1234	1127	1.0
1234	405	1.0
1234	92	1.0
1234	1081	1.0
1234	688	1.0
1234	1128	1.0
1234	176	1.0
1234	175	1.0
1234	980	1.0
1234	981	1.0
1234	982	1.0
1234	1129	1.0
1234	74	1.0
1234	1130	1.0
1234	624	1.0
1234	625	1.0
1234	626	1.0
1234	627	1.0
1234	628	1.0
1234	993	1.0
1234	398	1.0
1234	397	1.0
1234	1214	1.0
1234	1215	1.0
1234	1216	1.0
1234	1217	1.0
1234	1218	1.0
1234	1220	1.0
1234	1219	1.0
1234	265	1.0
1234	226	1.0
1234	1050	1.0
1234	457	1.0
1234	527	1.0
1234	528	1.0
1234	1221	1.0
1234	529	1.0
1234	1222	1.0
1234	1223	1.0
1234	1224	1.0
1234	1161	1.0
1234	1225	1.0
1234	1226	1.0
1234	1227	1.0
1234	1139	1.0
1234	1164	1.0
1234	1142	1.0
1234	267	1.0
1234	268	1.0
1234	269	1.0
1234	699	1.0
1234	712	1.0
1234	606	1.0
1234	607	1.0
1234	608	1.0
1234	609	1.0
1234	489	1.0
1234	490	1.0
1234	1228	1.0
1234	610	1.0
1234	551	1.0
1234	1229	1.0
1234	1230	1.0
1234	552	1.0
1234	553	1.0
1234	554	1.0
1234	557	1.0
1234	555	1.0
1234	611	1.0
1234	922	1.0
1234	925	1.0
1234	1231	1.0
1234	1232	1.0
1234	1233	1.0
1234	978	1.0
1234	979	1.0
1234	1131	1.0
1234	1132	1.0
1234	50	1.0
1234	49	1.0
1234	48	1.0
1234	47	1.0
1234	46	1.0
1234	45	1.0
1234	997	1.0
1234	1133	1.0
1234	1134	1.0
1234	515	1.0
1234	1135	1.0
1234	325	1.0
1234	112	1.0
1234	113	1.0
1234	114	1.0
1234	117	1.0
1234	118	1.0
1234	119	1.0
1234	120	1.0
1234	121	1.0
1234	122	1.0
1234	137	1.0
1234	138	1.0
1234	139	1.0
1234	140	1.0
1234	141	1.0
1234	142	1.0
1234	143	1.0
1234	144	1.0
1234	145	1.0
1234	146	1.0
1234	78	1.0
1234	1136	1.0
1234	1137	1.0
1234	1138	1.0
1234	734	1.0
1234	716	1.0
1234	91	1.0
1234	239	1.0
1234	240	1.0
1234	72	1.0
1234	73	1.0
1234	1144	1.0
1234	1165	1.0
1234	1166	1.0
1234	1167	1.0
1234	1168	1.0
1234	1169	1.0
1234	1170	1.0
1234	1171	1.0
1234	1172	1.0
1234	1173	1.0
1234	1174	1.0
1234	1175	1.0
1234	1176	1.0
1234	1177	1.0
1234	1178	1.0
1234	1179	1.0
1234	1180	1.0
1234	172	1.0
1234	424	1.0
1234	425	1.0
1234	426	1.0
1234	427	1.0
1234	428	1.0
1234	429	1.0
1234	430	1.0
1234	431	1.0
1234	432	1.0
1234	433	1.0
1234	434	1.0
1234	435	1.0
1234	436	1.0
1234	437	1.0
1234	438	1.0
1234	280	1.0
1234	281	1.0
1234	282	1.0
1234	283	1.0
1234	284	1.0
1234	313	1.0
1234	288	1.0
1234	1181	1.0
1234	1027	1.0
1234	1182	1.0
1234	1183	1.0
1234	1184	1.0
1234	1185	1.0
1234	1186	1.0
1234	439	1.0
1234	440	1.0
1234	441	1.0
1234	442	1.0
1234	443	1.0
1234	444	1.0
1234	445	1.0
1234	1187	1.0
1234	1188	1.0
1234	1189	1.0
1234	1190	1.0
1234	446	1.0
1234	1191	1.0
1234	1192	1.0
1234	1193	1.0
1234	1194	1.0
1234	1195	1.0
1234	1196	1.0
1234	1197	1.0
1234	1198	1.0
1234	1199	1.0
1234	1200	1.0
1234	308	1.0
1234	309	1.0
1234	1140	1.0
1234	147	1.0
1234	414	1.0
1234	415	1.0
1234	416	1.0
1234	1201	1.0
1234	1202	1.0
1234	1203	1.0
1234	1204	1.0
1234	1205	1.0
1234	1206	1.0
1234	1207	1.0
1234	1208	1.0
1234	1209	1.0
1234	1210	1.0
1234	417	1.0
1234	418	1.0
1234	419	1.0
1234	420	1.0
1234	1211	1.0
1234	1212	1.0
1234	1213	1.0
1234	421	1.0
1234	422	1.0
1234	423	1.0
1235	447	1.0
1235	413	1.0
1235	495	1.0
1235	494	1.0
1235	457	1.0
1236	1084	1.0
1236	583	1.0
1239	106	1.0
1239	107	1.0
1239	108	1.0
1239	109	1.0
1239	111	1.0
1239	1237	1.0
1239	1238	1.0
1245	1240	1.0
1245	1241	1.0
1245	1242	1.0
1245	1243	1.0
1245	1244	1.0
1249	1246	1.0
1249	1247	1.0
1249	1248	1.0
1258	772	1.0
1258	773	1.0
1258	774	1.0
1258	182	1.0
1258	183	1.0
1258	184	1.0
1258	185	1.0
1258	1250	1.0
1258	775	1.0
1258	771	1.0
1258	160	1.0
1258	523	1.0
1258	524	1.0
1258	525	1.0
1258	1251	1.0
1258	522	1.0
1258	1252	1.0
1258	1253	1.0
1258	1254	1.0
1258	1255	1.0
1258	1256	1.0
1258	1257	1.0
1258	521	1.0
1259	919	1.0
1259	923	1.0
1259	924	1.0
1259	925	1.0
1259	922	1.0
1259	920	1.0
1263	1260	1.0
1263	1261	1.0
1263	1262	1.0
1266	1264	1.0
1266	1265	1.0
1267	1233	1.0
1267	1232	1.0
1268	0	1.0
1268	1	1.0
1269	482	1.0
1269	481	1.0
1270	319	1.0
1270	318	1.0
1270	583	1.0
1277	319	1.0
1277	171	1.0
1277	1270	1.0
1277	1271	1.0
1277	1272	1.0
1277	1273	1.0
1277	202	1.0
1277	1274	1.0
1277	1275	1.0
1277	318	1.0
1277	1276	1.0
1277	763	1.0
1277	583	1.0
1278	169	1.0
1278	854	1.0
1278	856	1.0
1278	861	1.0
1278	236	1.0
1278	1096	1.0
1278	858	1.0
1281	1279	1.0
1281	1280	1.0
1282	678	1.0
1282	677	1.0
1282	676	1.0
1284	688	1.0
1284	660	1.0
1284	670	1.0
1284	671	1.0
1284	74	1.0
1284	1282	1.0
1284	1279	1.0
1284	1280	1.0
1284	72	1.0
1284	1283	1.0
1284	73	1.0
1298	676	1.0
1298	1285	1.0
1298	678	1.0
1298	78	1.0
1298	1286	1.0
1298	892	1.0
1298	65	1.0
1298	66	1.0
1298	90	1.0
1298	1287	1.0
1298	1288	1.0
1298	1289	1.0
1298	1130	1.0
1298	1290	1.0
1298	1291	1.0
1298	1222	1.0
1298	1223	1.0
1298	645	1.0
1298	893	1.0
1298	894	1.0
1298	896	1.0
1298	945	1.0
1298	946	1.0
1298	285	1.0
1298	286	1.0
1298	287	1.0
1298	1292	1.0
1298	1293	1.0
1298	1053	1.0
1298	1294	1.0
1298	895	1.0
1298	891	1.0
1298	1295	1.0
1298	1296	1.0
1298	637	1.0
1298	262	1.0
1298	1062	1.0
1298	647	1.0
1298	1297	1.0
1298	677	1.0
1299	652	1.0
1299	651	1.0
1299	650	1.0
1299	649	1.0
1299	648	1.0
1299	669	1.0
1300	652	1.0
1300	651	1.0
1300	650	1.0
1300	649	1.0
1300	648	1.0
1300	669	1.0
1302	266	1.0
1302	499	1.0
1302	1301	1.0
1302	116	1.0
1304	1303	1.0
1305	1287	1.0
1305	1288	1.0
1305	837	1.0
1305	836	1.0
1305	841	1.0
1305	830	1.0
1305	829	1.0
1305	835	1.0
1305	840	1.0
1305	838	1.0
1305	1076	1.0
1305	839	1.0
1311	1306	1.0
1311	1307	1.0
1311	1308	1.0
1311	1309	1.0
1311	1310	1.0
1312	397	1.0
1312	398	1.0
1331	1313	1.0
1331	249	1.0
1331	250	1.0
1331	251	1.0
1331	252	1.0
1331	253	1.0
1331	254	1.0
1331	255	1.0
1331	256	1.0
1331	257	1.0
1331	258	1.0
1331	259	1.0
1331	260	1.0
1331	261	1.0
1331	458	1.0
1331	459	1.0
1331	460	1.0
1331	463	1.0
1331	933	1.0
1331	280	1.0
1331	281	1.0
1331	282	1.0
1331	283	1.0
1331	284	1.0
1331	313	1.0
1331	285	1.0
1331	286	1.0
1331	287	1.0
1331	481	1.0
1331	482	1.0
1331	961	1.0
1331	289	1.0
1331	314	1.0
1331	315	1.0
1331	316	1.0
1331	1314	1.0
1331	1315	1.0
1331	1316	1.0
1331	1317	1.0
1331	1318	1.0
1331	585	1.0
1331	586	1.0
1331	587	1.0
1331	699	1.0
1331	610	1.0
1331	551	1.0
1331	611	1.0
1331	612	1.0
1331	613	1.0
1331	614	1.0
1331	621	1.0
1331	620	1.0
1331	617	1.0
1331	932	1.0
1331	618	1.0
1331	294	1.0
1331	493	1.0
1331	1105	1.0
1331	295	1.0
1331	296	1.0
1331	970	1.0
1331	969	1.0
1331	968	1.0
1331	967	1.0
1331	962	1.0
1331	215	1.0
1331	248	1.0
1331	672	1.0
1331	673	1.0
1331	674	1.0
1331	675	1.0
1331	1140	1.0
1331	619	1.0
1331	223	1.0
1331	224	1.0
1331	1319	1.0
1331	1320	1.0
1331	1321	1.0
1331	1322	1.0
1331	831	1.0
1331	832	1.0
1331	833	1.0
1331	834	1.0
1331	448	1.0
1331	1136	1.0
1331	734	1.0
1331	716	1.0
1331	90	1.0
1331	1255	1.0
1331	1254	1.0
1331	1253	1.0
1331	91	1.0
1331	239	1.0
1331	240	1.0
1331	241	1.0
1331	1129	1.0
1331	264	1.0
1331	450	1.0
1331	526	1.0
1331	451	1.0
1331	452	1.0
1331	454	1.0
1331	455	1.0
1331	456	1.0
1331	1234	1.0
1331	398	1.0
1331	397	1.0
1331	1323	1.0
1331	1224	1.0
1331	1141	1.0
1331	1143	1.0
1331	1144	1.0
1331	270	1.0
1331	271	1.0
1331	644	1.0
1331	272	1.0
1331	273	1.0
1331	274	1.0
1331	118	1.0
1331	119	1.0
1331	120	1.0
1331	121	1.0
1331	122	1.0
1331	1327	1.0
1331	1328	1.0
1331	504	1.0
1331	123	1.0
1331	137	1.0
1331	138	1.0
1331	139	1.0
1331	140	1.0
1331	141	1.0
1331	142	1.0
1331	143	1.0
1331	144	1.0
1331	145	1.0
1331	146	1.0
1331	147	1.0
1331	1329	1.0
1331	1330	1.0
1331	1074	1.0
1331	1068	1.0
1331	1067	1.0
1331	1066	1.0
1331	1065	1.0
1331	1069	1.0
1331	1073	1.0
1331	1072	1.0
1331	1071	1.0
1331	1070	1.0
1331	160	1.0
1331	162	1.0
1331	163	1.0
1331	851	1.0
1331	852	1.0
1331	164	1.0
1331	165	1.0
1331	166	1.0
1331	167	1.0
1331	168	1.0
1331	654	1.0
1331	855	1.0
1331	2	1.0
1331	659	1.0
1331	1303	1.0
1331	182	1.0
1331	183	1.0
1331	184	1.0
1331	185	1.0
1331	869	1.0
1331	870	1.0
1331	871	1.0
1331	872	1.0
1331	873	1.0
1331	874	1.0
1331	875	1.0
1331	876	1.0
1331	877	1.0
1331	878	1.0
1331	879	1.0
1331	880	1.0
1331	676	1.0
1331	677	1.0
1331	678	1.0
1331	975	1.0
1331	1283	1.0
1331	496	1.0
1331	515	1.0
1331	1127	1.0
1331	8	1.0
1331	325	1.0
1331	92	1.0
1331	1324	1.0
1331	176	1.0
1331	175	1.0
1331	174	1.0
1331	100	1.0
1331	101	1.0
1331	752	1.0
1331	753	1.0
1331	754	1.0
1331	755	1.0
1331	112	1.0
1331	113	1.0
1331	114	1.0
1331	1325	1.0
1331	326	1.0
1331	327	1.0
1331	328	1.0
1331	329	1.0
1331	1326	1.0
1331	1060	1.0
1331	1061	1.0
1331	117	1.0
1333	1332	1.0
1339	46	1.0
1339	45	1.0
1339	975	1.0
1339	131	1.0
1339	132	1.0
1339	133	1.0
1339	134	1.0
1339	135	1.0
1339	136	1.0
1339	1334	1.0
1339	152	1.0
1339	1335	1.0
1339	970	1.0
1339	969	1.0
1339	968	1.0
1339	967	1.0
1339	962	1.0
1339	1336	1.0
1339	1337	1.0
1339	1338	1.0
1339	830	1.0
1339	50	1.0
1339	49	1.0
1339	48	1.0
1339	47	1.0
1340	1287	1.0
1345	1341	1.0
1345	1342	1.0
1345	1343	1.0
1345	1344	1.0
1346	532	1.0
1346	534	1.0
1346	533	1.0
1396	1347	1.0
1396	1348	1.0
1396	1349	1.0
1396	684	1.0
1396	1350	1.0
1396	1351	1.0
1396	1352	1.0
1396	685	1.0
1396	1353	1.0
1396	1354	1.0
1396	1355	1.0
1396	1356	1.0
1396	1357	1.0
1396	1358	1.0
1396	1359	1.0
1396	1360	1.0
1396	1361	1.0
1396	1362	1.0
1396	1059	1.0
1396	1363	1.0
1396	1364	1.0
1396	1365	1.0
1396	1366	1.0
1396	1367	1.0
1396	1368	1.0
1396	1369	1.0
1396	1370	1.0
1396	1371	1.0
1396	1372	1.0
1396	1373	1.0
1396	1374	1.0
1396	1375	1.0
1396	1376	1.0
1396	1377	1.0
1396	1378	1.0
1396	1379	1.0
1396	1380	1.0
1396	1381	1.0
1396	1382	1.0
1396	1383	1.0
1396	321	1.0
1396	1384	1.0
1396	1385	1.0
1396	1386	1.0
1396	322	1.0
1396	1387	1.0
1396	1388	1.0
1396	1389	1.0
1396	1390	1.0
1396	1391	1.0
1396	1392	1.0
1396	1393	1.0
1396	1394	1.0
1396	1395	1.0
1397	453	1.0
1397	397	1.0
1397	398	1.0
1399	1398	1.0
1400	865	1.0
1400	844	1.0
1400	848	1.0
1400	846	1.0
1400	847	1.0
1400	845	1.0
1403	1401	1.0
1403	1402	1.0
1404	964	1.0
1405	910	1.0
1405	248	1.0
1405	919	1.0
1405	920	1.0
1405	922	1.0
1405	925	1.0
1405	91	1.0
1405	239	1.0
1405	240	1.0
1405	249	1.0
1405	250	1.0
1405	251	1.0
1405	252	1.0
1405	253	1.0
1405	254	1.0
1405	255	1.0
1405	256	1.0
1405	311	1.0
1405	312	1.0
1405	483	1.0
1405	484	1.0
1405	485	1.0
1405	486	1.0
1405	487	1.0
1405	106	1.0
1405	107	1.0
1405	108	1.0
1405	109	1.0
1405	111	1.0
1405	124	1.0
1405	125	1.0
1405	126	1.0
1405	127	1.0
1405	128	1.0
1405	129	1.0
1405	130	1.0
1405	131	1.0
1405	132	1.0
1405	133	1.0
1405	134	1.0
1405	135	1.0
1405	136	1.0
1405	152	1.0
1405	153	1.0
1405	928	1.0
1405	914	1.0
1408	1406	1.0
1408	1	1.0
1408	0	1.0
1408	1407	1.0
1410	820	1.0
1410	899	1.0
1414	1411	1.0
1414	1412	1.0
1414	1054	1.0
1414	1413	1.0
1415	823	1.0
1415	824	1.0
1415	842	1.0
1415	822	1.0
1415	526	1.0
1415	955	1.0
1415	864	1.0
1415	843	1.0
1416	292	1.0
1416	293	1.0
1416	114	1.0
1416	117	1.0
1416	118	1.0
1416	119	1.0
1416	120	1.0
1416	121	1.0
1416	122	1.0
1416	124	1.0
1416	125	1.0
1416	126	1.0
1416	127	1.0
1416	128	1.0
1416	129	1.0
1416	130	1.0
1416	131	1.0
1416	132	1.0
1416	133	1.0
1416	134	1.0
1416	135	1.0
1416	136	1.0
1416	152	1.0
1416	153	1.0
1416	163	1.0
1416	180	1.0
1416	181	1.0
1416	195	1.0
1416	196	1.0
1416	197	1.0
1416	198	1.0
1416	199	1.0
1416	200	1.0
1416	308	1.0
1416	309	1.0
1416	215	1.0
1416	234	1.0
1416	90	1.0
1416	245	1.0
1416	50	1.0
1416	49	1.0
1416	48	1.0
1416	47	1.0
1416	46	1.0
1416	45	1.0
1416	285	1.0
1416	286	1.0
1416	287	1.0
1416	291	1.0
1418	1417	1.0
1419	215	1.0
1419	163	1.0
1420	696	1.0
1420	695	1.0
1420	639	1.0
1420	237	1.0
1420	1040	1.0
1420	1047	1.0
1420	1048	1.0
1420	1039	1.0
1452	635	1.0
1452	636	1.0
1452	1421	1.0
1452	1422	1.0
1452	369	1.0
1452	370	1.0
1452	1423	1.0
1452	1424	1.0
1452	975	1.0
1452	1425	1.0
1452	1426	1.0
1452	1427	1.0
1452	1428	1.0
1452	1429	1.0
1452	1430	1.0
1452	1431	1.0
1452	1432	1.0
1452	1433	1.0
1452	1434	1.0
1452	114	1.0
1452	1435	1.0
1452	1436	1.0
1452	117	1.0
1452	118	1.0
1452	119	1.0
1452	120	1.0
1452	121	1.0
1452	122	1.0
1452	1419	1.0
1452	1437	1.0
1452	1267	1.0
1452	1438	1.0
1452	1439	1.0
1452	180	1.0
1452	181	1.0
1452	868	1.0
1452	1440	1.0
1452	970	1.0
1452	969	1.0
1452	968	1.0
1452	967	1.0
1452	962	1.0
1452	1441	1.0
1452	308	1.0
1452	309	1.0
1452	355	1.0
1452	248	1.0
1452	1442	1.0
1452	234	1.0
1452	1443	1.0
1452	867	1.0
1452	75	1.0
1452	76	1.0
1452	913	1.0
1452	264	1.0
1452	1331	1.0
1452	275	1.0
1452	249	1.0
1452	250	1.0
1452	251	1.0
1452	252	1.0
1452	253	1.0
1452	254	1.0
1452	255	1.0
1452	256	1.0
1452	257	1.0
1452	258	1.0
1452	259	1.0
1452	260	1.0
1452	261	1.0
1452	1444	1.0
1452	506	1.0
1452	313	1.0
1452	1445	1.0
1452	1446	1.0
1452	1447	1.0
1452	596	1.0
1452	797	1.0
1452	551	1.0
1452	1448	1.0
1452	1449	1.0
1452	1450	1.0
1452	1451	1.0
1453	869	1.0
1453	870	1.0
1453	871	1.0
1453	872	1.0
1453	873	1.0
1453	880	1.0
1453	875	1.0
1453	876	1.0
1453	877	1.0
1453	878	1.0
1453	879	1.0
1453	874	1.0
1454	734	1.0
1454	716	1.0
1476	1455	1.0
1476	566	1.0
1476	705	1.0
1476	1456	1.0
1476	1457	1.0
1476	1458	1.0
1476	1459	1.0
1476	1460	1.0
1476	1461	1.0
1476	1462	1.0
1476	1463	1.0
1476	1464	1.0
1476	1465	1.0
1476	1466	1.0
1476	1467	1.0
1476	1468	1.0
1476	1469	1.0
1476	1470	1.0
1476	1471	1.0
1476	314	1.0
1476	315	1.0
1476	585	1.0
1476	586	1.0
1476	587	1.0
1476	1090	1.0
1476	1091	1.0
1476	1092	1.0
1476	1093	1.0
1476	1094	1.0
1476	1100	1.0
1476	1451	1.0
1476	1472	1.0
1476	1473	1.0
1476	1474	1.0
1476	1475	1.0
1476	1287	1.0
1480	482	1.0
1480	280	1.0
1480	281	1.0
1480	282	1.0
1480	566	1.0
1480	340	1.0
1480	333	1.0
1480	332	1.0
1480	331	1.0
1480	283	1.0
1487	687	1.0
1487	646	1.0
1488	1477	1.0
1488	1478	1.0
1488	1479	1.0
1488	661	1.0
1488	662	1.0
1488	663	1.0
1488	664	1.0
1488	665	1.0
1488	666	1.0
1488	667	1.0
1488	1480	1.0
1488	1481	1.0
1488	1482	1.0
1488	1483	1.0
1488	1319	1.0
1488	730	1.0
1488	74	1.0
1488	629	1.0
1488	1010	1.0
1488	1000	1.0
1488	947	1.0
1488	1484	1.0
1488	1019	1.0
1488	1030	1.0
1488	1116	1.0
1488	1117	1.0
1488	1118	1.0
1488	1119	1.0
1488	1485	1.0
1488	479	1.0
1488	0	1.0
1488	1	1.0
1488	1486	1.0
1488	1487	1.0
1489	1326	1.0
1489	1318	1.0
1489	1314	1.0
1489	1315	1.0
1489	1316	1.0
1489	1317	1.0
1491	398	1.0
1491	1490	1.0
1491	397	1.0
1492	345	1.0
1492	398	1.0
1492	397	1.0
1492	321	1.0
1492	322	1.0
1492	323	1.0
1492	324	1.0
1492	400	1.0
1492	325	1.0
1492	326	1.0
1492	327	1.0
1492	328	1.0
1492	329	1.0
1492	330	1.0
1492	331	1.0
1492	332	1.0
1492	333	1.0
1492	340	1.0
1492	341	1.0
1492	342	1.0
1492	343	1.0
1492	344	1.0
1492	399	1.0
1494	1493	1.0
1495	1320	1.0
1495	1321	1.0
1497	1418	1.0
1497	1496	1.0
1497	667	1.0
1497	666	1.0
1497	665	1.0
1497	664	1.0
1497	663	1.0
1497	662	1.0
1497	661	1.0
1497	583	1.0
1497	994	1.0
1497	716	1.0
1497	1417	1.0
1497	734	1.0
1499	1498	1.0
1499	322	1.0
1499	1385	1.0
1499	321	1.0
1506	1500	1.0
1506	1501	1.0
1506	1502	1.0
1506	1503	1.0
1506	1504	1.0
1506	1505	1.0
1507	187	1.0
1516	1508	1.0
1516	1509	1.0
1516	1111	1.0
1516	1112	1.0
1516	1113	1.0
1516	1126	1.0
1516	1056	1.0
1516	0	1.0
1516	1	1.0
1516	1510	1.0
1516	1511	1.0
1516	2	1.0
1516	1512	1.0
1516	1108	1.0
1516	1107	1.0
1516	1044	1.0
1516	966	1.0
1516	1120	1.0
1516	1119	1.0
1516	1118	1.0
1516	1117	1.0
1516	1116	1.0
1516	610	1.0
1516	1513	1.0
1516	683	1.0
1516	1124	1.0
1516	1514	1.0
1516	1115	1.0
1516	1123	1.0
1516	1050	1.0
1516	1515	1.0
1516	642	1.0
1517	642	1.0
1517	1516	1.0
1518	224	1.0
1518	621	1.0
1518	620	1.0
1518	617	1.0
1518	223	1.0
1518	619	1.0
1518	618	1.0
1519	1087	1.0
1519	173	1.0
1519	583	1.0
1519	307	1.0
1519	306	1.0
1519	305	1.0
1519	404	1.0
1519	403	1.0
1519	402	1.0
1519	1103	1.0
1519	1086	1.0
1530	1520	1.0
1530	1521	1.0
1530	1522	1.0
1530	1523	1.0
1530	1524	1.0
1530	1525	1.0
1530	1526	1.0
1530	933	1.0
1530	1527	1.0
1530	1528	1.0
1530	1529	1.0
1534	1525	1.0
1534	1531	1.0
1534	933	1.0
1534	932	1.0
1534	1323	1.0
1534	1532	1.0
1534	789	1.0
1534	1528	1.0
1534	1529	1.0
1534	1286	1.0
1534	1533	1.0
1535	1095	1.0
1536	860	1.0
1536	859	1.0
1536	857	1.0
1537	834	1.0
1537	833	1.0
1537	832	1.0
1537	831	1.0
1537	1322	1.0
1537	852	1.0
1537	851	1.0
1540	1538	1.0
1540	1539	1.0
1543	1542	1.0
1549	1544	1.0
1549	1545	1.0
1549	1546	1.0
1549	1547	1.0
1549	1548	1.0
1549	1044	1.0
