0,Q0010
1,Q0017
2,Q0032
3,Q0045
4,Q0050
5,Q0055
6,Q0060
7,Q0065
8,Q0070
9,Q0075
10,Q0080
11,Q0085
12,Q0092
13,Q0105
14,Q0110
15,Q0115
16,Q0120
17,Q0130
18,Q0140
19,Q0142
20,Q0143
21,Q0160
22,Q0182
23,Q0250
24,Q0255
25,Q0275
26,Q0297
27,YAL001C
28,YAL002W
29,YAL003W
30,YAL004W
31,YAL005C
32,YAL007C
33,YAL008W
34,YAL009W
35,YAL010C
36,YAL011W
37,YAL012W
38,YAL013W
39,YAL014C
40,YAL015C
41,YAL016C-A
42,YAL016C-B
43,YAL016W
44,YAL017W
45,YAL018C
46,YAL019W
47,YAL019W-A
48,YAL020C
49,YAL021C
50,YAL022C
51,YAL023C
52,YAL024C
53,YAL025C
54,YAL026C
55,YAL026C-A
56,YAL027W
57,YAL028W
58,YAL029C
59,YAL030W
60,YAL031C
61,YAL031W-A
62,YAL032C
63,YAL033W
64,YAL034C
65,YAL034W-A
66,YAL035W
67,YAL036C
68,YAL037C-A
69,YAL037W
70,YAL038W
71,YAL039C
72,YAL040C
73,YAL041W
74,YAL042C-A
75,YAL042W
76,YAL043C
77,YAL044C
78,YAL044W-A
79,YAL045C
80,YAL046C
81,YAL047C
82,YAL047W-A
83,YAL048C
84,YAL049C
85,YAL051W
86,YAL053W
87,YAL054C
88,YAL055W
89,YAL056W
90,YAL058W
91,YAL059C-A
92,YAL059W
93,YAL060W
94,YAL061W
95,YAL062W
96,YAL063C
97,YAL063C-A
98,YAL064C-A
99,YAL064W
100,YAL064W-B
101,YAL065C
102,YAL066W
103,YAL067C
104,YAL067W-A
105,YAL068C
106,YAL068W-A
107,YAL069W
108,YAR002C-A
109,YAR002W
110,YAR003W
111,YAR007C
112,YAR008W
113,YAR009C
114,YAR010C
115,YAR014C
116,YAR015W
117,YAR018C
118,YAR019C
119,YAR019W-A
120,YAR020C
121,YAR023C
122,YAR027W
123,YAR028W
124,YAR029W
125,YAR030C
126,YAR031W
127,YAR033W
128,YAR035C-A
129,YAR035W
130,YAR042W
131,YAR047C
132,YAR050W
133,YAR053W
134,YAR060C
135,YAR064W
136,YAR066W
137,YAR068W
138,YAR070C
139,YAR071W
140,YAR073W
141,YAR075W
142,YBL001C
143,YBL002W
144,YBL003C
145,YBL004W
146,YBL005W
147,YBL005W-A
148,YBL005W-B
149,YBL006C
150,YBL006W-A
151,YBL007C
152,YBL008W
153,YBL008W-A
154,YBL009W
155,YBL010C
156,YBL011W
157,YBL012C
158,YBL013W
159,YBL014C
160,YBL015W
161,YBL016W
162,YBL017C
163,YBL018C
164,YBL019W
165,YBL020W
166,YBL021C
167,YBL022C
168,YBL023C
169,YBL024W
170,YBL025W
171,YBL026W
172,YBL027W
173,YBL028C
174,YBL029C-A
175,YBL029W
176,YBL030C
177,YBL031W
178,YBL032W
179,YBL033C
180,YBL034C
181,YBL035C
182,YBL036C
183,YBL037W
184,YBL038W
185,YBL039C
186,YBL039C-A
187,YBL039W-B
188,YBL040C
189,YBL041W
190,YBL042C
191,YBL043W
192,YBL044W
193,YBL045C
194,YBL046W
195,YBL047C
196,YBL048W
197,YBL049W
198,YBL050W
199,YBL051C
200,YBL052C
201,YBL053W
202,YBL054W
203,YBL055C
204,YBL056W
205,YBL057C
206,YBL058W
207,YBL059C-A
208,YBL059W
209,YBL060W
210,YBL061C
211,YBL062W
212,YBL063W
213,YBL064C
214,YBL065W
215,YBL066C
216,YBL067C
217,YBL068W
218,YBL068W-A
219,YBL069W
220,YBL070C
221,YBL071C
222,YBL071C-B
223,YBL071W-A
224,YBL072C
225,YBL073W
226,YBL074C
227,YBL075C
228,YBL076C
229,YBL077W
230,YBL078C
231,YBL079W
232,YBL080C
233,YBL081W
234,YBL082C
235,YBL083C
236,YBL084C
237,YBL085W
238,YBL086C
239,YBL087C
240,YBL088C
241,YBL089W
242,YBL090W
243,YBL091C
244,YBL091C-A
245,YBL092W
246,YBL093C
247,YBL094C
248,YBL095W
249,YBL096C
250,YBL097W
251,YBL098W
252,YBL099W
253,YBL100C
254,YBL100W-A
255,YBL100W-B
256,YBL100W-C
257,YBL101C
258,YBL102W
259,YBL103C
260,YBL104C
261,YBL105C
262,YBL106C
263,YBL107C
264,YBL107W-A
265,YBL108W
266,YBL109W
267,YBL111C
268,YBL113C
269,YBL113W-A
270,YBR001C
271,YBR002C
272,YBR003W
273,YBR004C
274,YBR005W
275,YBR006W
276,YBR007C
277,YBR008C
278,YBR009C
279,YBR010W
280,YBR011C
281,YBR012C
282,YBR012W-A
283,YBR012W-B
284,YBR013C
285,YBR014C
286,YBR015C
287,YBR016W
288,YBR017C
289,YBR018C
290,YBR019C
291,YBR020W
292,YBR021W
293,YBR022W
294,YBR023C
295,YBR024W
296,YBR025C
297,YBR026C
298,YBR027C
299,YBR028C
300,YBR029C
301,YBR030W
302,YBR031W
303,YBR032W
304,YBR033W
305,YBR034C
306,YBR035C
307,YBR036C
308,YBR037C
309,YBR038W
310,YBR039W
311,YBR040W
312,YBR041W
313,YBR042C
314,YBR043C
315,YBR044C
316,YBR045C
317,YBR046C
318,YBR047W
319,YBR048W
320,YBR049C
321,YBR050C
322,YBR051W
323,YBR052C
324,YBR053C
325,YBR054W
326,YBR055C
327,YBR056C-B
328,YBR056W
329,YBR056W-A
330,YBR057C
331,YBR058C
332,YBR058C-A
333,YBR059C
334,YBR060C
335,YBR061C
336,YBR062C
337,YBR063C
338,YBR064W
339,YBR065C
340,YBR066C
341,YBR067C
342,YBR068C
343,YBR069C
344,YBR070C
345,YBR071W
346,YBR072C-A
347,YBR072W
348,YBR073W
349,YBR074W
350,YBR076C-A
351,YBR076W
352,YBR077C
353,YBR078W
354,YBR079C
355,YBR080C
356,YBR081C
357,YBR082C
358,YBR083W
359,YBR084C-A
360,YBR084W
361,YBR085C-A
362,YBR085W
363,YBR086C
364,YBR087W
365,YBR088C
366,YBR089C-A
367,YBR089W
368,YBR090C
369,YBR091C
370,YBR092C
371,YBR093C
372,YBR094W
373,YBR095C
374,YBR096W
375,YBR097W
376,YBR098W
377,YBR099C
378,YBR101C
379,YBR102C
380,YBR103W
381,YBR104W
382,YBR105C
383,YBR106W
384,YBR107C
385,YBR108W
386,YBR109C
387,YBR110W
388,YBR111C
389,YBR111W-A
390,YBR112C
391,YBR113W
392,YBR114W
393,YBR115C
394,YBR116C
395,YBR117C
396,YBR118W
397,YBR119W
398,YBR120C
399,YBR121C
400,YBR121C-A
401,YBR122C
402,YBR123C
403,YBR124W
404,YBR125C
405,YBR126C
406,YBR126W-A
407,YBR126W-B
408,YBR127C
409,YBR128C
410,YBR129C
411,YBR130C
412,YBR131C-A
413,YBR131W
414,YBR132C
415,YBR133C
416,YBR134W
417,YBR135W
418,YBR136W
419,YBR137W
420,YBR138C
421,YBR139W
422,YBR140C
423,YBR141C
424,YBR141W-A
425,YBR142W
426,YBR143C
427,YBR144C
428,YBR145W
429,YBR146W
430,YBR147W
431,YBR148W
432,YBR149W
433,YBR150C
434,YBR151W
435,YBR152W
436,YBR153W
437,YBR154C
438,YBR155W
439,YBR156C
440,YBR157C
441,YBR158W
442,YBR159W
443,YBR160W
444,YBR161W
445,YBR162C
446,YBR162W-A
447,YBR163W
448,YBR164C
449,YBR165W
450,YBR166C
451,YBR167C
452,YBR168W
453,YBR169C
454,YBR170C
455,YBR171W
456,YBR172C
457,YBR173C
458,YBR174C
459,YBR175W
460,YBR176W
461,YBR177C
462,YBR178W
463,YBR179C
464,YBR180W
465,YBR181C
466,YBR182C
467,YBR182C-A
468,YBR183W
469,YBR184W
470,YBR185C
471,YBR186W
472,YBR187W
473,YBR188C
474,YBR189W
475,YBR190W
476,YBR191W
477,YBR191W-A
478,YBR192W
479,YBR193C
480,YBR194W
481,YBR195C
482,YBR196C
483,YBR196C-A
484,YBR196C-B
485,YBR197C
486,YBR198C
487,YBR199W
488,YBR200W
489,YBR200W-A
490,YBR201C-A
491,YBR201W
492,YBR202W
493,YBR203W
494,YBR204C
495,YBR205W
496,YBR206W
497,YBR207W
498,YBR208C
499,YBR209W
500,YBR210W
501,YBR211C
502,YBR212W
503,YBR213W
504,YBR214W
505,YBR215W
506,YBR216C
507,YBR217W
508,YBR218C
509,YBR219C
510,YBR220C
511,YBR221C
512,YBR221W-A
513,YBR222C
514,YBR223C
515,YBR223W-A
516,YBR224W
517,YBR225W
518,YBR226C
519,YBR227C
520,YBR228W
521,YBR229C
522,YBR230C
523,YBR230W-A
524,YBR231C
525,YBR233W
526,YBR233W-A
527,YBR234C
528,YBR235W
529,YBR236C
530,YBR237W
531,YBR238C
532,YBR239C
533,YBR240C
534,YBR241C
535,YBR242W
536,YBR243C
537,YBR244W
538,YBR245C
539,YBR246W
540,YBR247C
541,YBR248C
542,YBR249C
543,YBR250W
544,YBR251W
545,YBR252W
546,YBR253W
547,YBR254C
548,YBR255C-A
549,YBR255W
550,YBR256C
551,YBR257W
552,YBR258C
553,YBR259W
554,YBR260C
555,YBR261C
556,YBR262C
557,YBR263W
558,YBR264C
559,YBR265W
560,YBR266C
561,YBR267W
562,YBR268W
563,YBR269C
564,YBR270C
565,YBR271W
566,YBR272C
567,YBR273C
568,YBR274W
569,YBR275C
570,YBR276C
571,YBR277C
572,YBR278W
573,YBR279W
574,YBR280C
575,YBR281C
576,YBR282W
577,YBR283C
578,YBR284W
579,YBR285W
580,YBR286W
581,YBR287W
582,YBR288C
583,YBR289W
584,YBR290W
585,YBR291C
586,YBR292C
587,YBR293W
588,YBR294W
589,YBR295W
590,YBR296C
591,YBR296C-A
592,YBR297W
593,YBR298C
594,YBR298C-A
595,YBR299W
596,YBR300C
597,YBR301W
598,YBR302C
599,YCL001W
600,YCL001W-A
601,YCL001W-B
602,YCL002C
603,YCL004W
604,YCL005W
605,YCL005W-A
606,YCL007C
607,YCL008C
608,YCL009C
609,YCL010C
610,YCL011C
611,YCL012C
612,YCL014W
613,YCL016C
614,YCL017C
615,YCL018W
616,YCL019W
617,YCL020W
618,YCL021W-A
619,YCL022C
620,YCL023C
621,YCL024W
622,YCL025C
623,YCL026C-A
624,YCL026C-B
625,YCL027W
626,YCL028W
627,YCL029C
628,YCL030C
629,YCL031C
630,YCL032W
631,YCL033C
632,YCL034W
633,YCL035C
634,YCL036W
635,YCL037C
636,YCL038C
637,YCL039W
638,YCL040W
639,YCL041C
640,YCL042W
641,YCL043C
642,YCL044C
643,YCL045C
644,YCL046W
645,YCL047C
646,YCL048W
647,YCL048W-A
648,YCL049C
649,YCL050C
650,YCL051W
651,YCL052C
652,YCL054W
653,YCL055W
654,YCL056C
655,YCL057C-A
656,YCL057W
657,YCL058C
658,YCL058W-A
659,YCL059C
660,YCL061C
661,YCL063W
662,YCL064C
663,YCL065W
664,YCL066W
665,YCL067C
666,YCL068C
667,YCL069W
668,YCL073C
669,YCL076W
670,YCR001W
671,YCR002C
672,YCR003W
673,YCR004C
674,YCR005C
675,YCR006C
676,YCR007C
677,YCR008W
678,YCR009C
679,YCR010C
680,YCR011C
681,YCR012W
682,YCR013C
683,YCR014C
684,YCR015C
685,YCR016W
686,YCR017C
687,YCR018C
688,YCR018C-A
689,YCR019W
690,YCR020C
691,YCR020C-A
692,YCR020W-B
693,YCR021C
694,YCR022C
695,YCR023C
696,YCR024C
697,YCR024C-A
698,YCR024C-B
699,YCR025C
700,YCR026C
701,YCR027C
702,YCR028C
703,YCR028C-A
704,YCR030C
705,YCR031C
706,YCR032W
707,YCR033W
708,YCR034W
709,YCR035C
710,YCR036W
711,YCR037C
712,YCR038C
713,YCR038W-A
714,YCR039C
715,YCR040W
716,YCR041W
717,YCR042C
718,YCR043C
719,YCR044C
720,YCR045C
721,YCR045W-A
722,YCR046C
723,YCR047C
724,YCR047W-A
725,YCR048W
726,YCR049C
727,YCR050C
728,YCR051W
729,YCR052W
730,YCR053W
731,YCR054C
732,YCR057C
733,YCR059C
734,YCR060W
735,YCR061W
736,YCR063W
737,YCR064C
738,YCR065W
739,YCR066W
740,YCR067C
741,YCR068W
742,YCR069W
743,YCR071C
744,YCR072C
745,YCR073C
746,YCR073W-A
747,YCR075C
748,YCR075W-A
749,YCR076C
750,YCR077C
751,YCR079W
752,YCR081C-A
753,YCR081W
754,YCR082W
755,YCR083W
756,YCR084C
757,YCR085W
758,YCR086W
759,YCR087C-A
760,YCR087W
761,YCR088W
762,YCR089W
763,YCR090C
764,YCR091W
765,YCR092C
766,YCR093W
767,YCR094W
768,YCR095C
769,YCR095W-A
770,YCR096C
771,YCR097W
772,YCR097W-A
773,YCR098C
774,YCR099C
775,YCR100C
776,YCR101C
777,YCR102C
778,YCR102W-A
779,YCR104W
780,YCR105W
781,YCR106W
782,YCR107W
783,YCR108C
784,YDL001W
785,YDL002C
786,YDL003W
787,YDL004W
788,YDL005C
789,YDL006W
790,YDL007C-A
791,YDL007W
792,YDL008W
793,YDL009C
794,YDL010W
795,YDL011C
796,YDL012C
797,YDL013W
798,YDL014W
799,YDL015C
800,YDL016C
801,YDL017W
802,YDL018C
803,YDL019C
804,YDL020C
805,YDL021W
806,YDL022C-A
807,YDL022W
808,YDL023C
809,YDL024C
810,YDL025C
811,YDL025W-A
812,YDL026W
813,YDL027C
814,YDL028C
815,YDL029W
816,YDL030W
817,YDL031W
818,YDL032W
819,YDL033C
820,YDL034W
821,YDL035C
822,YDL036C
823,YDL037C
824,YDL039C
825,YDL040C
826,YDL041W
827,YDL042C
828,YDL043C
829,YDL044C
830,YDL045C
831,YDL045W-A
832,YDL046W
833,YDL047W
834,YDL048C
835,YDL049C
836,YDL050C
837,YDL051W
838,YDL052C
839,YDL053C
840,YDL054C
841,YDL055C
842,YDL056W
843,YDL057W
844,YDL058W
845,YDL059C
846,YDL060W
847,YDL061C
848,YDL062W
849,YDL063C
850,YDL064W
851,YDL065C
852,YDL066W
853,YDL067C
854,YDL069C
855,YDL070W
856,YDL071C
857,YDL072C
858,YDL073W
859,YDL074C
860,YDL075W
861,YDL076C
862,YDL077C
863,YDL078C
864,YDL079C
865,YDL080C
866,YDL081C
867,YDL082W
868,YDL083C
869,YDL084W
870,YDL085C-A
871,YDL085W
872,YDL086C-A
873,YDL086W
874,YDL087C
875,YDL088C
876,YDL089W
877,YDL090C
878,YDL091C
879,YDL092W
880,YDL093W
881,YDL094C
882,YDL095W
883,YDL096C
884,YDL097C
885,YDL098C
886,YDL099W
887,YDL100C
888,YDL101C
889,YDL102W
890,YDL103C
891,YDL104C
892,YDL105W
893,YDL106C
894,YDL107W
895,YDL108W
896,YDL109C
897,YDL110C
898,YDL111C
899,YDL112W
900,YDL113C
901,YDL114W
902,YDL115C
903,YDL116W
904,YDL117W
905,YDL118W
906,YDL119C
907,YDL120W
908,YDL121C
909,YDL122W
910,YDL123W
911,YDL124W
912,YDL125C
913,YDL126C
914,YDL127W
915,YDL128W
916,YDL129W
917,YDL130W
918,YDL130W-A
919,YDL131W
920,YDL132W
921,YDL133C-A
922,YDL133W
923,YDL134C
924,YDL135C
925,YDL136W
926,YDL137W
927,YDL138W
928,YDL139C
929,YDL140C
930,YDL141W
931,YDL142C
932,YDL143W
933,YDL144C
934,YDL145C
935,YDL146W
936,YDL147W
937,YDL148C
938,YDL149W
939,YDL150W
940,YDL151C
941,YDL152W
942,YDL153C
943,YDL154W
944,YDL155W
945,YDL156W
946,YDL157C
947,YDL158C
948,YDL159C-B
949,YDL159W
950,YDL159W-A
951,YDL160C
952,YDL160C-A
953,YDL161W
954,YDL162C
955,YDL163W
956,YDL164C
957,YDL165W
958,YDL166C
959,YDL167C
960,YDL168W
961,YDL169C
962,YDL170W
963,YDL171C
964,YDL172C
965,YDL173W
966,YDL174C
967,YDL175C
968,YDL176W
969,YDL177C
970,YDL178W
971,YDL179W
972,YDL180W
973,YDL181W
974,YDL182W
975,YDL183C
976,YDL184C
977,YDL185C-A
978,YDL185W
979,YDL186W
980,YDL188C
981,YDL189W
982,YDL190C
983,YDL191W
984,YDL192W
985,YDL193W
986,YDL194W
987,YDL195W
988,YDL196W
989,YDL197C
990,YDL198C
991,YDL199C
992,YDL200C
993,YDL201W
994,YDL202W
995,YDL203C
996,YDL204W
997,YDL205C
998,YDL206W
999,YDL207W
1000,YDL208W
1001,YDL209C
1002,YDL210W
1003,YDL211C
1004,YDL212W
1005,YDL213C
1006,YDL214C
1007,YDL215C
1008,YDL216C
1009,YDL217C
1010,YDL218W
1011,YDL219W
1012,YDL220C
1013,YDL221W
1014,YDL222C
1015,YDL223C
1016,YDL224C
1017,YDL225W
1018,YDL226C
1019,YDL227C
1020,YDL228C
1021,YDL229W
1022,YDL230W
1023,YDL231C
1024,YDL232W
1025,YDL233W
1026,YDL234C
1027,YDL235C
1028,YDL236W
1029,YDL237W
1030,YDL238C
1031,YDL239C
1032,YDL240W
1033,YDL241W
1034,YDL242W
1035,YDL243C
1036,YDL244W
1037,YDL245C
1038,YDL246C
1039,YDL247W
1040,YDL248W
1041,YDR001C
1042,YDR002W
1043,YDR003W
1044,YDR003W-A
1045,YDR004W
1046,YDR005C
1047,YDR006C
1048,YDR007W
1049,YDR008C
1050,YDR009W
1051,YDR011W
1052,YDR012W
1053,YDR013W
1054,YDR014W
1055,YDR014W-A
1056,YDR015C
1057,YDR016C
1058,YDR017C
1059,YDR018C
1060,YDR019C
1061,YDR020C
1062,YDR021W
1063,YDR022C
1064,YDR023W
1065,YDR025W
1066,YDR026C
1067,YDR027C
1068,YDR028C
1069,YDR029W
1070,YDR030C
1071,YDR031W
1072,YDR032C
1073,YDR033W
1074,YDR034C
1075,YDR034C-A
1076,YDR034C-C
1077,YDR034C-D
1078,YDR034W-B
1079,YDR035W
1080,YDR036C
1081,YDR037W
1082,YDR038C
1083,YDR039C
1084,YDR040C
1085,YDR041W
1086,YDR042C
1087,YDR043C
1088,YDR044W
1089,YDR045C
1090,YDR046C
1091,YDR047W
1092,YDR048C
1093,YDR049W
1094,YDR050C
1095,YDR051C
1096,YDR052C
1097,YDR053W
1098,YDR054C
1099,YDR055W
1100,YDR056C
1101,YDR057W
1102,YDR058C
1103,YDR059C
1104,YDR060W
1105,YDR061W
1106,YDR062W
1107,YDR063W
1108,YDR064W
1109,YDR065W
1110,YDR066C
1111,YDR067C
1112,YDR068W
1113,YDR069C
1114,YDR070C
1115,YDR071C
1116,YDR072C
1117,YDR073W
1118,YDR074W
1119,YDR075W
1120,YDR076W
1121,YDR077W
1122,YDR078C
1123,YDR079C-A
1124,YDR079W
1125,YDR080W
1126,YDR081C
1127,YDR082W
1128,YDR083W
1129,YDR084C
1130,YDR085C
1131,YDR086C
1132,YDR087C
1133,YDR088C
1134,YDR089W
1135,YDR090C
1136,YDR091C
1137,YDR092W
1138,YDR093W
1139,YDR094W
1140,YDR095C
1141,YDR096W
1142,YDR097C
1143,YDR098C
1144,YDR098C-A
1145,YDR098C-B
1146,YDR099W
1147,YDR100W
1148,YDR101C
1149,YDR102C
1150,YDR103W
1151,YDR104C
1152,YDR105C
1153,YDR106W
1154,YDR107C
1155,YDR108W
1156,YDR109C
1157,YDR110W
1158,YDR111C
1159,YDR112W
1160,YDR113C
1161,YDR114C
1162,YDR115W
1163,YDR116C
1164,YDR117C
1165,YDR118W
1166,YDR119W
1167,YDR119W-A
1168,YDR120C
1169,YDR121W
1170,YDR122W
1171,YDR123C
1172,YDR124W
1173,YDR125C
1174,YDR126W
1175,YDR127W
1176,YDR128W
1177,YDR129C
1178,YDR130C
1179,YDR131C
1180,YDR132C
1181,YDR133C
1182,YDR135C
1183,YDR136C
1184,YDR137W
1185,YDR138W
1186,YDR139C
1187,YDR140W
1188,YDR141C
1189,YDR142C
1190,YDR143C
1191,YDR144C
1192,YDR145W
1193,YDR146C
1194,YDR147W
1195,YDR148C
1196,YDR149C
1197,YDR150W
1198,YDR151C
1199,YDR152W
1200,YDR153C
1201,YDR154C
1202,YDR155C
1203,YDR156W
1204,YDR157W
1205,YDR158W
1206,YDR159W
1207,YDR160W
1208,YDR161W
1209,YDR162C
1210,YDR163W
1211,YDR164C
1212,YDR165W
1213,YDR166C
1214,YDR167W
1215,YDR168W
1216,YDR169C
1217,YDR169C-A
1218,YDR170C
1219,YDR170W-A
1220,YDR171W
1221,YDR172W
1222,YDR173C
1223,YDR174W
1224,YDR175C
1225,YDR176W
1226,YDR177W
1227,YDR178W
1228,YDR179C
1229,YDR179W-A
1230,YDR180W
1231,YDR181C
1232,YDR182W
1233,YDR182W-A
1234,YDR183W
1235,YDR184C
1236,YDR185C
1237,YDR186C
1238,YDR187C
1239,YDR188W
1240,YDR189W
1241,YDR190C
1242,YDR191W
1243,YDR192C
1244,YDR193W
1245,YDR194C
1246,YDR194W-A
1247,YDR195W
1248,YDR196C
1249,YDR197W
1250,YDR198C
1251,YDR199W
1252,YDR200C
1253,YDR201W
1254,YDR202C
1255,YDR203W
1256,YDR204W
1257,YDR205W
1258,YDR206W
1259,YDR207C
1260,YDR208W
1261,YDR209C
1262,YDR210C-C
1263,YDR210C-D
1264,YDR210W
1265,YDR210W-A
1266,YDR210W-B
1267,YDR211W
1268,YDR212W
1269,YDR213W
1270,YDR214W
1271,YDR215C
1272,YDR216W
1273,YDR217C
1274,YDR218C
1275,YDR219C
1276,YDR220C
1277,YDR221W
1278,YDR222W
1279,YDR223W
1280,YDR224C
1281,YDR225W
1282,YDR226W
1283,YDR227W
1284,YDR228C
1285,YDR229W
1286,YDR230W
1287,YDR231C
1288,YDR232W
1289,YDR233C
1290,YDR234W
1291,YDR235W
1292,YDR236C
1293,YDR237W
1294,YDR238C
1295,YDR239C
1296,YDR240C
1297,YDR241W
1298,YDR242W
1299,YDR243C
1300,YDR244W
1301,YDR245W
1302,YDR246W
1303,YDR246W-A
1304,YDR247W
1305,YDR248C
1306,YDR249C
1307,YDR250C
1308,YDR251W
1309,YDR252W
1310,YDR253C
1311,YDR254W
1312,YDR255C
1313,YDR256C
1314,YDR257C
1315,YDR258C
1316,YDR259C
1317,YDR260C
1318,YDR261C
1319,YDR261C-C
1320,YDR261C-D
1321,YDR261W-A
1322,YDR261W-B
1323,YDR262W
1324,YDR263C
1325,YDR264C
1326,YDR265W
1327,YDR266C
1328,YDR267C
1329,YDR268W
1330,YDR270W
1331,YDR271C
1332,YDR272W
1333,YDR273W
1334,YDR274C
1335,YDR275W
1336,YDR276C
1337,YDR277C
1338,YDR278C
1339,YDR279W
1340,YDR280W
1341,YDR281C
1342,YDR282C
1343,YDR283C
1344,YDR284C
1345,YDR285W
1346,YDR286C
1347,YDR287W
1348,YDR288W
1349,YDR289C
1350,YDR290W
1351,YDR291W
1352,YDR292C
1353,YDR293C
1354,YDR294C
1355,YDR295C
1356,YDR296W
1357,YDR297W
1358,YDR298C
1359,YDR299W
1360,YDR300C
1361,YDR301W
1362,YDR302W
1363,YDR303C
1364,YDR304C
1365,YDR305C
1366,YDR306C
1367,YDR307W
1368,YDR308C
1369,YDR309C
1370,YDR310C
1371,YDR311W
1372,YDR312W
1373,YDR313C
1374,YDR314C
1375,YDR315C
1376,YDR316W
1377,YDR316W-A
1378,YDR316W-B
1379,YDR317W
1380,YDR318W
1381,YDR319C
1382,YDR320C
1383,YDR320C-A
1384,YDR320W-B
1385,YDR321W
1386,YDR322C-A
1387,YDR322W
1388,YDR323C
1389,YDR324C
1390,YDR325W
1391,YDR326C
1392,YDR327W
1393,YDR328C
1394,YDR329C
1395,YDR330W
1396,YDR331W
1397,YDR332W
1398,YDR333C
1399,YDR334W
1400,YDR335W
1401,YDR336W
1402,YDR337W
1403,YDR338C
1404,YDR339C
1405,YDR340W
1406,YDR341C
1407,YDR342C
1408,YDR343C
1409,YDR344C
1410,YDR345C
1411,YDR346C
1412,YDR347W
1413,YDR348C
1414,YDR349C
1415,YDR350C
1416,YDR351W
1417,YDR352W
1418,YDR353W
1419,YDR354C-A
1420,YDR354W
1421,YDR355C
1422,YDR356W
1423,YDR357C
1424,YDR358W
1425,YDR359C
1426,YDR360W
1427,YDR361C
1428,YDR362C
1429,YDR363W
1430,YDR363W-A
1431,YDR364C
1432,YDR365C
1433,YDR365W-A
1434,YDR365W-B
1435,YDR366C
1436,YDR367W
1437,YDR368W
1438,YDR369C
1439,YDR370C
1440,YDR371C-A
1441,YDR371W
1442,YDR372C
1443,YDR373W
1444,YDR374C
1445,YDR374W-A
1446,YDR375C
1447,YDR376W
1448,YDR377W
1449,YDR378C
1450,YDR379C-A
1451,YDR379W
1452,YDR380W
1453,YDR381C-A
1454,YDR381W
1455,YDR382W
1456,YDR383C
1457,YDR384C
1458,YDR385W
1459,YDR386W
1460,YDR387C
1461,YDR388W
1462,YDR389W
1463,YDR390C
1464,YDR391C
1465,YDR392W
1466,YDR393W
1467,YDR394W
1468,YDR395W
1469,YDR396W
1470,YDR397C
1471,YDR398W
1472,YDR399W
1473,YDR400W
1474,YDR402C
1475,YDR403W
1476,YDR404C
1477,YDR405W
1478,YDR406W
1479,YDR407C
1480,YDR408C
1481,YDR409W
1482,YDR410C
1483,YDR411C
1484,YDR412W
1485,YDR413C
1486,YDR414C
1487,YDR415C
1488,YDR416W
1489,YDR417C
1490,YDR418W
1491,YDR419W
1492,YDR420W
1493,YDR421W
1494,YDR422C
1495,YDR423C
1496,YDR424C
1497,YDR425W
1498,YDR426C
1499,YDR427W
1500,YDR428C
1501,YDR429C
1502,YDR430C
1503,YDR431W
1504,YDR432W
1505,YDR433W
1506,YDR434W
1507,YDR435C
1508,YDR436W
1509,YDR437W
1510,YDR438W
1511,YDR439W
1512,YDR440W
1513,YDR441C
1514,YDR443C
1515,YDR444W
1516,YDR445C
1517,YDR446W
1518,YDR447C
1519,YDR448W
1520,YDR449C
1521,YDR450W
1522,YDR451C
1523,YDR452W
1524,YDR453C
1525,YDR454C
1526,YDR455C
1527,YDR456W
1528,YDR457W
1529,YDR458C
1530,YDR459C
1531,YDR460W
1532,YDR461C-A
1533,YDR461W
1534,YDR462W
1535,YDR463W
1536,YDR464W
1537,YDR465C
1538,YDR466W
1539,YDR468C
1540,YDR469W
1541,YDR470C
1542,YDR471W
1543,YDR472W
1544,YDR473C
1545,YDR475C
1546,YDR476C
1547,YDR477W
1548,YDR478W
1549,YDR479C
1550,YDR480W
1551,YDR481C
1552,YDR482C
1553,YDR483W
1554,YDR484W
1555,YDR485C
1556,YDR486C
1557,YDR487C
1558,YDR488C
1559,YDR489W
1560,YDR490C
1561,YDR492W
1562,YDR493W
1563,YDR494W
1564,YDR495C
1565,YDR496C
1566,YDR497C
1567,YDR498C
1568,YDR499W
1569,YDR500C
1570,YDR501W
1571,YDR502C
1572,YDR503C
1573,YDR504C
1574,YDR505C
1575,YDR506C
1576,YDR507C
1577,YDR508C
1578,YDR509W
1579,YDR510C-A
1580,YDR510W
1581,YDR511W
1582,YDR512C
1583,YDR513W
1584,YDR514C
1585,YDR515W
1586,YDR516C
1587,YDR517W
1588,YDR518W
1589,YDR519W
1590,YDR520C
1591,YDR522C
1592,YDR523C
1593,YDR524C
1594,YDR524C-A
1595,YDR524C-B
1596,YDR524W-C
1597,YDR525W
1598,YDR525W-A
1599,YDR527W
1600,YDR528W
1601,YDR529C
1602,YDR530C
1603,YDR531W
1604,YDR532C
1605,YDR533C
1606,YDR534C
1607,YDR535C
1608,YDR536W
1609,YDR537C
1610,YDR538W
1611,YDR539W
1612,YDR540C
1613,YDR541C
1614,YDR542W
1615,YDR543C
1616,YDR544C
1617,YDR545C-A
1618,YDR545W
1619,YEL001C
1620,YEL002C
1621,YEL003W
1622,YEL004W
1623,YEL005C
1624,YEL006W
1625,YEL007W
1626,YEL008W
1627,YEL009C
1628,YEL009C-A
1629,YEL010W
1630,YEL011W
1631,YEL012W
1632,YEL013W
1633,YEL014C
1634,YEL015W
1635,YEL016C
1636,YEL017C-A
1637,YEL017W
1638,YEL018C-A
1639,YEL018W
1640,YEL019C
1641,YEL020C
1642,YEL020C-B
1643,YEL020W-A
1644,YEL021W
1645,YEL022W
1646,YEL023C
1647,YEL024W
1648,YEL025C
1649,YEL026W
1650,YEL027W
1651,YEL028W
1652,YEL029C
1653,YEL030W
1654,YEL031W
1655,YEL032W
1656,YEL033W
1657,YEL034C-A
1658,YEL034W
1659,YEL035C
1660,YEL036C
1661,YEL037C
1662,YEL038W
1663,YEL039C
1664,YEL040W
1665,YEL041W
1666,YEL042W
1667,YEL043W
1668,YEL044W
1669,YEL045C
1670,YEL046C
1671,YEL047C
1672,YEL048C
1673,YEL049W
1674,YEL050C
1675,YEL051W
1676,YEL052W
1677,YEL053C
1678,YEL053W-A
1679,YEL054C
1680,YEL055C
1681,YEL056W
1682,YEL057C
1683,YEL058W
1684,YEL059C-A
1685,YEL059W
1686,YEL060C
1687,YEL061C
1688,YEL062W
1689,YEL063C
1690,YEL064C
1691,YEL065W
1692,YEL066W
1693,YEL067C
1694,YEL068C
1695,YEL069C
1696,YEL070W
1697,YEL071W
1698,YEL072W
1699,YEL073C
1700,YEL074W
1701,YEL075C
1702,YEL075W-A
1703,YEL076C
1704,YEL076C-A
1705,YEL077C
1706,YER001W
1707,YER002W
1708,YER003C
1709,YER004W
1710,YER005W
1711,YER006C-A
1712,YER006W
1713,YER007C-A
1714,YER007W
1715,YER008C
1716,YER009W
1717,YER010C
1718,YER011W
1719,YER012W
1720,YER013W
1721,YER014C-A
1722,YER014W
1723,YER015W
1724,YER016W
1725,YER017C
1726,YER018C
1727,YER019C-A
1728,YER019W
1729,YER020W
1730,YER021W
1731,YER022W
1732,YER023C-A
1733,YER023W
1734,YER024W
1735,YER025W
1736,YER026C
1737,YER027C
1738,YER028C
1739,YER029C
1740,YER030W
1741,YER031C
1742,YER032W
1743,YER033C
1744,YER034W
1745,YER035W
1746,YER036C
1747,YER037W
1748,YER038C
1749,YER038W-A
1750,YER039C
1751,YER039C-A
1752,YER040W
1753,YER041W
1754,YER042W
1755,YER043C
1756,YER044C
1757,YER044C-A
1758,YER045C
1759,YER046W
1760,YER046W-A
1761,YER047C
1762,YER048C
1763,YER048W-A
1764,YER049W
1765,YER050C
1766,YER051W
1767,YER052C
1768,YER053C
1769,YER053C-A
1770,YER054C
1771,YER055C
1772,YER056C
1773,YER056C-A
1774,YER057C
1775,YER058W
1776,YER059W
1777,YER060W
1778,YER060W-A
1779,YER061C
1780,YER062C
1781,YER063W
1782,YER064C
1783,YER065C
1784,YER066C-A
1785,YER066W
1786,YER067C-A
1787,YER067W
1788,YER068C-A
1789,YER068W
1790,YER069W
1791,YER070W
1792,YER071C
1793,YER072W
1794,YER073W
1795,YER074W
1796,YER074W-A
1797,YER075C
1798,YER076C
1799,YER076W-A
1800,YER077C
1801,YER078C
1802,YER078W-A
1803,YER079C-A
1804,YER079W
1805,YER080W
1806,YER081W
1807,YER082C
1808,YER083C
1809,YER084W
1810,YER084W-A
1811,YER085C
1812,YER086W
1813,YER087C-A
1814,YER087C-B
1815,YER087W
1816,YER088C
1817,YER088C-A
1818,YER088W-B
1819,YER089C
1820,YER090W
1821,YER091C
1822,YER092W
1823,YER093C
1824,YER093C-A
1825,YER094C
1826,YER095W
1827,YER096W
1828,YER098W
1829,YER099C
1830,YER100W
1831,YER101C
1832,YER102W
1833,YER103W
1834,YER104W
1835,YER105C
1836,YER106W
1837,YER107C
1838,YER107W-A
1839,YER109C
1840,YER110C
1841,YER111C
1842,YER112W
1843,YER113C
1844,YER114C
1845,YER115C
1846,YER116C
1847,YER117W
1848,YER118C
1849,YER119C
1850,YER119C-A
1851,YER120W
1852,YER121W
1853,YER122C
1854,YER123W
1855,YER124C
1856,YER125W
1857,YER126C
1858,YER127W
1859,YER128W
1860,YER129W
1861,YER130C
1862,YER131W
1863,YER132C
1864,YER133W
1865,YER133W-A
1866,YER134C
1867,YER135C
1868,YER136W
1869,YER137C
1870,YER137C-A
1871,YER137W-A
1872,YER138C
1873,YER138W-A
1874,YER139C
1875,YER140W
1876,YER141W
1877,YER142C
1878,YER143W
1879,YER144C
1880,YER145C
1881,YER145C-A
1882,YER146W
1883,YER147C
1884,YER147C-A
1885,YER148W
1886,YER148W-A
1887,YER149C
1888,YER150W
1889,YER151C
1890,YER152C
1891,YER152W-A
1892,YER153C
1893,YER154W
1894,YER155C
1895,YER156C
1896,YER157W
1897,YER158C
1898,YER159C
1899,YER159C-A
1900,YER160C
1901,YER161C
1902,YER162C
1903,YER163C
1904,YER164W
1905,YER165C-A
1906,YER165W
1907,YER166W
1908,YER167W
1909,YER168C
1910,YER169W
1911,YER170W
1912,YER171W
1913,YER172C
1914,YER172C-A
1915,YER173W
1916,YER174C
1917,YER175C
1918,YER175W-A
1919,YER176W
1920,YER177W
1921,YER178W
1922,YER179W
1923,YER180C
1924,YER180C-A
1925,YER181C
1926,YER182W
1927,YER183C
1928,YER184C
1929,YER185W
1930,YER186C
1931,YER187W
1932,YER188C-A
1933,YER188W
1934,YER189W
1935,YER190W
1936,YFL001W
1937,YFL002C
1938,YFL002W-A
1939,YFL002W-B
1940,YFL003C
1941,YFL004W
1942,YFL005W
1943,YFL007W
1944,YFL008W
1945,YFL009W
1946,YFL010C
1947,YFL010W-A
1948,YFL011W
1949,YFL012W
1950,YFL012W-A
1951,YFL013C
1952,YFL014W
1953,YFL015C
1954,YFL015W-A
1955,YFL016C
1956,YFL017C
1957,YFL017W-A
1958,YFL018C
1959,YFL020C
1960,YFL021C-A
1961,YFL021W
1962,YFL022C
1963,YFL023W
1964,YFL024C
1965,YFL025C
1966,YFL026W
1967,YFL027C
1968,YFL028C
1969,YFL029C
1970,YFL030W
1971,YFL031C-A
1972,YFL031W
1973,YFL032W
1974,YFL033C
1975,YFL034C-A
1976,YFL034C-B
1977,YFL034W
1978,YFL036W
1979,YFL037W
1980,YFL038C
1981,YFL039C
1982,YFL040W
1983,YFL041W
1984,YFL041W-A
1985,YFL042C
1986,YFL044C
1987,YFL045C
1988,YFL046W
1989,YFL047W
1990,YFL048C
1991,YFL049W
1992,YFL050C
1993,YFL051C
1994,YFL052W
1995,YFL053W
1996,YFL054C
1997,YFL055W
1998,YFL056C
1999,YFL057C
2000,YFL058W
2001,YFL059W
2002,YFL060C
2003,YFL061W
2004,YFL062W
2005,YFL063W
2006,YFL064C
2007,YFL065C
2008,YFL066C
2009,YFL067W
2010,YFR001W
2011,YFR002W
2012,YFR003C
2013,YFR004W
2014,YFR005C
2015,YFR006W
2016,YFR007W
2017,YFR008W
2018,YFR009W
2019,YFR009W-A
2020,YFR010W
2021,YFR010W-A
2022,YFR011C
2023,YFR012W
2024,YFR012W-A
2025,YFR013W
2026,YFR014C
2027,YFR015C
2028,YFR016C
2029,YFR017C
2030,YFR018C
2031,YFR019W
2032,YFR020W
2033,YFR021W
2034,YFR022W
2035,YFR023W
2036,YFR024C-A
2037,YFR025C
2038,YFR026C
2039,YFR027W
2040,YFR028C
2041,YFR029W
2042,YFR030W
2043,YFR031C
2044,YFR031C-A
2045,YFR032C
2046,YFR032C-A
2047,YFR032C-B
2048,YFR033C
2049,YFR034C
2050,YFR034W-A
2051,YFR035C
2052,YFR036W
2053,YFR036W-A
2054,YFR037C
2055,YFR038W
2056,YFR039C
2057,YFR040W
2058,YFR041C
2059,YFR042W
2060,YFR043C
2061,YFR044C
2062,YFR045W
2063,YFR046C
2064,YFR047C
2065,YFR048W
2066,YFR049W
2067,YFR050C
2068,YFR051C
2069,YFR052C-A
2070,YFR052W
2071,YFR053C
2072,YFR054C
2073,YFR055W
2074,YFR056C
2075,YFR057W
2076,YGL001C
2077,YGL002W
2078,YGL003C
2079,YGL004C
2080,YGL005C
2081,YGL006W
2082,YGL006W-A
2083,YGL007C-A
2084,YGL007W
2085,YGL008C
2086,YGL009C
2087,YGL010W
2088,YGL011C
2089,YGL012W
2090,YGL013C
2091,YGL014W
2092,YGL015C
2093,YGL016W
2094,YGL017W
2095,YGL018C
2096,YGL019W
2097,YGL020C
2098,YGL021W
2099,YGL022W
2100,YGL023C
2101,YGL024W
2102,YGL025C
2103,YGL026C
2104,YGL027C
2105,YGL028C
2106,YGL029W
2107,YGL030W
2108,YGL031C
2109,YGL032C
2110,YGL033W
2111,YGL034C
2112,YGL035C
2113,YGL036W
2114,YGL037C
2115,YGL038C
2116,YGL039W
2117,YGL040C
2118,YGL041C-B
2119,YGL041W-A
2120,YGL042C
2121,YGL043W
2122,YGL044C
2123,YGL045W
2124,YGL047W
2125,YGL048C
2126,YGL049C
2127,YGL050W
2128,YGL051W
2129,YGL052W
2130,YGL053W
2131,YGL054C
2132,YGL055W
2133,YGL056C
2134,YGL057C
2135,YGL058W
2136,YGL059W
2137,YGL060W
2138,YGL061C
2139,YGL062W
2140,YGL063W
2141,YGL064C
2142,YGL065C
2143,YGL066W
2144,YGL067W
2145,YGL068W
2146,YGL069C
2147,YGL070C
2148,YGL071W
2149,YGL072C
2150,YGL073W
2151,YGL074C
2152,YGL075C
2153,YGL076C
2154,YGL077C
2155,YGL078C
2156,YGL079W
2157,YGL080W
2158,YGL081W
2159,YGL082W
2160,YGL083W
2161,YGL084C
2162,YGL085W
2163,YGL086W
2164,YGL087C
2165,YGL088W
2166,YGL089C
2167,YGL090W
2168,YGL091C
2169,YGL092W
2170,YGL093W
2171,YGL094C
2172,YGL095C
2173,YGL096W
2174,YGL097W
2175,YGL098W
2176,YGL099W
2177,YGL100W
2178,YGL101W
2179,YGL102C
2180,YGL103W
2181,YGL104C
2182,YGL105W
2183,YGL106W
2184,YGL107C
2185,YGL108C
2186,YGL109W
2187,YGL110C
2188,YGL111W
2189,YGL112C
2190,YGL113W
2191,YGL114W
2192,YGL115W
2193,YGL116W
2194,YGL117W
2195,YGL118C
2196,YGL119W
2197,YGL120C
2198,YGL121C
2199,YGL122C
2200,YGL123C-A
2201,YGL123W
2202,YGL124C
2203,YGL125W
2204,YGL126W
2205,YGL127C
2206,YGL128C
2207,YGL129C
2208,YGL130W
2209,YGL131C
2210,YGL132W
2211,YGL133W
2212,YGL134W
2213,YGL135W
2214,YGL136C
2215,YGL137W
2216,YGL138C
2217,YGL139W
2218,YGL140C
2219,YGL141W
2220,YGL142C
2221,YGL143C
2222,YGL144C
2223,YGL145W
2224,YGL146C
2225,YGL147C
2226,YGL148W
2227,YGL149W
2228,YGL150C
2229,YGL151W
2230,YGL152C
2231,YGL153W
2232,YGL154C
2233,YGL155W
2234,YGL156W
2235,YGL157W
2236,YGL158W
2237,YGL159W
2238,YGL160W
2239,YGL161C
2240,YGL162W
2241,YGL163C
2242,YGL164C
2243,YGL165C
2244,YGL166W
2245,YGL167C
2246,YGL168W
2247,YGL169W
2248,YGL170C
2249,YGL171W
2250,YGL172W
2251,YGL173C
2252,YGL174W
2253,YGL175C
2254,YGL176C
2255,YGL177W
2256,YGL178W
2257,YGL179C
2258,YGL180W
2259,YGL181W
2260,YGL182C
2261,YGL183C
2262,YGL184C
2263,YGL185C
2264,YGL186C
2265,YGL187C
2266,YGL188C
2267,YGL188C-A
2268,YGL189C
2269,YGL190C
2270,YGL191W
2271,YGL192W
2272,YGL193C
2273,YGL194C
2274,YGL194C-A
2275,YGL195W
2276,YGL196W
2277,YGL197W
2278,YGL198W
2279,YGL199C
2280,YGL200C
2281,YGL201C
2282,YGL202W
2283,YGL203C
2284,YGL204C
2285,YGL205W
2286,YGL206C
2287,YGL207W
2288,YGL208W
2289,YGL209W
2290,YGL210W
2291,YGL211W
2292,YGL212W
2293,YGL213C
2294,YGL214W
2295,YGL215W
2296,YGL216W
2297,YGL217C
2298,YGL218W
2299,YGL219C
2300,YGL220W
2301,YGL221C
2302,YGL222C
2303,YGL223C
2304,YGL224C
2305,YGL225W
2306,YGL226C-A
2307,YGL226W
2308,YGL227W
2309,YGL228W
2310,YGL229C
2311,YGL230C
2312,YGL231C
2313,YGL232W
2314,YGL233W
2315,YGL234W
2316,YGL235W
2317,YGL236C
2318,YGL237C
2319,YGL238W
2320,YGL239C
2321,YGL240W
2322,YGL241W
2323,YGL242C
2324,YGL243W
2325,YGL244W
2326,YGL245W
2327,YGL246C
2328,YGL247W
2329,YGL248W
2330,YGL249W
2331,YGL250W
2332,YGL251C
2333,YGL252C
2334,YGL253W
2335,YGL254W
2336,YGL255W
2337,YGL256W
2338,YGL257C
2339,YGL258W
2340,YGL258W-A
2341,YGL259W
2342,YGL260W
2343,YGL261C
2344,YGL262W
2345,YGL263W
2346,YGR001C
2347,YGR002C
2348,YGR003W
2349,YGR004W
2350,YGR005C
2351,YGR006W
2352,YGR007W
2353,YGR008C
2354,YGR009C
2355,YGR010W
2356,YGR011W
2357,YGR012W
2358,YGR013W
2359,YGR014W
2360,YGR015C
2361,YGR016W
2362,YGR017W
2363,YGR018C
2364,YGR019W
2365,YGR020C
2366,YGR021W
2367,YGR022C
2368,YGR023W
2369,YGR024C
2370,YGR025W
2371,YGR026W
2372,YGR027C
2373,YGR027W-A
2374,YGR027W-B
2375,YGR028W
2376,YGR029W
2377,YGR030C
2378,YGR031C-A
2379,YGR031W
2380,YGR032W
2381,YGR033C
2382,YGR034W
2383,YGR035C
2384,YGR035W-A
2385,YGR036C
2386,YGR037C
2387,YGR038C-A
2388,YGR038C-B
2389,YGR038W
2390,YGR039W
2391,YGR040W
2392,YGR041W
2393,YGR042W
2394,YGR043C
2395,YGR044C
2396,YGR045C
2397,YGR046W
2398,YGR047C
2399,YGR048W
2400,YGR049W
2401,YGR050C
2402,YGR051C
2403,YGR052W
2404,YGR053C
2405,YGR054W
2406,YGR055W
2407,YGR056W
2408,YGR057C
2409,YGR058W
2410,YGR059W
2411,YGR060W
2412,YGR061C
2413,YGR062C
2414,YGR063C
2415,YGR064W
2416,YGR065C
2417,YGR066C
2418,YGR067C
2419,YGR068C
2420,YGR068W-A
2421,YGR069W
2422,YGR070W
2423,YGR071C
2424,YGR072W
2425,YGR073C
2426,YGR074W
2427,YGR075C
2428,YGR076C
2429,YGR077C
2430,YGR078C
2431,YGR079W
2432,YGR080W
2433,YGR081C
2434,YGR082W
2435,YGR083C
2436,YGR084C
2437,YGR085C
2438,YGR086C
2439,YGR087C
2440,YGR088W
2441,YGR089W
2442,YGR090W
2443,YGR091W
2444,YGR092W
2445,YGR093W
2446,YGR094W
2447,YGR095C
2448,YGR096W
2449,YGR097W
2450,YGR098C
2451,YGR099W
2452,YGR100W
2453,YGR101W
2454,YGR102C
2455,YGR103W
2456,YGR104C
2457,YGR105W
2458,YGR106C
2459,YGR108W
2460,YGR109C
2461,YGR109W-A
2462,YGR109W-B
2463,YGR110W
2464,YGR111W
2465,YGR112W
2466,YGR113W
2467,YGR114C
2468,YGR115C
2469,YGR116W
2470,YGR117C
2471,YGR118W
2472,YGR119C
2473,YGR120C
2474,YGR121C
2475,YGR121W-A
2476,YGR122C-A
2477,YGR122W
2478,YGR123C
2479,YGR124W
2480,YGR125W
2481,YGR126W
2482,YGR127W
2483,YGR128C
2484,YGR129W
2485,YGR130C
2486,YGR131W
2487,YGR132C
2488,YGR133W
2489,YGR134W
2490,YGR135W
2491,YGR136W
2492,YGR137W
2493,YGR138C
2494,YGR140W
2495,YGR141W
2496,YGR142W
2497,YGR143W
2498,YGR144W
2499,YGR145W
2500,YGR146C
2501,YGR146C-A
2502,YGR147C
2503,YGR148C
2504,YGR149W
2505,YGR150C
2506,YGR151C
2507,YGR152C
2508,YGR153W
2509,YGR154C
2510,YGR155W
2511,YGR156W
2512,YGR157W
2513,YGR158C
2514,YGR159C
2515,YGR160W
2516,YGR161C
2517,YGR161C-C
2518,YGR161C-D
2519,YGR161W-A
2520,YGR161W-B
2521,YGR161W-C
2522,YGR162W
2523,YGR163W
2524,YGR165W
2525,YGR166W
2526,YGR167W
2527,YGR168C
2528,YGR169C
2529,YGR169C-A
2530,YGR170W
2531,YGR171C
2532,YGR172C
2533,YGR173W
2534,YGR174C
2535,YGR174W-A
2536,YGR175C
2537,YGR176W
2538,YGR177C
2539,YGR178C
2540,YGR179C
2541,YGR180C
2542,YGR181W
2543,YGR182C
2544,YGR183C
2545,YGR184C
2546,YGR185C
2547,YGR186W
2548,YGR187C
2549,YGR188C
2550,YGR189C
2551,YGR190C
2552,YGR191W
2553,YGR192C
2554,YGR193C
2555,YGR194C
2556,YGR195W
2557,YGR196C
2558,YGR197C
2559,YGR198W
2560,YGR199W
2561,YGR200C
2562,YGR201C
2563,YGR202C
2564,YGR203W
2565,YGR204C-A
2566,YGR204W
2567,YGR205W
2568,YGR206W
2569,YGR207C
2570,YGR208W
2571,YGR209C
2572,YGR210C
2573,YGR211W
2574,YGR212W
2575,YGR213C
2576,YGR214W
2577,YGR215W
2578,YGR216C
2579,YGR217W
2580,YGR218W
2581,YGR219W
2582,YGR220C
2583,YGR221C
2584,YGR222W
2585,YGR223C
2586,YGR224W
2587,YGR225W
2588,YGR226C
2589,YGR227W
2590,YGR228W
2591,YGR229C
2592,YGR230W
2593,YGR231C
2594,YGR232W
2595,YGR233C
2596,YGR234W
2597,YGR235C
2598,YGR236C
2599,YGR237C
2600,YGR238C
2601,YGR239C
2602,YGR240C
2603,YGR240C-A
2604,YGR241C
2605,YGR242W
2606,YGR243W
2607,YGR244C
2608,YGR245C
2609,YGR246C
2610,YGR247W
2611,YGR248W
2612,YGR249W
2613,YGR250C
2614,YGR251W
2615,YGR252W
2616,YGR253C
2617,YGR254W
2618,YGR255C
2619,YGR256W
2620,YGR257C
2621,YGR258C
2622,YGR259C
2623,YGR260W
2624,YGR261C
2625,YGR262C
2626,YGR263C
2627,YGR264C
2628,YGR265W
2629,YGR266W
2630,YGR267C
2631,YGR268C
2632,YGR269W
2633,YGR270C-A
2634,YGR270W
2635,YGR271C-A
2636,YGR271W
2637,YGR273C
2638,YGR274C
2639,YGR275W
2640,YGR276C
2641,YGR277C
2642,YGR278W
2643,YGR279C
2644,YGR280C
2645,YGR281W
2646,YGR282C
2647,YGR283C
2648,YGR284C
2649,YGR285C
2650,YGR286C
2651,YGR287C
2652,YGR288W
2653,YGR289C
2654,YGR290W
2655,YGR292W
2656,YGR293C
2657,YGR294W
2658,YGR295C
2659,YGR296C-A
2660,YGR296C-B
2661,YGR296W
2662,YHL001W
2663,YHL002C-A
2664,YHL002W
2665,YHL003C
2666,YHL004W
2667,YHL005C
2668,YHL006C
2669,YHL006W-A
2670,YHL007C
2671,YHL008C
2672,YHL009C
2673,YHL009W-A
2674,YHL009W-B
2675,YHL010C
2676,YHL011C
2677,YHL012W
2678,YHL013C
2679,YHL014C
2680,YHL015W
2681,YHL015W-A
2682,YHL016C
2683,YHL017W
2684,YHL018W
2685,YHL019C
2686,YHL019W-A
2687,YHL020C
2688,YHL021C
2689,YHL022C
2690,YHL023C
2691,YHL024W
2692,YHL025W
2693,YHL026C
2694,YHL027W
2695,YHL028W
2696,YHL029C
2697,YHL030W
2698,YHL030W-A
2699,YHL031C
2700,YHL032C
2701,YHL033C
2702,YHL034C
2703,YHL034W-A
2704,YHL035C
2705,YHL036W
2706,YHL037C
2707,YHL038C
2708,YHL039W
2709,YHL040C
2710,YHL041W
2711,YHL042W
2712,YHL043W
2713,YHL044W
2714,YHL045W
2715,YHL046C
2716,YHL046W-A
2717,YHL047C
2718,YHL048C-A
2719,YHL048W
2720,YHL049C
2721,YHL050C
2722,YHL050W-A
2723,YHR001W
2724,YHR001W-A
2725,YHR002W
2726,YHR003C
2727,YHR004C
2728,YHR005C
2729,YHR005C-A
2730,YHR006W
2731,YHR007C
2732,YHR008C
2733,YHR009C
2734,YHR010W
2735,YHR011W
2736,YHR012W
2737,YHR013C
2738,YHR014W
2739,YHR015W
2740,YHR016C
2741,YHR017W
2742,YHR018C
2743,YHR019C
2744,YHR020W
2745,YHR021C
2746,YHR021W-A
2747,YHR022C
2748,YHR022C-A
2749,YHR023W
2750,YHR024C
2751,YHR025W
2752,YHR026W
2753,YHR027C
2754,YHR028C
2755,YHR028W-A
2756,YHR029C
2757,YHR030C
2758,YHR031C
2759,YHR032C-A
2760,YHR032W
2761,YHR032W-A
2762,YHR033W
2763,YHR034C
2764,YHR035W
2765,YHR036W
2766,YHR037W
2767,YHR038W
2768,YHR039C
2769,YHR039C-A
2770,YHR040W
2771,YHR041C
2772,YHR042W
2773,YHR043C
2774,YHR044C
2775,YHR045W
2776,YHR046C
2777,YHR047C
2778,YHR048W
2779,YHR049W
2780,YHR050W
2781,YHR050W-A
2782,YHR051W
2783,YHR052W
2784,YHR053C
2785,YHR054W-A
2786,YHR055C
2787,YHR056C
2788,YHR056W-A
2789,YHR057C
2790,YHR058C
2791,YHR059W
2792,YHR060W
2793,YHR061C
2794,YHR062C
2795,YHR063C
2796,YHR063W-A
2797,YHR064C
2798,YHR065C
2799,YHR066W
2800,YHR067W
2801,YHR068W
2802,YHR069C
2803,YHR069C-A
2804,YHR070C-A
2805,YHR070W
2806,YHR071C-A
2807,YHR071W
2808,YHR072W
2809,YHR072W-A
2810,YHR073C-B
2811,YHR073W
2812,YHR073W-A
2813,YHR074W
2814,YHR075C
2815,YHR076W
2816,YHR077C
2817,YHR078W
2818,YHR079C
2819,YHR079C-A
2820,YHR080C
2821,YHR081W
2822,YHR082C
2823,YHR083W
2824,YHR084W
2825,YHR085W
2826,YHR086W
2827,YHR086W-A
2828,YHR087W
2829,YHR088W
2830,YHR089C
2831,YHR090C
2832,YHR091C
2833,YHR092C
2834,YHR093W
2835,YHR094C
2836,YHR095W
2837,YHR096C
2838,YHR097C
2839,YHR098C
2840,YHR099W
2841,YHR100C
2842,YHR101C
2843,YHR102W
2844,YHR103W
2845,YHR104W
2846,YHR105W
2847,YHR106W
2848,YHR107C
2849,YHR108W
2850,YHR109W
2851,YHR110W
2852,YHR111W
2853,YHR112C
2854,YHR113W
2855,YHR114W
2856,YHR115C
2857,YHR116W
2858,YHR117W
2859,YHR118C
2860,YHR119W
2861,YHR120W
2862,YHR121W
2863,YHR122W
2864,YHR123W
2865,YHR124W
2866,YHR125W
2867,YHR126C
2868,YHR127W
2869,YHR128W
2870,YHR129C
2871,YHR130C
2872,YHR131C
2873,YHR131W-A
2874,YHR132C
2875,YHR132W-A
2876,YHR133C
2877,YHR134W
2878,YHR135C
2879,YHR136C
2880,YHR137C-A
2881,YHR137W
2882,YHR138C
2883,YHR139C
2884,YHR139C-A
2885,YHR140W
2886,YHR141C
2887,YHR142W
2888,YHR143W
2889,YHR143W-A
2890,YHR144C
2891,YHR145C
2892,YHR146W
2893,YHR147C
2894,YHR148W
2895,YHR149C
2896,YHR150W
2897,YHR151C
2898,YHR152W
2899,YHR153C
2900,YHR154W
2901,YHR155W
2902,YHR156C
2903,YHR157W
2904,YHR158C
2905,YHR159W
2906,YHR160C
2907,YHR161C
2908,YHR162W
2909,YHR163W
2910,YHR164C
2911,YHR165C
2912,YHR165W-A
2913,YHR166C
2914,YHR167W
2915,YHR168W
2916,YHR169W
2917,YHR170W
2918,YHR171W
2919,YHR172W
2920,YHR173C
2921,YHR174W
2922,YHR175W
2923,YHR175W-A
2924,YHR176W
2925,YHR177W
2926,YHR178W
2927,YHR179W
2928,YHR180C-B
2929,YHR180W
2930,YHR180W-A
2931,YHR181W
2932,YHR182C-A
2933,YHR182W
2934,YHR183W
2935,YHR184W
2936,YHR185C
2937,YHR186C
2938,YHR187W
2939,YHR188C
2940,YHR189W
2941,YHR190W
2942,YHR191C
2943,YHR192W
2944,YHR193C
2945,YHR193C-A
2946,YHR194W
2947,YHR195W
2948,YHR196W
2949,YHR197W
2950,YHR198C
2951,YHR199C
2952,YHR199C-A
2953,YHR200W
2954,YHR201C
2955,YHR202W
2956,YHR203C
2957,YHR204W
2958,YHR205W
2959,YHR206W
2960,YHR207C
2961,YHR208W
2962,YHR209W
2963,YHR210C
2964,YHR211W
2965,YHR212W-A
2966,YHR213W
2967,YHR213W-A
2968,YHR213W-B
2969,YHR214C-B
2970,YHR214C-C
2971,YHR214C-D
2972,YHR214C-E
2973,YHR214W
2974,YHR214W-A
2975,YHR215W
2976,YHR216W
2977,YHR217C
2978,YHR218W
2979,YHR218W-A
2980,YHR219W
2981,YIL001W
2982,YIL002C
2983,YIL002W-A
2984,YIL003W
2985,YIL004C
2986,YIL005W
2987,YIL006W
2988,YIL007C
2989,YIL008W
2990,YIL009C-A
2991,YIL009W
2992,YIL010W
2993,YIL011W
2994,YIL013C
2995,YIL014C-A
2996,YIL014W
2997,YIL015W
2998,YIL016W
2999,YIL017C
3000,YIL018W
3001,YIL019W
3002,YIL020C
3003,YIL020C-A
3004,YIL021C-A
3005,YIL021W
3006,YIL022W
3007,YIL023C
3008,YIL024C
3009,YIL025C
3010,YIL026C
3011,YIL027C
3012,YIL028W
3013,YIL029C
3014,YIL029W-A
3015,YIL030C
3016,YIL030W-A
3017,YIL031W
3018,YIL033C
3019,YIL034C
3020,YIL035C
3021,YIL036W
3022,YIL037C
3023,YIL038C
3024,YIL039W
3025,YIL040W
3026,YIL041W
3027,YIL042C
3028,YIL043C
3029,YIL044C
3030,YIL045W
3031,YIL046W
3032,YIL046W-A
3033,YIL047C
3034,YIL047C-A
3035,YIL048W
3036,YIL049W
3037,YIL050W
3038,YIL051C
3039,YIL052C
3040,YIL053W
3041,YIL054W
3042,YIL055C
3043,YIL056W
3044,YIL057C
3045,YIL059C
3046,YIL060W
3047,YIL061C
3048,YIL062C
3049,YIL063C
3050,YIL064W
3051,YIL065C
3052,YIL066C
3053,YIL066W-A
3054,YIL067C
3055,YIL068C
3056,YIL068W-A
3057,YIL069C
3058,YIL070C
3059,YIL071C
3060,YIL071W-A
3061,YIL072W
3062,YIL073C
3063,YIL074C
3064,YIL075C
3065,YIL076W
3066,YIL077C
3067,YIL078W
3068,YIL079C
3069,YIL082W
3070,YIL082W-A
3071,YIL083C
3072,YIL084C
3073,YIL085C
3074,YIL086C
3075,YIL087C
3076,YIL088C
3077,YIL089W
3078,YIL090W
3079,YIL091C
3080,YIL092W
3081,YIL093C
3082,YIL094C
3083,YIL095W
3084,YIL096C
3085,YIL097W
3086,YIL098C
3087,YIL099W
3088,YIL100C-A
3089,YIL100W
3090,YIL101C
3091,YIL102C
3092,YIL102C-A
3093,YIL103W
3094,YIL104C
3095,YIL105C
3096,YIL105W-A
3097,YIL106W
3098,YIL107C
3099,YIL108W
3100,YIL109C
3101,YIL110W
3102,YIL111W
3103,YIL112W
3104,YIL113W
3105,YIL114C
3106,YIL115C
3107,YIL115W-A
3108,YIL116W
3109,YIL117C
3110,YIL118W
3111,YIL119C
3112,YIL120W
3113,YIL121W
3114,YIL122W
3115,YIL123W
3116,YIL124W
3117,YIL125W
3118,YIL126W
3119,YIL127C
3120,YIL128W
3121,YIL129C
3122,YIL130W
3123,YIL131C
3124,YIL132C
3125,YIL133C
3126,YIL134C-A
3127,YIL134W
3128,YIL135C
3129,YIL136W
3130,YIL137C
3131,YIL138C
3132,YIL139C
3133,YIL140W
3134,YIL141W
3135,YIL142C-A
3136,YIL142W
3137,YIL143C
3138,YIL144W
3139,YIL145C
3140,YIL146C
3141,YIL147C
3142,YIL148W
3143,YIL149C
3144,YIL150C
3145,YIL151C
3146,YIL152W
3147,YIL153W
3148,YIL154C
3149,YIL155C
3150,YIL156W
3151,YIL156W-A
3152,YIL156W-B
3153,YIL157C
3154,YIL158W
3155,YIL159W
3156,YIL160C
3157,YIL161W
3158,YIL162W
3159,YIL163C
3160,YIL164C
3161,YIL165C
3162,YIL166C
3163,YIL169C
3164,YIL172C
3165,YIL173W
3166,YIL176C
3167,YIL177C
3168,YIL177W-A
3169,YIR001C
3170,YIR002C
3171,YIR003W
3172,YIR004W
3173,YIR005W
3174,YIR006C
3175,YIR007W
3176,YIR008C
3177,YIR009W
3178,YIR010W
3179,YIR011C
3180,YIR012W
3181,YIR013C
3182,YIR014W
3183,YIR015W
3184,YIR016W
3185,YIR017C
3186,YIR018C-A
3187,YIR018W
3188,YIR019C
3189,YIR020C
3190,YIR020C-B
3191,YIR021W
3192,YIR021W-A
3193,YIR022W
3194,YIR023C-A
3195,YIR023W
3196,YIR024C
3197,YIR025W
3198,YIR026C
3199,YIR027C
3200,YIR028W
3201,YIR029W
3202,YIR030C
3203,YIR030W-A
3204,YIR031C
3205,YIR032C
3206,YIR033W
3207,YIR034C
3208,YIR035C
3209,YIR036C
3210,YIR036W-A
3211,YIR037W
3212,YIR038C
3213,YIR039C
3214,YIR040C
3215,YIR041W
3216,YIR042C
3217,YJL001W
3218,YJL002C
3219,YJL003W
3220,YJL004C
3221,YJL005W
3222,YJL006C
3223,YJL007C
3224,YJL008C
3225,YJL009W
3226,YJL010C
3227,YJL011C
3228,YJL012C
3229,YJL013C
3230,YJL014W
3231,YJL015C
3232,YJL016W
3233,YJL019W
3234,YJL020C
3235,YJL020W-A
3236,YJL022W
3237,YJL023C
3238,YJL024C
3239,YJL025W
3240,YJL026C-A
3241,YJL026W
3242,YJL027C
3243,YJL028W
3244,YJL029C
3245,YJL030W
3246,YJL031C
3247,YJL032W
3248,YJL033W
3249,YJL034W
3250,YJL035C
3251,YJL036W
3252,YJL037W
3253,YJL038C
3254,YJL039C
3255,YJL041W
3256,YJL042W
3257,YJL043W
3258,YJL044C
3259,YJL045W
3260,YJL046W
3261,YJL047C
3262,YJL047C-A
3263,YJL048C
3264,YJL049W
3265,YJL050W
3266,YJL051W
3267,YJL052C-A
3268,YJL052W
3269,YJL053W
3270,YJL054W
3271,YJL055W
3272,YJL056C
3273,YJL057C
3274,YJL058C
3275,YJL059W
3276,YJL060W
3277,YJL061W
3278,YJL062W
3279,YJL062W-A
3280,YJL063C
3281,YJL064W
3282,YJL065C
3283,YJL066C
3284,YJL068C
3285,YJL069C
3286,YJL070C
3287,YJL071W
3288,YJL072C
3289,YJL073W
3290,YJL074C
3291,YJL075C
3292,YJL076W
3293,YJL077C
3294,YJL077W-A
3295,YJL077W-B
3296,YJL078C
3297,YJL079C
3298,YJL080C
3299,YJL081C
3300,YJL082W
3301,YJL083W
3302,YJL084C
3303,YJL085W
3304,YJL086C
3305,YJL087C
3306,YJL088W
3307,YJL089W
3308,YJL090C
3309,YJL091C
3310,YJL092W
3311,YJL093C
3312,YJL094C
3313,YJL095W
3314,YJL096W
3315,YJL097W
3316,YJL098W
3317,YJL099W
3318,YJL100W
3319,YJL101C
3320,YJL102W
3321,YJL103C
3322,YJL104W
3323,YJL105W
3324,YJL106W
3325,YJL107C
3326,YJL108C
3327,YJL109C
3328,YJL110C
3329,YJL111W
3330,YJL112W
3331,YJL113W
3332,YJL114W
3333,YJL115W
3334,YJL116C
3335,YJL117W
3336,YJL118W
3337,YJL119C
3338,YJL120W
3339,YJL121C
3340,YJL122W
3341,YJL123C
3342,YJL124C
3343,YJL125C
3344,YJL126W
3345,YJL127C
3346,YJL127C-B
3347,YJL127W-A
3348,YJL128C
3349,YJL129C
3350,YJL130C
3351,YJL131C
3352,YJL132W
3353,YJL133C-A
3354,YJL133W
3355,YJL134W
3356,YJL135W
3357,YJL136C
3358,YJL136W-A
3359,YJL137C
3360,YJL138C
3361,YJL139C
3362,YJL140W
3363,YJL141C
3364,YJL142C
3365,YJL143W
3366,YJL144W
3367,YJL145W
3368,YJL146W
3369,YJL147C
3370,YJL148W
3371,YJL149W
3372,YJL151C
3373,YJL152W
3374,YJL153C
3375,YJL154C
3376,YJL155C
3377,YJL156C
3378,YJL157C
3379,YJL158C
3380,YJL159W
3381,YJL160C
3382,YJL161W
3383,YJL162C
3384,YJL163C
3385,YJL164C
3386,YJL165C
3387,YJL166W
3388,YJL167W
3389,YJL168C
3390,YJL169W
3391,YJL170C
3392,YJL171C
3393,YJL172W
3394,YJL173C
3395,YJL174W
3396,YJL175W
3397,YJL176C
3398,YJL177W
3399,YJL178C
3400,YJL179W
3401,YJL180C
3402,YJL181W
3403,YJL182C
3404,YJL183W
3405,YJL184W
3406,YJL185C
3407,YJL186W
3408,YJL187C
3409,YJL188C
3410,YJL189W
3411,YJL190C
3412,YJL191W
3413,YJL192C
3414,YJL193W
3415,YJL194W
3416,YJL195C
3417,YJL196C
3418,YJL197C-A
3419,YJL197W
3420,YJL198W
3421,YJL199C
3422,YJL200C
3423,YJL201W
3424,YJL202C
3425,YJL203W
3426,YJL204C
3427,YJL205C
3428,YJL206C
3429,YJL207C
3430,YJL208C
3431,YJL209W
3432,YJL210W
3433,YJL211C
3434,YJL212C
3435,YJL213W
3436,YJL214W
3437,YJL215C
3438,YJL216C
3439,YJL217W
3440,YJL218W
3441,YJL219W
3442,YJL220W
3443,YJL221C
3444,YJL222W
3445,YJL222W-A
3446,YJL222W-B
3447,YJL223C
3448,YJL225C
3449,YJR001W
3450,YJR002W
3451,YJR003C
3452,YJR004C
3453,YJR005C-A
3454,YJR005W
3455,YJR006W
3456,YJR007W
3457,YJR008W
3458,YJR009C
3459,YJR010C-A
3460,YJR010W
3461,YJR011C
3462,YJR012C
3463,YJR013W
3464,YJR014W
3465,YJR015W
3466,YJR016C
3467,YJR017C
3468,YJR019C
3469,YJR020W
3470,YJR021C
3471,YJR022W
3472,YJR023C
3473,YJR024C
3474,YJR025C
3475,YJR026W
3476,YJR027W
3477,YJR028W
3478,YJR029W
3479,YJR030C
3480,YJR031C
3481,YJR032W
3482,YJR033C
3483,YJR034W
3484,YJR035W
3485,YJR036C
3486,YJR037W
3487,YJR038C
3488,YJR039W
3489,YJR040W
3490,YJR041C
3491,YJR042W
3492,YJR043C
3493,YJR044C
3494,YJR045C
3495,YJR046W
3496,YJR047C
3497,YJR048W
3498,YJR049C
3499,YJR050W
3500,YJR051W
3501,YJR052W
3502,YJR053W
3503,YJR054W
3504,YJR055W
3505,YJR056C
3506,YJR057W
3507,YJR058C
3508,YJR059W
3509,YJR060W
3510,YJR061W
3511,YJR062C
3512,YJR063W
3513,YJR064W
3514,YJR065C
3515,YJR066W
3516,YJR067C
3517,YJR068W
3518,YJR069C
3519,YJR070C
3520,YJR072C
3521,YJR073C
3522,YJR074W
3523,YJR075W
3524,YJR076C
3525,YJR077C
3526,YJR078W
3527,YJR079W
3528,YJR080C
3529,YJR082C
3530,YJR083C
3531,YJR084W
3532,YJR085C
3533,YJR086W
3534,YJR087W
3535,YJR088C
3536,YJR089W
3537,YJR090C
3538,YJR091C
3539,YJR092W
3540,YJR093C
3541,YJR094C
3542,YJR094W-A
3543,YJR095W
3544,YJR096W
3545,YJR097W
3546,YJR098C
3547,YJR099W
3548,YJR100C
3549,YJR101W
3550,YJR102C
3551,YJR103W
3552,YJR104C
3553,YJR105W
3554,YJR106W
3555,YJR107W
3556,YJR108W
3557,YJR109C
3558,YJR110W
3559,YJR111C
3560,YJR112W
3561,YJR112W-A
3562,YJR113C
3563,YJR114W
3564,YJR115W
3565,YJR116W
3566,YJR117W
3567,YJR118C
3568,YJR119C
3569,YJR120W
3570,YJR121W
3571,YJR122W
3572,YJR123W
3573,YJR124C
3574,YJR125C
3575,YJR126C
3576,YJR127C
3577,YJR128W
3578,YJR129C
3579,YJR130C
3580,YJR131W
3581,YJR132W
3582,YJR133W
3583,YJR134C
3584,YJR135C
3585,YJR135W-A
3586,YJR136C
3587,YJR137C
3588,YJR138W
3589,YJR139C
3590,YJR140C
3591,YJR140W-A
3592,YJR141W
3593,YJR142W
3594,YJR143C
3595,YJR144W
3596,YJR145C
3597,YJR146W
3598,YJR147W
3599,YJR148W
3600,YJR149W
3601,YJR150C
3602,YJR151C
3603,YJR152W
3604,YJR153W
3605,YJR154W
3606,YJR155W
3607,YJR156C
3608,YJR158W
3609,YJR159W
3610,YJR160C
3611,YJR161C
3612,YJR162C
3613,YKL001C
3614,YKL002W
3615,YKL003C
3616,YKL004W
3617,YKL005C
3618,YKL006C-A
3619,YKL006W
3620,YKL007W
3621,YKL008C
3622,YKL009W
3623,YKL010C
3624,YKL011C
3625,YKL012W
3626,YKL013C
3627,YKL014C
3628,YKL015W
3629,YKL016C
3630,YKL017C
3631,YKL018C-A
3632,YKL018W
3633,YKL019W
3634,YKL020C
3635,YKL021C
3636,YKL022C
3637,YKL023C-A
3638,YKL023W
3639,YKL024C
3640,YKL025C
3641,YKL026C
3642,YKL027W
3643,YKL028W
3644,YKL029C
3645,YKL030W
3646,YKL031W
3647,YKL032C
3648,YKL033W
3649,YKL033W-A
3650,YKL034W
3651,YKL035W
3652,YKL036C
3653,YKL037W
3654,YKL038W
3655,YKL039W
3656,YKL040C
3657,YKL041W
3658,YKL042W
3659,YKL043W
3660,YKL044W
3661,YKL045W
3662,YKL046C
3663,YKL047W
3664,YKL048C
3665,YKL049C
3666,YKL050C
3667,YKL051W
3668,YKL052C
3669,YKL053C-A
3670,YKL053W
3671,YKL054C
3672,YKL055C
3673,YKL056C
3674,YKL057C
3675,YKL058W
3676,YKL059C
3677,YKL060C
3678,YKL061W
3679,YKL062W
3680,YKL063C
3681,YKL064W
3682,YKL065C
3683,YKL065W-A
3684,YKL066W
3685,YKL067W
3686,YKL068W
3687,YKL068W-A
3688,YKL069W
3689,YKL070W
3690,YKL071W
3691,YKL072W
3692,YKL073W
3693,YKL074C
3694,YKL075C
3695,YKL076C
3696,YKL077W
3697,YKL078W
3698,YKL079W
3699,YKL080W
3700,YKL081W
3701,YKL082C
3702,YKL083W
3703,YKL084W
3704,YKL085W
3705,YKL086W
3706,YKL087C
3707,YKL088W
3708,YKL089W
3709,YKL090W
3710,YKL091C
3711,YKL092C
3712,YKL093W
3713,YKL094W
3714,YKL095W
3715,YKL096C-B
3716,YKL096W
3717,YKL096W-A
3718,YKL097C
3719,YKL098W
3720,YKL099C
3721,YKL100C
3722,YKL101W
3723,YKL102C
3724,YKL103C
3725,YKL104C
3726,YKL105C
3727,YKL106C-A
3728,YKL106W
3729,YKL107W
3730,YKL108W
3731,YKL109W
3732,YKL110C
3733,YKL111C
3734,YKL112W
3735,YKL113C
3736,YKL114C
3737,YKL116C
3738,YKL117W
3739,YKL118W
3740,YKL119C
3741,YKL120W
3742,YKL121W
3743,YKL122C
3744,YKL123W
3745,YKL124W
3746,YKL125W
3747,YKL126W
3748,YKL127W
3749,YKL128C
3750,YKL129C
3751,YKL130C
3752,YKL132C
3753,YKL133C
3754,YKL134C
3755,YKL135C
3756,YKL136W
3757,YKL137W
3758,YKL138C
3759,YKL138C-A
3760,YKL139W
3761,YKL140W
3762,YKL141W
3763,YKL142W
3764,YKL143W
3765,YKL144C
3766,YKL145W
3767,YKL145W-A
3768,YKL146W
3769,YKL147C
3770,YKL148C
3771,YKL149C
3772,YKL150W
3773,YKL151C
3774,YKL152C
3775,YKL153W
3776,YKL154W
3777,YKL155C
3778,YKL156C-A
3779,YKL156W
3780,YKL157W
3781,YKL159C
3782,YKL160W
3783,YKL161C
3784,YKL162C
3785,YKL162C-A
3786,YKL163W
3787,YKL164C
3788,YKL165C
3789,YKL165C-A
3790,YKL166C
3791,YKL167C
3792,YKL168C
3793,YKL169C
3794,YKL170W
3795,YKL171W
3796,YKL172W
3797,YKL173W
3798,YKL174C
3799,YKL175W
3800,YKL176C
3801,YKL177W
3802,YKL178C
3803,YKL179C
3804,YKL180W
3805,YKL181W
3806,YKL182W
3807,YKL183C-A
3808,YKL183W
3809,YKL184W
3810,YKL185W
3811,YKL186C
3812,YKL187C
3813,YKL188C
3814,YKL189W
3815,YKL190W
3816,YKL191W
3817,YKL192C
3818,YKL193C
3819,YKL194C
3820,YKL195W
3821,YKL196C
3822,YKL197C
3823,YKL198C
3824,YKL201C
3825,YKL203C
3826,YKL204W
3827,YKL205W
3828,YKL206C
3829,YKL207W
3830,YKL208W
3831,YKL209C
3832,YKL210W
3833,YKL211C
3834,YKL212W
3835,YKL213C
3836,YKL214C
3837,YKL215C
3838,YKL216W
3839,YKL217W
3840,YKL218C
3841,YKL219W
3842,YKL220C
3843,YKL221W
3844,YKL222C
3845,YKL223W
3846,YKL224C
3847,YKL225W
3848,YKR001C
3849,YKR002W
3850,YKR003W
3851,YKR004C
3852,YKR005C
3853,YKR006C
3854,YKR007W
3855,YKR008W
3856,YKR009C
3857,YKR010C
3858,YKR011C
3859,YKR012C
3860,YKR013W
3861,YKR014C
3862,YKR015C
3863,YKR016W
3864,YKR017C
3865,YKR018C
3866,YKR019C
3867,YKR020W
3868,YKR021W
3869,YKR022C
3870,YKR023W
3871,YKR024C
3872,YKR025W
3873,YKR026C
3874,YKR027W
3875,YKR028W
3876,YKR029C
3877,YKR030W
3878,YKR031C
3879,YKR032W
3880,YKR033C
3881,YKR034W
3882,YKR035C
3883,YKR035W-A
3884,YKR036C
3885,YKR037C
3886,YKR038C
3887,YKR039W
3888,YKR040C
3889,YKR041W
3890,YKR042W
3891,YKR043C
3892,YKR044W
3893,YKR045C
3894,YKR046C
3895,YKR047W
3896,YKR048C
3897,YKR049C
3898,YKR050W
3899,YKR051W
3900,YKR052C
3901,YKR053C
3902,YKR054C
3903,YKR055W
3904,YKR056W
3905,YKR057W
3906,YKR058W
3907,YKR059W
3908,YKR060W
3909,YKR061W
3910,YKR062W
3911,YKR063C
3912,YKR064W
3913,YKR065C
3914,YKR066C
3915,YKR067W
3916,YKR068C
3917,YKR069W
3918,YKR070W
3919,YKR071C
3920,YKR072C
3921,YKR073C
3922,YKR074W
3923,YKR075C
3924,YKR075W-A
3925,YKR076W
3926,YKR077W
3927,YKR078W
3928,YKR079C
3929,YKR080W
3930,YKR081C
3931,YKR082W
3932,YKR083C
3933,YKR084C
3934,YKR085C
3935,YKR086W
3936,YKR087C
3937,YKR088C
3938,YKR089C
3939,YKR090W
3940,YKR091W
3941,YKR092C
3942,YKR093W
3943,YKR094C
3944,YKR095W
3945,YKR095W-A
3946,YKR096W
3947,YKR097W
3948,YKR098C
3949,YKR099W
3950,YKR100C
3951,YKR101W
3952,YKR102W
3953,YKR103W
3954,YKR104W
3955,YKR105C
3956,YKR106W
3957,YLL001W
3958,YLL002W
3959,YLL003W
3960,YLL004W
3961,YLL005C
3962,YLL006W
3963,YLL006W-A
3964,YLL007C
3965,YLL008W
3966,YLL009C
3967,YLL010C
3968,YLL011W
3969,YLL012W
3970,YLL013C
3971,YLL014W
3972,YLL015W
3973,YLL018C
3974,YLL018C-A
3975,YLL019C
3976,YLL019W-A
3977,YLL020C
3978,YLL021W
3979,YLL022C
3980,YLL023C
3981,YLL024C
3982,YLL025W
3983,YLL026W
3984,YLL027W
3985,YLL028W
3986,YLL029W
3987,YLL030C
3988,YLL031C
3989,YLL032C
3990,YLL033W
3991,YLL034C
3992,YLL035W
3993,YLL036C
3994,YLL038C
3995,YLL039C
3996,YLL040C
3997,YLL041C
3998,YLL042C
3999,YLL043W
4000,YLL044W
4001,YLL045C
4002,YLL046C
4003,YLL047W
4004,YLL048C
4005,YLL049W
4006,YLL050C
4007,YLL051C
4008,YLL052C
4009,YLL053C
4010,YLL054C
4011,YLL055W
4012,YLL056C
4013,YLL057C
4014,YLL058W
4015,YLL059C
4016,YLL060C
4017,YLL061W
4018,YLL062C
4019,YLL063C
4020,YLL064C
4021,YLL065W
4022,YLL066C
4023,YLL066W-A
4024,YLL066W-B
4025,YLL067C
4026,YLL067W-A
4027,YLR001C
4028,YLR002C
4029,YLR003C
4030,YLR004C
4031,YLR005W
4032,YLR006C
4033,YLR007W
4034,YLR008C
4035,YLR009W
4036,YLR010C
4037,YLR011W
4038,YLR012C
4039,YLR013W
4040,YLR014C
4041,YLR015W
4042,YLR016C
4043,YLR017W
4044,YLR018C
4045,YLR019W
4046,YLR020C
4047,YLR021W
4048,YLR022C
4049,YLR023C
4050,YLR024C
4051,YLR025W
4052,YLR026C
4053,YLR027C
4054,YLR028C
4055,YLR029C
4056,YLR030W
4057,YLR031W
4058,YLR032W
4059,YLR033W
4060,YLR034C
4061,YLR035C
4062,YLR035C-A
4063,YLR036C
4064,YLR037C
4065,YLR038C
4066,YLR039C
4067,YLR040C
4068,YLR041W
4069,YLR042C
4070,YLR043C
4071,YLR044C
4072,YLR045C
4073,YLR046C
4074,YLR047C
4075,YLR048W
4076,YLR049C
4077,YLR050C
4078,YLR051C
4079,YLR052W
4080,YLR053C
4081,YLR054C
4082,YLR055C
4083,YLR056W
4084,YLR057W
4085,YLR058C
4086,YLR059C
4087,YLR060W
4088,YLR061W
4089,YLR062C
4090,YLR063W
4091,YLR064W
4092,YLR065C
4093,YLR066W
4094,YLR067C
4095,YLR068W
4096,YLR069C
4097,YLR070C
4098,YLR071C
4099,YLR072W
4100,YLR073C
4101,YLR074C
4102,YLR075W
4103,YLR076C
4104,YLR077W
4105,YLR078C
4106,YLR079W
4107,YLR080W
4108,YLR081W
4109,YLR082C
4110,YLR083C
4111,YLR084C
4112,YLR085C
4113,YLR086W
4114,YLR087C
4115,YLR088W
4116,YLR089C
4117,YLR090W
4118,YLR091W
4119,YLR092W
4120,YLR093C
4121,YLR094C
4122,YLR095C
4123,YLR096W
4124,YLR097C
4125,YLR098C
4126,YLR099C
4127,YLR099W-A
4128,YLR100W
4129,YLR101C
4130,YLR102C
4131,YLR103C
4132,YLR104W
4133,YLR105C
4134,YLR106C
4135,YLR107W
4136,YLR108C
4137,YLR109W
4138,YLR110C
4139,YLR111W
4140,YLR112W
4141,YLR113W
4142,YLR114C
4143,YLR115W
4144,YLR116W
4145,YLR117C
4146,YLR118C
4147,YLR119W
4148,YLR120C
4149,YLR120W-A
4150,YLR121C
4151,YLR122C
4152,YLR123C
4153,YLR124W
4154,YLR125W
4155,YLR126C
4156,YLR127C
4157,YLR128W
4158,YLR129W
4159,YLR130C
4160,YLR131C
4161,YLR132C
4162,YLR133W
4163,YLR134W
4164,YLR135W
4165,YLR136C
4166,YLR137W
4167,YLR138W
4168,YLR139C
4169,YLR140W
4170,YLR141W
4171,YLR142W
4172,YLR143W
4173,YLR144C
4174,YLR145W
4175,YLR146C
4176,YLR146W-A
4177,YLR147C
4178,YLR148W
4179,YLR149C
4180,YLR149C-A
4181,YLR150W
4182,YLR151C
4183,YLR152C
4184,YLR153C
4185,YLR154C
4186,YLR154C-G
4187,YLR154C-H
4188,YLR154W-A
4189,YLR154W-B
4190,YLR154W-C
4191,YLR154W-E
4192,YLR154W-F
4193,YLR155C
4194,YLR156C-A
4195,YLR156W
4196,YLR157C
4197,YLR157C-A
4198,YLR157C-B
4199,YLR157W-E
4200,YLR158C
4201,YLR159C-A
4202,YLR160C
4203,YLR162W
4204,YLR162W-A
4205,YLR163C
4206,YLR163W-A
4207,YLR164W
4208,YLR165C
4209,YLR166C
4210,YLR167W
4211,YLR168C
4212,YLR169W
4213,YLR170C
4214,YLR171W
4215,YLR172C
4216,YLR173W
4217,YLR174W
4218,YLR175W
4219,YLR176C
4220,YLR177W
4221,YLR178C
4222,YLR179C
4223,YLR180W
4224,YLR181C
4225,YLR182W
4226,YLR183C
4227,YLR184W
4228,YLR185W
4229,YLR186W
4230,YLR187W
4231,YLR188W
4232,YLR189C
4233,YLR190W
4234,YLR191W
4235,YLR192C
4236,YLR193C
4237,YLR194C
4238,YLR195C
4239,YLR196W
4240,YLR197W
4241,YLR198C
4242,YLR199C
4243,YLR200W
4244,YLR201C
4245,YLR202C
4246,YLR203C
4247,YLR204W
4248,YLR205C
4249,YLR206W
4250,YLR207W
4251,YLR208W
4252,YLR209C
4253,YLR210W
4254,YLR211C
4255,YLR212C
4256,YLR213C
4257,YLR214W
4258,YLR215C
4259,YLR216C
4260,YLR217W
4261,YLR218C
4262,YLR219W
4263,YLR220W
4264,YLR221C
4265,YLR222C
4266,YLR222C-A
4267,YLR223C
4268,YLR224W
4269,YLR225C
4270,YLR226W
4271,YLR227C
4272,YLR227W-A
4273,YLR227W-B
4274,YLR228C
4275,YLR229C
4276,YLR230W
4277,YLR231C
4278,YLR232W
4279,YLR233C
4280,YLR234W
4281,YLR235C
4282,YLR236C
4283,YLR237W
4284,YLR238W
4285,YLR239C
4286,YLR240W
4287,YLR241W
4288,YLR242C
4289,YLR243W
4290,YLR244C
4291,YLR245C
4292,YLR246W
4293,YLR247C
4294,YLR248W
4295,YLR249W
4296,YLR250W
4297,YLR251W
4298,YLR252W
4299,YLR253W
4300,YLR254C
4301,YLR255C
4302,YLR256W
4303,YLR256W-A
4304,YLR257W
4305,YLR258W
4306,YLR259C
4307,YLR260W
4308,YLR261C
4309,YLR262C
4310,YLR262C-A
4311,YLR263W
4312,YLR264C-A
4313,YLR264W
4314,YLR265C
4315,YLR266C
4316,YLR267W
4317,YLR268W
4318,YLR269C
4319,YLR270W
4320,YLR271W
4321,YLR272C
4322,YLR273C
4323,YLR274W
4324,YLR275W
4325,YLR276C
4326,YLR277C
4327,YLR278C
4328,YLR279W
4329,YLR280C
4330,YLR281C
4331,YLR283W
4332,YLR284C
4333,YLR285C-A
4334,YLR285W
4335,YLR286C
4336,YLR286W-A
4337,YLR287C
4338,YLR287C-A
4339,YLR288C
4340,YLR289W
4341,YLR290C
4342,YLR291C
4343,YLR292C
4344,YLR293C
4345,YLR294C
4346,YLR295C
4347,YLR296W
4348,YLR297W
4349,YLR298C
4350,YLR299C-A
4351,YLR299W
4352,YLR300W
4353,YLR301W
4354,YLR302C
4355,YLR303W
4356,YLR304C
4357,YLR305C
4358,YLR306W
4359,YLR307C-A
4360,YLR307W
4361,YLR308W
4362,YLR309C
4363,YLR310C
4364,YLR311C
4365,YLR312C
4366,YLR312W-A
4367,YLR313C
4368,YLR314C
4369,YLR315W
4370,YLR316C
4371,YLR317W
4372,YLR318W
4373,YLR319C
4374,YLR320W
4375,YLR321C
4376,YLR322W
4377,YLR323C
4378,YLR324W
4379,YLR325C
4380,YLR326W
4381,YLR327C
4382,YLR328W
4383,YLR329W
4384,YLR330W
4385,YLR331C
4386,YLR332W
4387,YLR333C
4388,YLR334C
4389,YLR335W
4390,YLR336C
4391,YLR337C
4392,YLR338W
4393,YLR339C
4394,YLR340W
4395,YLR341W
4396,YLR342W
4397,YLR342W-A
4398,YLR343W
4399,YLR344W
4400,YLR345W
4401,YLR346C
4402,YLR347C
4403,YLR347W-A
4404,YLR348C
4405,YLR349W
4406,YLR350W
4407,YLR351C
4408,YLR352W
4409,YLR353W
4410,YLR354C
4411,YLR355C
4412,YLR356W
4413,YLR357W
4414,YLR358C
4415,YLR359W
4416,YLR360W
4417,YLR361C
4418,YLR361C-A
4419,YLR362W
4420,YLR363C
4421,YLR363W-A
4422,YLR364C-A
4423,YLR364W
4424,YLR365W
4425,YLR366W
4426,YLR367W
4427,YLR368W
4428,YLR369W
4429,YLR370C
4430,YLR371W
4431,YLR372W
4432,YLR373C
4433,YLR374C
4434,YLR375W
4435,YLR376C
4436,YLR377C
4437,YLR378C
4438,YLR379W
4439,YLR380W
4440,YLR381W
4441,YLR382C
4442,YLR383W
4443,YLR384C
4444,YLR385C
4445,YLR386W
4446,YLR387C
4447,YLR388W
4448,YLR389C
4449,YLR390W
4450,YLR390W-A
4451,YLR392C
4452,YLR393W
4453,YLR394W
4454,YLR395C
4455,YLR396C
4456,YLR397C
4457,YLR398C
4458,YLR399C
4459,YLR399W-A
4460,YLR400W
4461,YLR401C
4462,YLR403W
4463,YLR404W
4464,YLR405W
4465,YLR406C
4466,YLR406C-A
4467,YLR407W
4468,YLR408C
4469,YLR409C
4470,YLR410W
4471,YLR410W-A
4472,YLR410W-B
4473,YLR411W
4474,YLR412C-A
4475,YLR412W
4476,YLR413W
4477,YLR414C
4478,YLR415C
4479,YLR416C
4480,YLR417W
4481,YLR418C
4482,YLR419W
4483,YLR420W
4484,YLR421C
4485,YLR422W
4486,YLR423C
4487,YLR424W
4488,YLR425W
4489,YLR426W
4490,YLR427W
4491,YLR428C
4492,YLR429W
4493,YLR430W
4494,YLR431C
4495,YLR432W
4496,YLR433C
4497,YLR434C
4498,YLR435W
4499,YLR436C
4500,YLR437C
4501,YLR437C-A
4502,YLR438C-A
4503,YLR438W
4504,YLR439W
4505,YLR440C
4506,YLR441C
4507,YLR442C
4508,YLR443W
4509,YLR444C
4510,YLR445W
4511,YLR446W
4512,YLR447C
4513,YLR448W
4514,YLR449W
4515,YLR450W
4516,YLR451W
4517,YLR452C
4518,YLR453C
4519,YLR454W
4520,YLR455W
4521,YLR456W
4522,YLR457C
4523,YLR458W
4524,YLR459W
4525,YLR460C
4526,YLR461W
4527,YLR462W
4528,YLR463C
4529,YLR465C
4530,YLR466C-B
4531,YLR466W
4532,YLR467C-A
4533,YLR467W
4534,YML001W
4535,YML002W
4536,YML003W
4537,YML004C
4538,YML005W
4539,YML006C
4540,YML007C-A
4541,YML007W
4542,YML008C
4543,YML009C
4544,YML009C-A
4545,YML009W-B
4546,YML010W
4547,YML011C
4548,YML012C-A
4549,YML012W
4550,YML013W
4551,YML014W
4552,YML015C
4553,YML016C
4554,YML017W
4555,YML018C
4556,YML019W
4557,YML020W
4558,YML021C
4559,YML022W
4560,YML023C
4561,YML024W
4562,YML025C
4563,YML026C
4564,YML027W
4565,YML028W
4566,YML029W
4567,YML030W
4568,YML031C-A
4569,YML031W
4570,YML032C
4571,YML034C-A
4572,YML034W
4573,YML035C
4574,YML036W
4575,YML037C
4576,YML038C
4577,YML039W
4578,YML040W
4579,YML041C
4580,YML042W
4581,YML043C
4582,YML045W
4583,YML045W-A
4584,YML046W
4585,YML047C
4586,YML047W-A
4587,YML048W
4588,YML049C
4589,YML050W
4590,YML051W
4591,YML052W
4592,YML053C
4593,YML054C
4594,YML054C-A
4595,YML055W
4596,YML056C
4597,YML057C-A
4598,YML057W
4599,YML058W
4600,YML058W-A
4601,YML059C
4602,YML060W
4603,YML061C
4604,YML062C
4605,YML063W
4606,YML064C
4607,YML065W
4608,YML066C
4609,YML067C
4610,YML068W
4611,YML069W
4612,YML070W
4613,YML071C
4614,YML072C
4615,YML073C
4616,YML074C
4617,YML075C
4618,YML076C
4619,YML077W
4620,YML078W
4621,YML079W
4622,YML080W
4623,YML081C-A
4624,YML081W
4625,YML082W
4626,YML083C
4627,YML085C
4628,YML086C
4629,YML087C
4630,YML088W
4631,YML089C
4632,YML090W
4633,YML091C
4634,YML092C
4635,YML093W
4636,YML094C-A
4637,YML094W
4638,YML095C
4639,YML096W
4640,YML097C
4641,YML098W
4642,YML099C
4643,YML099W-A
4644,YML100W
4645,YML100W-A
4646,YML101C
4647,YML101C-A
4648,YML102W
4649,YML103C
4650,YML104C
4651,YML105C
4652,YML106W
4653,YML107C
4654,YML108W
4655,YML109W
4656,YML110C
4657,YML111W
4658,YML112W
4659,YML113W
4660,YML114C
4661,YML115C
4662,YML116W
4663,YML116W-A
4664,YML117W
4665,YML118W
4666,YML119W
4667,YML120C
4668,YML121W
4669,YML122C
4670,YML123C
4671,YML124C
4672,YML125C
4673,YML126C
4674,YML127W
4675,YML128C
4676,YML129C
4677,YML130C
4678,YML131W
4679,YML132W
4680,YML133C
4681,YML133W-A
4682,YML133W-B
4683,YMR001C
4684,YMR001C-A
4685,YMR002W
4686,YMR003W
4687,YMR004W
4688,YMR005W
4689,YMR006C
4690,YMR007W
4691,YMR008C
4692,YMR009W
4693,YMR010W
4694,YMR011W
4695,YMR012W
4696,YMR013C
4697,YMR013C-A
4698,YMR014W
4699,YMR015C
4700,YMR016C
4701,YMR017W
4702,YMR018W
4703,YMR019W
4704,YMR020W
4705,YMR021C
4706,YMR022W
4707,YMR023C
4708,YMR024W
4709,YMR025W
4710,YMR026C
4711,YMR027W
4712,YMR028W
4713,YMR029C
4714,YMR030W
4715,YMR030W-A
4716,YMR031C
4717,YMR031W-A
4718,YMR032W
4719,YMR033W
4720,YMR034C
4721,YMR035W
4722,YMR036C
4723,YMR037C
4724,YMR038C
4725,YMR039C
4726,YMR040W
4727,YMR041C
4728,YMR042W
4729,YMR043W
4730,YMR044W
4731,YMR045C
4732,YMR046C
4733,YMR047C
4734,YMR048W
4735,YMR049C
4736,YMR050C
4737,YMR051C
4738,YMR052C-A
4739,YMR052W
4740,YMR053C
4741,YMR054W
4742,YMR055C
4743,YMR056C
4744,YMR057C
4745,YMR058W
4746,YMR059W
4747,YMR060C
4748,YMR061W
4749,YMR062C
4750,YMR063W
4751,YMR064W
4752,YMR065W
4753,YMR066W
4754,YMR067C
4755,YMR068W
4756,YMR069W
4757,YMR070W
4758,YMR071C
4759,YMR072W
4760,YMR073C
4761,YMR074C
4762,YMR075C-A
4763,YMR075W
4764,YMR076C
4765,YMR077C
4766,YMR078C
4767,YMR079W
4768,YMR080C
4769,YMR081C
4770,YMR082C
4771,YMR083W
4772,YMR084W
4773,YMR085W
4774,YMR086W
4775,YMR087W
4776,YMR088C
4777,YMR089C
4778,YMR090W
4779,YMR091C
4780,YMR092C
4781,YMR093W
4782,YMR094W
4783,YMR095C
4784,YMR096W
4785,YMR097C
4786,YMR098C
4787,YMR099C
4788,YMR100W
4789,YMR101C
4790,YMR102C
4791,YMR103C
4792,YMR104C
4793,YMR105C
4794,YMR105W-A
4795,YMR106C
4796,YMR107W
4797,YMR108W
4798,YMR109W
4799,YMR110C
4800,YMR111C
4801,YMR112C
4802,YMR113W
4803,YMR114C
4804,YMR115W
4805,YMR116C
4806,YMR117C
4807,YMR118C
4808,YMR119W
4809,YMR119W-A
4810,YMR120C
4811,YMR121C
4812,YMR122C
4813,YMR122W-A
4814,YMR123W
4815,YMR124W
4816,YMR125W
4817,YMR126C
4818,YMR127C
4819,YMR128W
4820,YMR129W
4821,YMR130W
4822,YMR131C
4823,YMR132C
4824,YMR133W
4825,YMR134W
4826,YMR135C
4827,YMR136W
4828,YMR137C
4829,YMR138W
4830,YMR139W
4831,YMR140W
4832,YMR141C
4833,YMR141W-A
4834,YMR142C
4835,YMR143W
4836,YMR144W
4837,YMR145C
4838,YMR146C
4839,YMR147W
4840,YMR148W
4841,YMR149W
4842,YMR150C
4843,YMR151W
4844,YMR152W
4845,YMR153C-A
4846,YMR153W
4847,YMR154C
4848,YMR155W
4849,YMR156C
4850,YMR157C
4851,YMR158C-A
4852,YMR158W
4853,YMR158W-B
4854,YMR159C
4855,YMR160W
4856,YMR161W
4857,YMR162C
4858,YMR163C
4859,YMR164C
4860,YMR165C
4861,YMR166C
4862,YMR167W
4863,YMR168C
4864,YMR169C
4865,YMR170C
4866,YMR171C
4867,YMR172C-A
4868,YMR172W
4869,YMR173W
4870,YMR173W-A
4871,YMR174C
4872,YMR175W
4873,YMR175W-A
4874,YMR176W
4875,YMR177W
4876,YMR178W
4877,YMR179W
4878,YMR180C
4879,YMR181C
4880,YMR182C
4881,YMR182W-A
4882,YMR183C
4883,YMR184W
4884,YMR185W
4885,YMR186W
4886,YMR187C
4887,YMR188C
4888,YMR189W
4889,YMR190C
4890,YMR191W
4891,YMR192W
4892,YMR193W
4893,YMR194C-A
4894,YMR194C-B
4895,YMR194W
4896,YMR195W
4897,YMR196W
4898,YMR197C
4899,YMR198W
4900,YMR199W
4901,YMR200W
4902,YMR201C
4903,YMR202W
4904,YMR203W
4905,YMR204C
4906,YMR205C
4907,YMR206W
4908,YMR207C
4909,YMR208W
4910,YMR209C
4911,YMR210W
4912,YMR211W
4913,YMR212C
4914,YMR213W
4915,YMR214W
4916,YMR215W
4917,YMR216C
4918,YMR217W
4919,YMR218C
4920,YMR219W
4921,YMR220W
4922,YMR221C
4923,YMR222C
4924,YMR223W
4925,YMR224C
4926,YMR225C
4927,YMR226C
4928,YMR227C
4929,YMR228W
4930,YMR229C
4931,YMR230W
4932,YMR230W-A
4933,YMR231W
4934,YMR232W
4935,YMR233W
4936,YMR234W
4937,YMR235C
4938,YMR236W
4939,YMR237W
4940,YMR238W
4941,YMR239C
4942,YMR240C
4943,YMR241W
4944,YMR242C
4945,YMR242W-A
4946,YMR243C
4947,YMR244C-A
4948,YMR244W
4949,YMR245W
4950,YMR246W
4951,YMR247C
4952,YMR247W-A
4953,YMR250W
4954,YMR251W
4955,YMR251W-A
4956,YMR252C
4957,YMR253C
4958,YMR255W
4959,YMR256C
4960,YMR257C
4961,YMR258C
4962,YMR259C
4963,YMR260C
4964,YMR261C
4965,YMR262W
4966,YMR263W
4967,YMR264W
4968,YMR265C
4969,YMR266W
4970,YMR267W
4971,YMR268C
4972,YMR269W
4973,YMR270C
4974,YMR271C
4975,YMR272C
4976,YMR272W-A
4977,YMR272W-B
4978,YMR273C
4979,YMR274C
4980,YMR275C
4981,YMR276W
4982,YMR277W
4983,YMR278W
4984,YMR279C
4985,YMR280C
4986,YMR281W
4987,YMR282C
4988,YMR283C
4989,YMR284W
4990,YMR285C
4991,YMR286W
4992,YMR287C
4993,YMR288W
4994,YMR289W
4995,YMR290C
4996,YMR290W-A
4997,YMR291W
4998,YMR292W
4999,YMR293C
5000,YMR294W
5001,YMR294W-A
5002,YMR295C
5003,YMR296C
5004,YMR297W
5005,YMR298W
5006,YMR299C
5007,YMR300C
5008,YMR301C
5009,YMR302C
5010,YMR303C
5011,YMR304C-A
5012,YMR304W
5013,YMR305C
5014,YMR306C-A
5015,YMR306W
5016,YMR307C-A
5017,YMR307W
5018,YMR308C
5019,YMR309C
5020,YMR310C
5021,YMR311C
5022,YMR312W
5023,YMR313C
5024,YMR314W
5025,YMR315W
5026,YMR315W-A
5027,YMR316C-A
5028,YMR316C-B
5029,YMR316W
5030,YMR317W
5031,YMR318C
5032,YMR319C
5033,YMR320W
5034,YMR321C
5035,YMR322C
5036,YMR323W
5037,YMR324C
5038,YMR325W
5039,YMR326C
5040,YNL001W
5041,YNL002C
5042,YNL003C
5043,YNL004W
5044,YNL005C
5045,YNL006W
5046,YNL007C
5047,YNL008C
5048,YNL009W
5049,YNL010W
5050,YNL011C
5051,YNL012W
5052,YNL013C
5053,YNL014W
5054,YNL015W
5055,YNL016W
5056,YNL017C
5057,YNL018C
5058,YNL019C
5059,YNL020C
5060,YNL021W
5061,YNL022C
5062,YNL023C
5063,YNL024C
5064,YNL024C-A
5065,YNL025C
5066,YNL026W
5067,YNL027W
5068,YNL028W
5069,YNL029C
5070,YNL030W
5071,YNL031C
5072,YNL032W
5073,YNL033W
5074,YNL034W
5075,YNL035C
5076,YNL036W
5077,YNL037C
5078,YNL038W
5079,YNL039W
5080,YNL040W
5081,YNL041C
5082,YNL042W
5083,YNL042W-B
5084,YNL043C
5085,YNL044W
5086,YNL045W
5087,YNL046W
5088,YNL047C
5089,YNL048W
5090,YNL049C
5091,YNL050C
5092,YNL051W
5093,YNL052W
5094,YNL053W
5095,YNL054W
5096,YNL054W-A
5097,YNL055C
5098,YNL056W
5099,YNL058C
5100,YNL059C
5101,YNL061W
5102,YNL062C
5103,YNL063W
5104,YNL064C
5105,YNL065W
5106,YNL066W
5107,YNL067W
5108,YNL067W-B
5109,YNL068C
5110,YNL069C
5111,YNL070W
5112,YNL071W
5113,YNL072W
5114,YNL073W
5115,YNL074C
5116,YNL075W
5117,YNL076W
5118,YNL077W
5119,YNL078W
5120,YNL079C
5121,YNL080C
5122,YNL081C
5123,YNL082W
5124,YNL083W
5125,YNL084C
5126,YNL085W
5127,YNL086W
5128,YNL087W
5129,YNL088W
5130,YNL089C
5131,YNL090W
5132,YNL091W
5133,YNL092W
5134,YNL093W
5135,YNL094W
5136,YNL095C
5137,YNL096C
5138,YNL097C
5139,YNL097C-B
5140,YNL097W-A
5141,YNL098C
5142,YNL099C
5143,YNL100W
5144,YNL101W
5145,YNL102W
5146,YNL103W
5147,YNL103W-A
5148,YNL104C
5149,YNL105W
5150,YNL106C
5151,YNL107W
5152,YNL108C
5153,YNL109W
5154,YNL110C
5155,YNL111C
5156,YNL112W
5157,YNL113W
5158,YNL114C
5159,YNL115C
5160,YNL116W
5161,YNL117W
5162,YNL118C
5163,YNL119W
5164,YNL121C
5165,YNL122C
5166,YNL123W
5167,YNL124W
5168,YNL125C
5169,YNL126W
5170,YNL127W
5171,YNL128W
5172,YNL129W
5173,YNL130C
5174,YNL130C-A
5175,YNL131W
5176,YNL132W
5177,YNL133C
5178,YNL134C
5179,YNL135C
5180,YNL136W
5181,YNL137C
5182,YNL138W
5183,YNL138W-A
5184,YNL139C
5185,YNL140C
5186,YNL141W
5187,YNL142W
5188,YNL143C
5189,YNL144C
5190,YNL144W-A
5191,YNL145W
5192,YNL146C-A
5193,YNL146W
5194,YNL147W
5195,YNL148C
5196,YNL149C
5197,YNL150W
5198,YNL151C
5199,YNL152W
5200,YNL153C
5201,YNL154C
5202,YNL155W
5203,YNL156C
5204,YNL157W
5205,YNL158W
5206,YNL159C
5207,YNL160W
5208,YNL161W
5209,YNL162W
5210,YNL162W-A
5211,YNL163C
5212,YNL164C
5213,YNL165W
5214,YNL166C
5215,YNL167C
5216,YNL168C
5217,YNL169C
5218,YNL171C
5219,YNL172W
5220,YNL173C
5221,YNL174W
5222,YNL175C
5223,YNL176C
5224,YNL177C
5225,YNL178W
5226,YNL179C
5227,YNL180C
5228,YNL181W
5229,YNL182C
5230,YNL183C
5231,YNL184C
5232,YNL185C
5233,YNL186W
5234,YNL187W
5235,YNL188W
5236,YNL189W
5237,YNL190W
5238,YNL191W
5239,YNL192W
5240,YNL193W
5241,YNL194C
5242,YNL195C
5243,YNL196C
5244,YNL197C
5245,YNL198C
5246,YNL199C
5247,YNL200C
5248,YNL201C
5249,YNL202W
5250,YNL203C
5251,YNL204C
5252,YNL206C
5253,YNL207W
5254,YNL208W
5255,YNL209W
5256,YNL210W
5257,YNL211C
5258,YNL212W
5259,YNL213C
5260,YNL214W
5261,YNL215W
5262,YNL216W
5263,YNL217W
5264,YNL218W
5265,YNL219C
5266,YNL220W
5267,YNL221C
5268,YNL222W
5269,YNL223W
5270,YNL224C
5271,YNL225C
5272,YNL226W
5273,YNL227C
5274,YNL228W
5275,YNL229C
5276,YNL230C
5277,YNL231C
5278,YNL232W
5279,YNL233W
5280,YNL234W
5281,YNL235C
5282,YNL236W
5283,YNL237W
5284,YNL238W
5285,YNL239W
5286,YNL240C
5287,YNL241C
5288,YNL242W
5289,YNL243W
5290,YNL244C
5291,YNL245C
5292,YNL246W
5293,YNL247W
5294,YNL248C
5295,YNL249C
5296,YNL250W
5297,YNL251C
5298,YNL252C
5299,YNL253W
5300,YNL254C
5301,YNL255C
5302,YNL256W
5303,YNL257C
5304,YNL258C
5305,YNL259C
5306,YNL260C
5307,YNL261W
5308,YNL262W
5309,YNL263C
5310,YNL264C
5311,YNL265C
5312,YNL266W
5313,YNL267W
5314,YNL268W
5315,YNL269W
5316,YNL270C
5317,YNL271C
5318,YNL272C
5319,YNL273W
5320,YNL274C
5321,YNL275W
5322,YNL276C
5323,YNL277W
5324,YNL277W-A
5325,YNL278W
5326,YNL279W
5327,YNL280C
5328,YNL281W
5329,YNL282W
5330,YNL283C
5331,YNL284C
5332,YNL284C-A
5333,YNL284C-B
5334,YNL285W
5335,YNL286W
5336,YNL287W
5337,YNL288W
5338,YNL289W
5339,YNL290W
5340,YNL291C
5341,YNL292W
5342,YNL293W
5343,YNL294C
5344,YNL295W
5345,YNL296W
5346,YNL297C
5347,YNL298W
5348,YNL299W
5349,YNL300W
5350,YNL301C
5351,YNL302C
5352,YNL303W
5353,YNL304W
5354,YNL305C
5355,YNL306W
5356,YNL307C
5357,YNL308C
5358,YNL309W
5359,YNL310C
5360,YNL311C
5361,YNL312W
5362,YNL313C
5363,YNL314W
5364,YNL315C
5365,YNL316C
5366,YNL317W
5367,YNL318C
5368,YNL319W
5369,YNL320W
5370,YNL321W
5371,YNL322C
5372,YNL323W
5373,YNL324W
5374,YNL325C
5375,YNL326C
5376,YNL327W
5377,YNL328C
5378,YNL329C
5379,YNL330C
5380,YNL331C
5381,YNL332W
5382,YNL333W
5383,YNL334C
5384,YNL335W
5385,YNL336W
5386,YNL337W
5387,YNL338W
5388,YNL339C
5389,YNL339W-A
5390,YNL339W-B
5391,YNR001C
5392,YNR002C
5393,YNR003C
5394,YNR003W-A
5395,YNR004W
5396,YNR005C
5397,YNR006W
5398,YNR007C
5399,YNR008W
5400,YNR009W
5401,YNR010W
5402,YNR011C
5403,YNR012W
5404,YNR013C
5405,YNR014W
5406,YNR015W
5407,YNR016C
5408,YNR017W
5409,YNR018W
5410,YNR019W
5411,YNR020C
5412,YNR021W
5413,YNR022C
5414,YNR023W
5415,YNR024W
5416,YNR025C
5417,YNR026C
5418,YNR027W
5419,YNR028W
5420,YNR029C
5421,YNR030W
5422,YNR031C
5423,YNR032C-A
5424,YNR032W
5425,YNR033W
5426,YNR034W
5427,YNR034W-A
5428,YNR035C
5429,YNR036C
5430,YNR037C
5431,YNR038W
5432,YNR039C
5433,YNR040W
5434,YNR041C
5435,YNR042W
5436,YNR043W
5437,YNR044W
5438,YNR045W
5439,YNR046W
5440,YNR047W
5441,YNR048W
5442,YNR049C
5443,YNR050C
5444,YNR051C
5445,YNR052C
5446,YNR053C
5447,YNR054C
5448,YNR055C
5449,YNR056C
5450,YNR057C
5451,YNR058W
5452,YNR059W
5453,YNR060W
5454,YNR061C
5455,YNR062C
5456,YNR063W
5457,YNR064C
5458,YNR065C
5459,YNR066C
5460,YNR067C
5461,YNR068C
5462,YNR069C
5463,YNR070W
5464,YNR071C
5465,YNR072W
5466,YNR073C
5467,YNR074C
5468,YNR075C-A
5469,YNR075W
5470,YNR076W
5471,YNR077C
5472,YOL001W
5473,YOL002C
5474,YOL003C
5475,YOL004W
5476,YOL005C
5477,YOL006C
5478,YOL007C
5479,YOL008W
5480,YOL009C
5481,YOL010W
5482,YOL011W
5483,YOL012C
5484,YOL013C
5485,YOL013W-A
5486,YOL014W
5487,YOL015W
5488,YOL016C
5489,YOL017W
5490,YOL018C
5491,YOL019W
5492,YOL019W-A
5493,YOL020W
5494,YOL021C
5495,YOL022C
5496,YOL023W
5497,YOL024W
5498,YOL025W
5499,YOL026C
5500,YOL027C
5501,YOL028C
5502,YOL029C
5503,YOL030W
5504,YOL031C
5505,YOL032W
5506,YOL033W
5507,YOL034W
5508,YOL035C
5509,YOL036W
5510,YOL037C
5511,YOL038W
5512,YOL039W
5513,YOL040C
5514,YOL041C
5515,YOL042W
5516,YOL043C
5517,YOL044W
5518,YOL045W
5519,YOL046C
5520,YOL047C
5521,YOL048C
5522,YOL049W
5523,YOL050C
5524,YOL051W
5525,YOL052C
5526,YOL052C-A
5527,YOL053W
5528,YOL054W
5529,YOL055C
5530,YOL056W
5531,YOL057W
5532,YOL058W
5533,YOL059W
5534,YOL060C
5535,YOL061W
5536,YOL062C
5537,YOL063C
5538,YOL064C
5539,YOL065C
5540,YOL066C
5541,YOL067C
5542,YOL068C
5543,YOL069W
5544,YOL070C
5545,YOL071W
5546,YOL072W
5547,YOL073C
5548,YOL075C
5549,YOL076W
5550,YOL077C
5551,YOL077W-A
5552,YOL078W
5553,YOL080C
5554,YOL081W
5555,YOL082W
5556,YOL083W
5557,YOL084W
5558,YOL085C
5559,YOL085W-A
5560,YOL086C
5561,YOL086W-A
5562,YOL087C
5563,YOL088C
5564,YOL089C
5565,YOL090W
5566,YOL091W
5567,YOL092W
5568,YOL093W
5569,YOL094C
5570,YOL095C
5571,YOL096C
5572,YOL097C
5573,YOL097W-A
5574,YOL098C
5575,YOL099C
5576,YOL100W
5577,YOL101C
5578,YOL102C
5579,YOL103W
5580,YOL103W-A
5581,YOL103W-B
5582,YOL104C
5583,YOL105C
5584,YOL106W
5585,YOL107W
5586,YOL108C
5587,YOL109W
5588,YOL110W
5589,YOL111C
5590,YOL112W
5591,YOL113W
5592,YOL114C
5593,YOL115W
5594,YOL116W
5595,YOL117W
5596,YOL118C
5597,YOL119C
5598,YOL120C
5599,YOL121C
5600,YOL122C
5601,YOL123W
5602,YOL124C
5603,YOL125W
5604,YOL126C
5605,YOL127W
5606,YOL128C
5607,YOL129W
5608,YOL130W
5609,YOL131W
5610,YOL132W
5611,YOL133W
5612,YOL134C
5613,YOL135C
5614,YOL136C
5615,YOL137W
5616,YOL138C
5617,YOL139C
5618,YOL140W
5619,YOL141W
5620,YOL142W
5621,YOL143C
5622,YOL144W
5623,YOL145C
5624,YOL146W
5625,YOL147C
5626,YOL148C
5627,YOL149W
5628,YOL150C
5629,YOL151W
5630,YOL152W
5631,YOL154W
5632,YOL155C
5633,YOL155W-A
5634,YOL156W
5635,YOL157C
5636,YOL158C
5637,YOL159C
5638,YOL159C-A
5639,YOL160W
5640,YOL161C
5641,YOL162W
5642,YOL163W
5643,YOL164W
5644,YOL164W-A
5645,YOL165C
5646,YOL166C
5647,YOL166W-A
5648,YOR001W
5649,YOR002W
5650,YOR003W
5651,YOR004W
5652,YOR005C
5653,YOR006C
5654,YOR007C
5655,YOR008C
5656,YOR008C-A
5657,YOR009W
5658,YOR010C
5659,YOR011W
5660,YOR011W-A
5661,YOR012W
5662,YOR013W
5663,YOR014W
5664,YOR015W
5665,YOR016C
5666,YOR017W
5667,YOR018W
5668,YOR019W
5669,YOR020C
5670,YOR020W-A
5671,YOR021C
5672,YOR022C
5673,YOR023C
5674,YOR024W
5675,YOR025W
5676,YOR026W
5677,YOR027W
5678,YOR028C
5679,YOR029W
5680,YOR030W
5681,YOR031W
5682,YOR032C
5683,YOR032W-A
5684,YOR033C
5685,YOR034C
5686,YOR034C-A
5687,YOR035C
5688,YOR036W
5689,YOR037W
5690,YOR038C
5691,YOR039W
5692,YOR040W
5693,YOR041C
5694,YOR042W
5695,YOR043W
5696,YOR044W
5697,YOR045W
5698,YOR046C
5699,YOR047C
5700,YOR048C
5701,YOR049C
5702,YOR050C
5703,YOR051C
5704,YOR052C
5705,YOR053W
5706,YOR054C
5707,YOR055W
5708,YOR056C
5709,YOR057W
5710,YOR058C
5711,YOR059C
5712,YOR060C
5713,YOR061W
5714,YOR062C
5715,YOR063W
5716,YOR064C
5717,YOR065W
5718,YOR066W
5719,YOR067C
5720,YOR068C
5721,YOR069W
5722,YOR070C
5723,YOR071C
5724,YOR072W
5725,YOR072W-A
5726,YOR072W-B
5727,YOR073W
5728,YOR073W-A
5729,YOR074C
5730,YOR075W
5731,YOR076C
5732,YOR077W
5733,YOR078W
5734,YOR079C
5735,YOR080W
5736,YOR081C
5737,YOR082C
5738,YOR083W
5739,YOR084W
5740,YOR085W
5741,YOR086C
5742,YOR087W
5743,YOR089C
5744,YOR090C
5745,YOR091W
5746,YOR092W
5747,YOR093C
5748,YOR094W
5749,YOR095C
5750,YOR096W
5751,YOR097C
5752,YOR098C
5753,YOR099W
5754,YOR100C
5755,YOR101W
5756,YOR102W
5757,YOR103C
5758,YOR104W
5759,YOR105W
5760,YOR106W
5761,YOR107W
5762,YOR108W
5763,YOR109W
5764,YOR110W
5765,YOR111W
5766,YOR112W
5767,YOR113W
5768,YOR114W
5769,YOR115C
5770,YOR116C
5771,YOR117W
5772,YOR118W
5773,YOR119C
5774,YOR120W
5775,YOR121C
5776,YOR122C
5777,YOR123C
5778,YOR124C
5779,YOR125C
5780,YOR126C
5781,YOR127W
5782,YOR128C
5783,YOR129C
5784,YOR130C
5785,YOR131C
5786,YOR132W
5787,YOR133W
5788,YOR134W
5789,YOR135C
5790,YOR136W
5791,YOR137C
5792,YOR138C
5793,YOR139C
5794,YOR140W
5795,YOR141C
5796,YOR142W
5797,YOR142W-A
5798,YOR142W-B
5799,YOR143C
5800,YOR144C
5801,YOR145C
5802,YOR146W
5803,YOR147W
5804,YOR148C
5805,YOR149C
5806,YOR150W
5807,YOR151C
5808,YOR152C
5809,YOR153W
5810,YOR154W
5811,YOR155C
5812,YOR156C
5813,YOR157C
5814,YOR158W
5815,YOR159C
5816,YOR160W
5817,YOR161C
5818,YOR162C
5819,YOR163W
5820,YOR164C
5821,YOR165W
5822,YOR166C
5823,YOR167C
5824,YOR168W
5825,YOR169C
5826,YOR170W
5827,YOR171C
5828,YOR172W
5829,YOR173W
5830,YOR174W
5831,YOR175C
5832,YOR176W
5833,YOR177C
5834,YOR178C
5835,YOR179C
5836,YOR180C
5837,YOR181W
5838,YOR182C
5839,YOR183W
5840,YOR184W
5841,YOR185C
5842,YOR186W
5843,YOR187W
5844,YOR188W
5845,YOR189W
5846,YOR190W
5847,YOR191W
5848,YOR192C
5849,YOR192C-A
5850,YOR192C-B
5851,YOR192C-C
5852,YOR193W
5853,YOR194C
5854,YOR195W
5855,YOR196C
5856,YOR197W
5857,YOR198C
5858,YOR200W
5859,YOR201C
5860,YOR202W
5861,YOR203W
5862,YOR204W
5863,YOR205C
5864,YOR206W
5865,YOR207C
5866,YOR208W
5867,YOR209C
5868,YOR210W
5869,YOR211C
5870,YOR212W
5871,YOR213C
5872,YOR214C
5873,YOR215C
5874,YOR216C
5875,YOR217W
5876,YOR218C
5877,YOR219C
5878,YOR220W
5879,YOR221C
5880,YOR222W
5881,YOR223W
5882,YOR224C
5883,YOR225W
5884,YOR226C
5885,YOR227W
5886,YOR228C
5887,YOR229W
5888,YOR230W
5889,YOR231C-A
5890,YOR231W
5891,YOR232W
5892,YOR233W
5893,YOR234C
5894,YOR235W
5895,YOR236W
5896,YOR237W
5897,YOR238W
5898,YOR239W
5899,YOR241W
5900,YOR242C
5901,YOR243C
5902,YOR244W
5903,YOR245C
5904,YOR246C
5905,YOR247W
5906,YOR248W
5907,YOR249C
5908,YOR250C
5909,YOR251C
5910,YOR252W
5911,YOR253W
5912,YOR254C
5913,YOR255W
5914,YOR256C
5915,YOR257W
5916,YOR258W
5917,YOR259C
5918,YOR260W
5919,YOR261C
5920,YOR262W
5921,YOR263C
5922,YOR264W
5923,YOR265W
5924,YOR266W
5925,YOR267C
5926,YOR268C
5927,YOR269W
5928,YOR270C
5929,YOR271C
5930,YOR272W
5931,YOR273C
5932,YOR274W
5933,YOR275C
5934,YOR276W
5935,YOR277C
5936,YOR278W
5937,YOR279C
5938,YOR280C
5939,YOR281C
5940,YOR282W
5941,YOR283W
5942,YOR284W
5943,YOR285W
5944,YOR286W
5945,YOR287C
5946,YOR288C
5947,YOR289W
5948,YOR290C
5949,YOR291W
5950,YOR292C
5951,YOR293C-A
5952,YOR293W
5953,YOR294W
5954,YOR295W
5955,YOR296W
5956,YOR297C
5957,YOR298C-A
5958,YOR298W
5959,YOR299W
5960,YOR300W
5961,YOR301W
5962,YOR302W
5963,YOR303W
5964,YOR304C-A
5965,YOR304W
5966,YOR305W
5967,YOR306C
5968,YOR307C
5969,YOR308C
5970,YOR309C
5971,YOR310C
5972,YOR311C
5973,YOR312C
5974,YOR313C
5975,YOR314W
5976,YOR315W
5977,YOR316C
5978,YOR316C-A
5979,YOR317W
5980,YOR318C
5981,YOR319W
5982,YOR320C
5983,YOR321W
5984,YOR322C
5985,YOR323C
5986,YOR324C
5987,YOR325W
5988,YOR326W
5989,YOR327C
5990,YOR328W
5991,YOR329C
5992,YOR330C
5993,YOR331C
5994,YOR332W
5995,YOR333C
5996,YOR334W
5997,YOR335C
5998,YOR335W-A
5999,YOR336W
6000,YOR337W
6001,YOR338W
6002,YOR339C
6003,YOR340C
6004,YOR341W
6005,YOR342C
6006,YOR343C
6007,YOR343W-A
6008,YOR343W-B
6009,YOR344C
6010,YOR345C
6011,YOR346W
6012,YOR347C
6013,YOR348C
6014,YOR349W
6015,YOR350C
6016,YOR351C
6017,YOR352W
6018,YOR353C
6019,YOR354C
6020,YOR355W
6021,YOR356W
6022,YOR357C
6023,YOR358W
6024,YOR359W
6025,YOR360C
6026,YOR361C
6027,YOR362C
6028,YOR363C
6029,YOR364W
6030,YOR365C
6031,YOR366W
6032,YOR367W
6033,YOR368W
6034,YOR369C
6035,YOR370C
6036,YOR371C
6037,YOR372C
6038,YOR373W
6039,YOR374W
6040,YOR375C
6041,YOR376W
6042,YOR376W-A
6043,YOR377W
6044,YOR378W
6045,YOR379C
6046,YOR380W
6047,YOR381W
6048,YOR381W-A
6049,YOR382W
6050,YOR383C
6051,YOR384W
6052,YOR385W
6053,YOR386W
6054,YOR387C
6055,YOR388C
6056,YOR389W
6057,YOR390W
6058,YOR391C
6059,YOR392W
6060,YOR393W
6061,YOR394C-A
6062,YOR394W
6063,YOR396C-A
6064,YOR396W
6065,YPL001W
6066,YPL002C
6067,YPL003W
6068,YPL004C
6069,YPL005W
6070,YPL006W
6071,YPL007C
6072,YPL008W
6073,YPL009C
6074,YPL010W
6075,YPL011C
6076,YPL012W
6077,YPL013C
6078,YPL014W
6079,YPL015C
6080,YPL016W
6081,YPL017C
6082,YPL018W
6083,YPL019C
6084,YPL020C
6085,YPL021W
6086,YPL022W
6087,YPL023C
6088,YPL024W
6089,YPL025C
6090,YPL026C
6091,YPL027W
6092,YPL028W
6093,YPL029W
6094,YPL030W
6095,YPL031C
6096,YPL032C
6097,YPL033C
6098,YPL034W
6099,YPL035C
6100,YPL036W
6101,YPL037C
6102,YPL038W
6103,YPL038W-A
6104,YPL039W
6105,YPL040C
6106,YPL041C
6107,YPL042C
6108,YPL043W
6109,YPL044C
6110,YPL045W
6111,YPL046C
6112,YPL047W
6113,YPL048W
6114,YPL049C
6115,YPL050C
6116,YPL051W
6117,YPL052W
6118,YPL053C
6119,YPL054W
6120,YPL055C
6121,YPL056C
6122,YPL057C
6123,YPL058C
6124,YPL059W
6125,YPL060W
6126,YPL061W
6127,YPL062W
6128,YPL063W
6129,YPL064C
6130,YPL065W
6131,YPL066W
6132,YPL067C
6133,YPL068C
6134,YPL069C
6135,YPL070W
6136,YPL071C
6137,YPL072W
6138,YPL073C
6139,YPL074W
6140,YPL075W
6141,YPL076W
6142,YPL077C
6143,YPL078C
6144,YPL079W
6145,YPL081W
6146,YPL082C
6147,YPL083C
6148,YPL084W
6149,YPL085W
6150,YPL086C
6151,YPL087W
6152,YPL088W
6153,YPL089C
6154,YPL090C
6155,YPL091W
6156,YPL092W
6157,YPL093W
6158,YPL094C
6159,YPL095C
6160,YPL096C-A
6161,YPL096W
6162,YPL097W
6163,YPL098C
6164,YPL099C
6165,YPL100W
6166,YPL101W
6167,YPL102C
6168,YPL103C
6169,YPL104W
6170,YPL105C
6171,YPL106C
6172,YPL107W
6173,YPL108W
6174,YPL109C
6175,YPL110C
6176,YPL111W
6177,YPL112C
6178,YPL113C
6179,YPL114W
6180,YPL115C
6181,YPL116W
6182,YPL117C
6183,YPL118W
6184,YPL119C
6185,YPL119C-A
6186,YPL120W
6187,YPL121C
6188,YPL122C
6189,YPL123C
6190,YPL124W
6191,YPL125W
6192,YPL126W
6193,YPL127C
6194,YPL128C
6195,YPL129W
6196,YPL130W
6197,YPL131W
6198,YPL132W
6199,YPL133C
6200,YPL134C
6201,YPL135W
6202,YPL136W
6203,YPL137C
6204,YPL138C
6205,YPL139C
6206,YPL140C
6207,YPL141C
6208,YPL142C
6209,YPL143W
6210,YPL144W
6211,YPL145C
6212,YPL146C
6213,YPL147W
6214,YPL148C
6215,YPL149W
6216,YPL150W
6217,YPL151C
6218,YPL152W
6219,YPL152W-A
6220,YPL153C
6221,YPL154C
6222,YPL155C
6223,YPL156C
6224,YPL157W
6225,YPL158C
6226,YPL159C
6227,YPL160W
6228,YPL161C
6229,YPL162C
6230,YPL163C
6231,YPL164C
6232,YPL165C
6233,YPL166W
6234,YPL167C
6235,YPL168W
6236,YPL169C
6237,YPL170W
6238,YPL171C
6239,YPL172C
6240,YPL173W
6241,YPL174C
6242,YPL175W
6243,YPL176C
6244,YPL177C
6245,YPL178W
6246,YPL179W
6247,YPL180W
6248,YPL181W
6249,YPL182C
6250,YPL183C
6251,YPL183W-A
6252,YPL184C
6253,YPL185W
6254,YPL186C
6255,YPL187W
6256,YPL188W
6257,YPL189C-A
6258,YPL189W
6259,YPL190C
6260,YPL191C
6261,YPL192C
6262,YPL193W
6263,YPL194W
6264,YPL195W
6265,YPL196W
6266,YPL197C
6267,YPL198W
6268,YPL199C
6269,YPL200W
6270,YPL201C
6271,YPL202C
6272,YPL203W
6273,YPL204W
6274,YPL205C
6275,YPL206C
6276,YPL207W
6277,YPL208W
6278,YPL209C
6279,YPL210C
6280,YPL211W
6281,YPL212C
6282,YPL213W
6283,YPL214C
6284,YPL215W
6285,YPL216W
6286,YPL217C
6287,YPL218W
6288,YPL219W
6289,YPL220W
6290,YPL221W
6291,YPL222C-A
6292,YPL222W
6293,YPL223C
6294,YPL224C
6295,YPL225W
6296,YPL226W
6297,YPL227C
6298,YPL228W
6299,YPL229W
6300,YPL230W
6301,YPL231W
6302,YPL232W
6303,YPL233W
6304,YPL234C
6305,YPL235W
6306,YPL236C
6307,YPL237W
6308,YPL238C
6309,YPL239W
6310,YPL240C
6311,YPL241C
6312,YPL242C
6313,YPL243W
6314,YPL244C
6315,YPL245W
6316,YPL246C
6317,YPL247C
6318,YPL248C
6319,YPL249C
6320,YPL249C-A
6321,YPL250C
6322,YPL250W-A
6323,YPL251W
6324,YPL252C
6325,YPL253C
6326,YPL254W
6327,YPL255W
6328,YPL256C
6329,YPL257W
6330,YPL257W-A
6331,YPL257W-B
6332,YPL258C
6333,YPL259C
6334,YPL260W
6335,YPL261C
6336,YPL262W
6337,YPL263C
6338,YPL264C
6339,YPL265W
6340,YPL266W
6341,YPL267W
6342,YPL268W
6343,YPL269W
6344,YPL270W
6345,YPL271W
6346,YPL272C
6347,YPL273W
6348,YPL274W
6349,YPL277C
6350,YPL278C
6351,YPL279C
6352,YPL280W
6353,YPL281C
6354,YPL282C
6355,YPL283C
6356,YPL283W-A
6357,YPL283W-B
6358,YPR001W
6359,YPR002W
6360,YPR003C
6361,YPR004C
6362,YPR005C
6363,YPR006C
6364,YPR007C
6365,YPR008W
6366,YPR009W
6367,YPR010C
6368,YPR010C-A
6369,YPR011C
6370,YPR013C
6371,YPR014C
6372,YPR015C
6373,YPR016C
6374,YPR017C
6375,YPR018W
6376,YPR019W
6377,YPR020W
6378,YPR021C
6379,YPR022C
6380,YPR023C
6381,YPR024W
6382,YPR025C
6383,YPR026W
6384,YPR027C
6385,YPR028W
6386,YPR029C
6387,YPR030W
6388,YPR031W
6389,YPR032W
6390,YPR033C
6391,YPR034W
6392,YPR035W
6393,YPR036W
6394,YPR036W-A
6395,YPR037C
6396,YPR038W
6397,YPR039W
6398,YPR040W
6399,YPR041W
6400,YPR042C
6401,YPR043W
6402,YPR044C
6403,YPR045C
6404,YPR046W
6405,YPR047W
6406,YPR048W
6407,YPR049C
6408,YPR050C
6409,YPR051W
6410,YPR052C
6411,YPR053C
6412,YPR054W
6413,YPR055W
6414,YPR056W
6415,YPR057W
6416,YPR058W
6417,YPR059C
6418,YPR060C
6419,YPR061C
6420,YPR062W
6421,YPR063C
6422,YPR064W
6423,YPR065W
6424,YPR066W
6425,YPR067W
6426,YPR068C
6427,YPR069C
6428,YPR070W
6429,YPR071W
6430,YPR072W
6431,YPR073C
6432,YPR074C
6433,YPR075C
6434,YPR076W
6435,YPR077C
6436,YPR078C
6437,YPR079W
6438,YPR080W
6439,YPR081C
6440,YPR082C
6441,YPR083W
6442,YPR084W
6443,YPR085C
6444,YPR086W
6445,YPR087W
6446,YPR088C
6447,YPR089W
6448,YPR091C
6449,YPR093C
6450,YPR094W
6451,YPR095C
6452,YPR096C
6453,YPR097W
6454,YPR098C
6455,YPR099C
6456,YPR100W
6457,YPR101W
6458,YPR102C
6459,YPR103W
6460,YPR104C
6461,YPR105C
6462,YPR106W
6463,YPR107C
6464,YPR108W
6465,YPR108W-A
6466,YPR109W
6467,YPR110C
6468,YPR111W
6469,YPR112C
6470,YPR113W
6471,YPR114W
6472,YPR115W
6473,YPR116W
6474,YPR117W
6475,YPR118W
6476,YPR119W
6477,YPR120C
6478,YPR121W
6479,YPR122W
6480,YPR123C
6481,YPR124W
6482,YPR125W
6483,YPR126C
6484,YPR127W
6485,YPR128C
6486,YPR129W
6487,YPR130C
6488,YPR131C
6489,YPR132W
6490,YPR133C
6491,YPR133W-A
6492,YPR134W
6493,YPR135W
6494,YPR136C
6495,YPR137C-A
6496,YPR137C-B
6497,YPR137W
6498,YPR138C
6499,YPR139C
6500,YPR140W
6501,YPR141C
6502,YPR142C
6503,YPR143W
6504,YPR144C
6505,YPR145C-A
6506,YPR145W
6507,YPR147C
6508,YPR148C
6509,YPR149W
6510,YPR150W
6511,YPR151C
6512,YPR152C
6513,YPR153W
6514,YPR154W
6515,YPR155C
6516,YPR156C
6517,YPR157W
6518,YPR158C-C
6519,YPR158C-D
6520,YPR158W
6521,YPR158W-A
6522,YPR158W-B
6523,YPR159C-A
6524,YPR159W
6525,YPR160W
6526,YPR161C
6527,YPR162C
6528,YPR163C
6529,YPR164W
6530,YPR165W
6531,YPR166C
6532,YPR167C
6533,YPR168W
6534,YPR169W
6535,YPR169W-A
6536,YPR170C
6537,YPR170W-A
6538,YPR170W-B
6539,YPR171W
6540,YPR172W
6541,YPR173C
6542,YPR174C
6543,YPR175W
6544,YPR176C
6545,YPR177C
6546,YPR178W
6547,YPR179C
6548,YPR180W
6549,YPR181C
6550,YPR182W
6551,YPR183W
6552,YPR184W
6553,YPR185W
6554,YPR186C
6555,YPR187W
6556,YPR188C
6557,YPR189W
6558,YPR190C
6559,YPR191W
6560,YPR192W
6561,YPR193C
6562,YPR194C
6563,YPR195C
6564,YPR196W
6565,YPR197C
6566,YPR198W
6567,YPR199C
6568,YPR200C
6569,YPR201W
6570,YPR202W
6571,YPR203W
6572,YPR204C-A
6573,YPR204W
